transaction_id,input_addresses,input_values,output_addresses,output_values
61e2c93bb0765a7af197778d7d63bec2d3877d867a1ae6051b53b70a9cad4146,bc1qh8yrh3jpz8n3kkdwgmc9dgxcrvttgpwrazf5ut,4392359,bc1qkp8fz8rg5ttxga5n9h9vl5346c8p2gx7u25vaw;bc1qyh3hdjtly0cmy94nvnwg374rucc2f9qhhlcsr5;3vcnaXVVAu7nZNeey5JPYw8EWawBXVKGHp,332170;117200;3939191
1151cf5a3eeaf7254f04896c611240521ed2b906178d87588022ef2ce1f1f24a,1sf42yA1H442kvhuxHTzftp6EmpS4DD4JN,25293543,bc1q8xwdg8awm3pl6lam90xvpvlgewd7l3kyf7j3hp;1tVw4vR44RpWzz35EyjgEjg8DsVW1Cy6xv,16748544;8539918
05a737fb31fa4d637f93bb18c8fc5abc09ae8c56e6882fa3879fd940dd12477a,bc1qut96knl5q6f47yrr3gnkx5g0umzdgqc5gh3dqz,383555,3UxQz98iUNRUdf6MTpB9VSYPT2JkVNSPgM;bc1qvp0xat6m84vgzcts462qugjlpntedlruxpdse4,237793;144737
3bbff9e81100b6277183c47e03a8a2921b8e65c7bbab5aa6aa96eed101c32bff,bc1qtz422mhffdvfyd74unf3qfdj5wwx0ue9zs526c,189441,3jN93ZBLsTzHop9FTRTMdNGsyV88swyjKr;bc1pudaw9mwc6gc08wk82uzyvyxd2wp6vc7quj07fvu63heu0g0v4eh6al3aj4,81021;108129
4ec08fe076c5789b1818cfd24a7d0c225ace52e55a6044b1a43da3e20bfb2068,bc1q9g2w2ug7d60hp78z7pq86n80r7wgtn7kc9fjaj;bc1qvkzk5rcmnrletdts2m6r756kdh7ge30dhgm6zu,201032282;2645752,bc1qcj42020tggnu3sx8d380kwqfv84t3tl3twf8h2;bc1p3c9x0hlsfrx89q3gl3kym0mj0w9p706vz5pyjflrcne8swwmlfnnh7xx49,169692017;33919290
2349f61d18dabb24cd2f7e690085fe03666219d09df44696e2aa14bf3220b105,bc1qdk0pffmz8gejexr8ygypen6awwfvg3wnuhnq84,361755,1A2LPzLbwrhZrPYtpj7apuEpL36f7LSP1S;bc1qdxtc5cx3awkrln8933zlawr60ksg6l83vasumg;bc1q2egqh6j4mw02cvaml8vmd20avle5y7y72rmraq,150041;33664;176800
90ee4791a216aa0774d965273a488cac72e0c4caffb593b67086c71b7e621bd4,bc1qzegnvz24375u03n84f8zlckr9fq2ptd8d499nv,671059,3eU9sff1NUFarmADqfRcouezzZiYEgyFK3;3KQULeNdcfKLF86C3M2n8UjqcMSnvgaVWY;bc1qh2r7y7mhl7eteq3w44j67r8qu3a8z6afdy7f0r,331801;114101;224237
0f483044bae5abbd57253680126354d755e424e4a5b81d96382e5060d3179016,bc1qt7k3jhu56n7gkxw8tltu5pg776zx5lp2lex63j,5266798,bc1q2yuqmyyg94qqe829phsh0csrs7pemsw7p0v40a;bc1qu2yynjkvnfsder5u3mdud6vh22g740zzdhtyp7,4342609;921378
9e6ee15596ffd18234e2332da20b147168283bab8b6912ec30e349a5bac5c26b,bc1qt4cmh7ntjx48rmtcjeml6n5qa6g9kf2qmjvy5q,1694226,bc1psvw9f27nuycpzwdndxstr4jsf8lpx7ccfr0dy3834tvhdwz2dv5fv797wk;bc1qzm8jsvf229srsuth668yxnc59c0ccwaj5nm5yz,1353389;338414
ab6fcdab2725972acd0fd260692041972f68e9a830efd3e1602837cfbe0e9a35,bc1qjtzwptf5lznvj7hpajxns7we6lz5pklsntavc4,2299421,bc1qe5zr4fh4am2jyt7kvn7fve646h4s5dtt9x708y;bc1qfes3hs4unny9knuhpthlnce887eux4jwccsd9x,1713455;584896
b36b9d63ef8337bc5ca7a3340284fba6125252b4ffc9092ed6fb523dee2de22a,bc1q5m3rmmfcguyd78wtqps8ltqa65eyf6kykwqzg6,556729,1WBqMe8eDC4QuxCzHh1mzbEwmXxMv2S3on,554449
47aef3776491291aadac6cb72cfab9b2b6109011dd49141ac45115a5e0b6613f,bc1qth5ch2p369cwk5ezcwfpxpasl3gcxtcm2rtuhu;bc1q29ktegzddl9fr2fwk9wwhand5ep4vsh9qm4wy8,794658;345602,3noyBFXnLzwpDf7JuoyggrZhVu8RsUr6FR;bc1q4k3ff9kk9t8le80tjwlyuzvk0ddjy2zwsy63jc,764268;375230
f51b3168bbda525f0e25d325a326cd017d985e32a759d9f36fd5101e377c4c5a,bc1q6sf9a87sfzx7g5nz5jj9nu2apmz7cgxjnqu35f,131574,bc1qe4fzpw0xn2khmlyt32wg8rfvn8m92j2c0s0fq7,131091
64d8b9e9b21a0b809c54de9c637025af8c3f96d381265bd700fbad14dc53471e,bc1qjpfn64fqrygtvpp3tfvw36nnyrtl3tynvppkes;bc1qns2n9lhf263kf6t4ljehkq07ecjhj95n6y4p7r,109928;2478767,bc1qwddxsn0mhks3l0v7w334m4eg07gf7lckk003ah;bc1qr4vl67effktwg0x3akynj84s5pdkrcq3adau0x,924645;1654140
7a8a320420cf089c6425e906291bd14c868da38cb7d2f37d4aba6a408ea11182,34LDeJR3VqQW3QMbKSh3iAVksDwT8vgNkJ,330962,3fbJMyKbRUPv6Eb9jfgeKXiH1DG47ipvTG;bc1qk57t870wltkace6c4nesstar6ux39mw4k0uwpy,60771;269464
dbb859bde4d547defeef89c2b114171279eb7c98a810b4157f85d23f1ae3ae75,1sNHoPKz3k4ZW5W2pLLYDqZoSUnFExDmbx,1444857,18YQKYsHqnes9bSL2EBWTe4ArESf3rxKM9;bc1q8ajjc68ulsdg3jh943pt5vskdf9388mywpddsv,506015;932272
e878124f17c5408d0835dbd64bbaf105214d1d55ac5460c47f48007895b9b8cf,bc1qamzhxg4nmxch30m27qa7rl08nxa3cv3tgs0rl0;bc1qatdj8ygajdy2v6054g67509e9h0a35ppm74cd6,22580;786758,bc1qzyxwp5aa4q3dqh3fskd79as8ngtez7w8kf6zl5;bc1qzv3pq90dejmrspxmu0pzaujpa27jckvz986vu2,498588;310029
30b5293aeaf5993654cd83cb0aaa3c63418034a6ee051278560c87aa3e7f8ed1,3JvY4rQkLXpL2gZumWrFE5BNH59HCJj71i,512093,bc1qcrzd3srz3nemqdch3l8s49ggy9gfet7h0nwyqv;3oSrqPDAiAGtbpjJCYMjhMnWcZbL2JWdNQ,43210;466815
15b79d594c691188b10215ca71bc2806e4852c0fac73f1301f1d448ce079d062,bc1q4yfgydvwnj3amdp7kenar849nj5572err8h3k8,647855,bc1qvcjstqrd7r7yfwx00wk2ferm549l899378v95d;bc1qhuwdqxgkeje3txr4072vvrtw94eaj428rtyvnj,205314;442126
1c8d2132ec7a8b4bc3925e73b45bb490618a4382d16e4c94ad5c23864e2296fa,1GDZyu9js4m18PXvuFqQu52LhgxasKLx77;bc1p3l3ccwxdh58mpgmzmrexhkmndne6ej3n9lfj7su6ycdpg5kyy286vy55vz,4621597;1214966,bc1pzsgat72qchhw4tz3xdxg62jj024prewrmwq7xky59ag5gtu9vfk85kq0y8;3r1k7RGte6N6nioPSDF4yBamdKVBrdU98J,3861205;1962836
db22874c60c7206c2ed37c527ce590c7dbeb8d6010f8c98ecc05eff170f3cf8c,bc1q858nhf7qmuxnxv5ee8v85zuqt2v6d390lzjqxa,752251,bc1qs5sdkz3ngfsxe3v564zkhmpzdwnfhhrkk97seh;bc1qthmhru2dsgl50spm99cu4rhqmqpta97pek588a;bc1qgztsu9el7zwfm23qxjfnwj0cxuc8qd8t6u7q4m,229116;380294;141574
28f92478f45ad72bb9b68f3246c2a4c8633f62401239d7a08be7d5af295dd9fa,1ZqXY9h3eRpTsKzvCoA4E8hRVoQjseW8L7;bc1q9wd37xfgr946kp62z8ts4glqvwh8weyq6ly6t5;35zV5ZcDN6RN8W3VrJuoqmUgr9BBDuTt6o,1158803;42318;140777,bc1qxus5eelet30asv928ucplscllr4g6apl8met6m;bc1q82htjktjy76el39ppnq02ne29empykyrstzk4j;bc1qfy97e7597kae8j9fkyh77vl7pna78jayh8l9uz,745740;553874;41907
3346883a27e0deaecb8e590769084e1b155502dc64b4e49210ddaa6bb7237f95,bc1qwg8zgrqvhlu0v3r0m549zmf27z9vh3uznn0q79,165186,bc1q9rxxkhhgf8pj6ytdf4nxq9fzmfv04z39utwgw8;bc1qjykr4edc8pvs74aj8fvmpjsjly7w79xxpz4x6y;3fUV4opjhsSMCwqq9AKWVy6hxkpouB3g9B,5090;21863;138022
8e01a96e29745273f4c6942b9079385a77d238c959e1ede1aeaf8519de88bfae,bc1qhauq6fg0krmylw6gd5xx6hcm6s9fsymuqx668w,50024617,bc1pxtwva480w703t6g6zqpmcx88x5sm740y9e8n7kkgumwxfsnjql763nf402;bc1q5mgkufycueen44h5lgdvpkjxh83ea4sm6u9ryg,50000000;22618
efab7fa289656c3de529e781ca37fa193d1ac31274d5db9fe8a7b23ca99e3ba3,bc1q588mdutjwrp5jn0xr4sdmyl2lulym9z2l2pwxc,255078,1LuL6BCpXo3cn1jQcFCfGk8oAaPihJAkTZ;bc1ql0c9aeq8lxqsrkev5cnnpr6prwrgkx4qdrsnkd,79868;174274
efeac483a640e114ffba443924c87a5236b7aac1200b1c78f792f2fef4625421,3777ccgwcGi3udWk1EUQE96vH6feZis6b3,5645005,bc1qt4drmuqy52u7ght2rvw6k0du9yhlmra0jwncnm;bc1plyardpg2k4cjjl42skr48t4v63lp59mmmz08lp85v8wewmwr05rd3qznnf,4645638;996305
88b9539d018e65e576a31ff0eefadc9cecd5e72b9cf949b2e84c85a9dad21418,3skPPQkLAHns6E1mCNxn7UuPKpfc8RdPck,36514131,bc1pda6jcw47y0spa60sa9jhyvnusvlacg7lwydkhfkmka5xnft4l57sk2rt0j,36507511
3aa07490710907dfe4c549e2c5d37dda3a09c27c87158e43bc7e261352cf22db,bc1pu3udqrvppgel4ypex3twn4385vsekkpvde47phxmmw85ktjhxhxwlz7hrp,6901013,bc1q3yjg2kyy2pan40jte289zsd3z8x2txcsl6lq4w;3BCXFjVWoxhUPnNr3UcvWaXx14ELSq7xGY,4867522;2026904
25825eedad74507f8c069c1b326191094cbd2476eec615d306a72b8f0de2ae26,bc1qhyw2zpe3j8gv5dq435ncjkzarefzcwv403yve3;39FVNJnXyy81AxWiKUkpDvadQcbNRRWZsx,251071;631514,bc1q4gxj7t48fzx024kyje792ek5gt420wc0r5zg6u;bc1qguzzqsqjvja33l0ct8chfwsvs4men9sw9747h0,769145;109352
02e5946cff997b5ed00697387ea58acb527cd8f0c162479a80abfaf1e35f4a71,1egeEwMoVT3D6YCgKzznnAU5fYdpPmMT1T,18398377,bc1q9z5x9tkr8eh00x96qpj95pjpg97njqh4fzwlm9;bc1qne694gh2wj8vrxmsdyr0npesr0yn6uc5stps8e,756766;17617967
75f16e9aefa1f700586ce01b121fd26ca99c806eea41e3c00aa2a8c2a8deda0f,3NUQzqfLU5Axf1K1wwncNp7qzgxyBZpcyy;bc1qt3gftkhm4hwk9xv23kk97qzyadz8zpvlnskn76,193024065;101326,3u1RVwcMvGBFmDY6hpEpc1GVxJyzmPeXsp;bc1qgdrzf7e7u6jk7jcc7wwjqrz5l4827sq68z46za,98217099;94201997
633a390a45891c60b94b8505d95e0dd0bb216d9b6c01e147cbc46fe8848baac8,1gWFUucJSccfBa7VFEBLx3tBuZUSuZVhdz;bc1qsd7ptmcwrs2q4vrtm9gg729ddctvwjl46he3mx,85741;1890924,bc1pye90lmshef3jvkp605w2t3agqrm7xj59ct40huvf5y9e25jmz982fg5gwm;bc1qhsw9my8ghhxvra0pcslrnzav8hwys9ptamwma3,176787;1799591
893339513fa55579a633968519ffbca3a2a5209c1f3b5912f129e21aff99baa6,1bACCywDimxNrngi1PRkt1VWt1qhe1npyo,6548868,bc1qk568z5senkg53gxzyrwwk02ylqlfywqzqxde0t;3MkQX4L5tcQPQ8LfLrJ2sLwYtFjjC3WwfD,3443537;3087067
c44e66169732670868891fb7ce3772f3d3ee629a76f4594b0cd659b507b31aa9,3d7Cjah7M13MtAn6a6BVZC4DGM8eYMKNrc,267705,3nJf3GyxuyxjtSARawsPxsMvJTBnBj4YPc;3uxBjD7w4Q8Scu6zQEwGfnB5VduT5N4yWq,95115;171584
90f32231ef9f79fe329809ef1696e382f2418c2331d1a99314cc12815782aa9c,3g35iWX6JwbwfCbKq7DmsETabpkaZrmjZj,125384,bc1qd56283v3htw7qpfqyuqlx2c76asjjrwygu8gfj;1VJHMbPFzUAiJz54LmPqSSeDA1Moi3x9vd,74938;50375
b7ec840e9d4771d2d9834438f646cba45bb80f0842e9662fffd75b6d2db68d87,bc1qlcjzdey20h3gvdkc0xvj3ls8gd4jrdtxt5c9t6,6971542,bc1qnwa84yhzh8ny6f2ef02hx3c3nlk4vusgpxkgw7;bc1qvgm4mqm58vlr2m39swaq8s2v9tt58lse5uu6q3;bc1q82vyhs4m4djdfnwy5j4xykuadac5j9z3h96yq2,3502544;1544552;1902188
5c49bd2203f0a5aeeee45464b0adf52dd8c77376e350e9de2471559d2e93b762,bc1qwauagcr9cngj884tk0snktm0yxpcqgdhlczalm,744755,1FSTqMBPHoWzxDG37sSSfxZ3oLXcrTLhai;bc1qkuw5zs9ju3v2qwuuuz25k9hzk5zkhln93p92mm,690472;51572
94d917063eafbea5bd820eef1b423dbbb9c8a8992e7402db38622dd0797dfba2,bc1pkdfcw5ryxngwm3qu8j0dzn83n36py5pm46fapd94nkne9wjazftvzd3fyk,769175,bc1q2dxxpjlszhnekdmgjnan0h0eu8fxrwehxndpte;bc1qqxfefs2q42hnq9224ae505u32edh6fh23x4eut,634480;134559
6d1d6f739b9e5f6d3f3477840f834fcd9c5fe9ddd73c459762ef087005820c63,bc1q2v39n9refmkgzut6fs9tpxzseuy20mf2crlslx;bc1qwksqa4nzwps4fjfu2xg2wrygqnsxt2ykf8zn2w;bc1qqupvzvku5kwt2xcezacjzekrf5c07yugt9a2m2,5015285;486540;5689310,12tmsaLB86PNjDMwppCxYokPAMrMxeE5Vz;17Aj6ripAFAPjD4d9zKNKEshBrcSiNFVWH;bc1qljnsmmpu7q3lrfqdj5kvdx9y36tdfmyq5yu4ly,8607287;1722365;839245
5f10a1d1cb07623e8016a87ef904e5a3bc774c5b68058c6cd6132cdeaf0789a2,bc1qukanwd6v8dq0hkgajpp0tj7zhsmcgssn854443,4240322,1j4kMtvtJqXNh3VKJy4ta3ZNCh5vRh8hR1;bc1qnah4t9e89spl7n66cdv4h9j6pg6pw007a84vgs;bc1qqaw474pa57dam2gr5vchhjx2k9346qrrw8fxqz,707692;3418293;111893
9966629a38f22ede41558e1a0459d7dacffba8445848529ed5aa840f1a761608,bc1q75krmy4uj7ukgwa5agduc29zcv2p7gw0an90yc,40868695,bc1qnrwgpzhcq05qpvy2vqkc0vhez8vkcr3l2fpl5t;bc1qzwc59pvxku5tz5hyxhj0z3f36wlppepre4w4my,20204047;20512217
53dbe836cc6b9389192e7bfe04c9be80f92b7bcd97a2f44f43f34ad8313b9780,bc1qh0qan85q5u6rn6z6rnnzx26hvr4327xp9zgc9t,3368811,bc1qwaprmncq0q9z5udeckx5sd7np9075etq8rsrtc;1vsCd479QUuaV4ndfBTs74xa2v5erzqKUe,2594239;759922
7fd037529a6e6f6290990d0884b0f0d0bb52c6991bf54ea6f79e98da892c387c,bc1qhmv800uyawvyh5lxykpymw92une5n9lmzm0lj6,3360404,bc1qqdm8d8a7audplhsdvekr0zckdxt8lq49wjjlwy;bc1pvetw5mzu2pdg73eezuhp74urtnt93zkxl8r07j7xh8tg4gzt0srk43fne7,1448492;1900873
18e78e499bf6a751de98d38cd1aa3ed40e9315c5a77c13f36e04968c98ce7633,bc1qxuzv97z9ryyx7qd4a0dhqxqe6s2j5e04s3wjuf;bc1q8tfmyf7n9399kue9rljwtxk4lywl3rqac7ayl3,256362;748901,1kGthWYz9yUrFJU9xipQr64DzdWh2xrE6v;bc1q0nsp4vkdvqtfw3xuhdw9huhd6nyfls2ajvq5g9,55319;946994
e2d0d62507389fc8eb8034a3ddce023adc5c07766bf0eb6beb09c4dcde8b3447,bc1qx6f06fj0h8eyf55r4f9a5qc0lnt0dg4l6thqgj,524886,bc1q2uy9gdatfsasc9rc3m64f4krj6qst02ary8xun;1RHGNqV782mG9rZwYaiK78GFidYqL72urc,417041;107696
231911de5703b161900a2a052c40fb2b9dc105013023ea836974c73d69b5e6d9,347f4EKMVcUbm6RWXmavJfz6z1dchUxY6d,1411830,1RtGbF7QYqvpLjtwumhH5uosJFQepZqRTN;3n1FEowF7oGYKTanccQpequLLAKNWmEXZv,280638;1125724
9e57c878a7bc9aeaa92f09a6a407b07bd679019cd074379d172acecd0af4a1d0,bc1qg05yrpz4lv4ynrzccex40g2m37pdav2vwp3mfk,142959497,1qjoLyuyxtya4gAnFLh4A8nNzLCoqZp4fe,142498681
b54bdadac4c7766e6e68443192eac06123b9e9a1cb0941543cef60fc0e7cd059,34ik2jsSyUgGAZnozN6FkvLkBnruRMQxh3;1peK6Q6k4NtdNDiNrxcpCsLb2GSzdXKtWw;3RUWJ4cseKLQpRUCRghaFee92NjuZqUcg2,48005565;9781852;342100,bc1q49m70qmznmudt4z7hyrhas67agu8re2jvh8dy9;bc1qwgj0t72d47uatk6q7n647ke83f7termmvavlgz,50857254;7189307
acccb9d5a66f7ce8ee78bb6f9e97c3caf49197c982d5b3130e5c74ed84f97213,bc1qm9w2e5egzc0ha2dar9gzdh32kc59w5qxfjr8kc,3301787,3LRFMjtJgFPNcqbSWTeWVDCUYcGapqg6nW;bc1qqsca608x76ghvdxx6hx9eql8w8j5z0mlvxvdnz;14keUZWYAK3fBionYyzgvVS8jw9738SQKV,966991;864423;1463425
9013c702ad0d4715c2e9208c481d19e9cec349f7f03ecac888d694cd2ce13e51,3QVvraJuXyVCrb4btat7TurZys7H9mchQK,6793727,bc1qj4xlqc9a80r2flrtar2qwk05g42pnw7laeymef;bc1qh3nzg8cvqxvv57yfehauntrtxwvgnzdt95zsl4,648969;6122101
3d97d6feca0d165862209ecedd75ac81f4fba25552a53337147fc6c08312c6ba,1wD5t5NiZFifqyxVvvpsHPmzL1JsMQ3qGj;bc1pw4ng7m99hnmr3qr90km7n0nlt4kvfyqrqlmx55d5exfw0q9yk70mjxj6pq,84654;48034573,3RrquzJZ3pvJWUSe42zygDT7CDsraJtrvA;3kAQE8iHXQFJNNQChKE8cB6qZid32TmaQT,11379489;36676515
4f63bf8b6d97ab0f9bd2fc7b35ef670b83a278cbce09a4b19b30ce4f7082cd73,bc1qr830lecc3ummnrp7e7clenmr3s9rxthkc0myt6,2921590,bc1qmwdc8e2sztct4ycd8eddwmetqyqe7z2l9pc45u;bc1qlleuldukmh2t6unyv5unnwte5cuz3vhus3xsf2,384962;2529547
7f273e1a470cbf09883a7591f01b64670347dbd758e86efce391a1b69e47f64b,bc1q8chlrpt5tp5rfhwlelju53ntfek4ks82j6trk6,45210817,bc1qzdyxz4v3cmj5lk7hd9s0w7sskwp93armrtfsrf;bc1qf0eyjpuux60rtmdjjue0hncswwwm2e4d8v37uh,320642;44889175
bee681951d98ea95854932d830db3eda50f7683e7baf5d018334aed0e1bf7a92,bc1qkjek3r3xnjpjx0ura9qe8kuwenvpmqddm2grr9,22249,bc1q9cy74p79kfryug7up8n8ss7g23zq5aq3jrc5yj;bc1qz5x7tle3dawqw6flqa0n6vt5jsphjfvry3gdn7,21204;975
776ac5e677c3b6fa397417cd89d48104d605da056d12559c3d6a3c3a9c26b378,bc1q5lkg42x72ayanqq93k0vzu53u6wrlvnv6elrtx,89287,bc1q8qgatznfk80tgukxx6vmj034j4jzyzgj8sex4l;3FBFT1qFDRjQp8wuw3H3VwjokTNZeFXVck,57319;31738
57cfd6f3d43a12514b607a74136cf5ea6827a70902d9c936d91f8950b73ddc40,bc1q0ej52gr82p2e7cnc5jzpp2mzyawf5z43fvrc8n,802177,3CssqB6DF2vA71HAQU8vmtCb838zvDmzx9,799794
824e8afbfe4fd9b2d4d212191590ef2bc973d3ef0e292d5e3c5621a2b51b7791,bc1qtqj4ps6mdxxae24kln2j7nd9wep8q88n8h72hx,1358366,bc1q6qqt3yw5atlxf8g9m8x9gr6y5u2xwtt9sendkr;bc1qexvtnl8pnx3e2pemm7uxz04zsc5s0w2tkk0gva,592045;761903
1eba4e49aeac5dd78b4fb41da4b23f59cc855a5434e64247e8d058a7eef7b434,bc1qw8xdv96gzcfs8ps2wdt0gqwgzufs3zg8rt324g,20753280,bc1p64gkllchaqf6evvj50scyv8h0sechwe2xckxw3tjy7qe62d4vc32qeay72;3NUzooX4otkXDiaFbPA2cUochwsn1jUoZ8;bc1q0z7myxdk0n7js4gqyzvesauwjhfuwkkfne98uh;bc1qv4krkpu9u34zhuadcrtcscd9xpq54w2vxpgky4;bc1q0z387y669qrf3vzc4ytxp4xk6e5kuvfpqccat8;bc1qqqq64z7r64hps625navd8r2q5qx84gnpudc0lk;1aXAYGFYGkCTjRtkBzoDeAZeBUiJKB4ni9;bc1q58hlwuy2eped6c8h2xpalek8ms95z07pl7y93e;bc1q8zhfh898fw5gezlv9wshc6eqvmcanyhgwwvnzy;1cV1RJnpqoKoiZ5TZ8WaLXLKmHCn4oqftV;bc1q54k5gw4gn76qc5avjusxd6gf74vfduhz5ctyha;bc1qkq90rcddfd99y0srjxxhexlmwar5zzrzq80cqg;bc1q4epxevs7g0cn24228tvnlmeqmv6aqrs7c8w4ms;3bZXP1m3NjrBpB5qWVZRUJic9wzRv8NiFx;bc1q9wr48xc4zdk9auc8g0ury3hzkmacn5vkhv53me;bc1qgfr2jx7jy2vhfjxvdceay4jrqm26f84yfhm6p2;1Z8ZGtQuGnYkQdJPG4SbuoZERZxkFZKowh;3VGx6jMS4WiDzrtUdNcDnR6MRnYFa4mtW7;1DAYCp2euFXDnGNEMSDgDn75uEv2zzgKNb;1ZGi8jHSxpGoPMw4QxPDKdE7RG1rj3zD6f;bc1pplst3d7qf7se4wjkslt3xr68xf67nxtynzgvuvzgdk3zhlkxt46ndyldqn;bc1qg34d2zacyegrl87ersujertjfgrp2c9e4e3uvj;bc1qqsyyvhphlk8nk9lesgd7u6fm7d2zzh79ph30m7;bc1q4ay0443rqx6qd3tl4al74pw9acu9tytp09l246;bc1pmf0gq5vaa7suaumpqwfrthvqdxsudaqcg0ttu3gl4wyhqukrfyd2p477lr;1xNHjLTvVQo772avLeFkYJrhuLf9vfLSZf;bc1qxkeks9lj58ypladnzpdf5820s5fggtd2ppphx0;36bXni61yRkJmMwnDdoT8K7AUDcGV5xkJZ;bc1q3yydkucm3tt5rd0s7e9g7f7plx603szws3vnxq;1dGSMsHwidHya3e39TVgMDfPx1mBn5GxHp;3iZC1mJhf1ESWzHFWfCBcrjcCRorJr9tus;bc1qx0h5q99vnzz8alrshenvq6c5p8zy5q77rh2kx0;1TPitfxgx23x6Tq1eeomhVFFHUuZeXh5km;bc1qun9sn4y4f6tra4aekzqay52vhe0zj7gzl9v2dk;bc1qn5y7av33038zksce8ztxmt0yratmcyw63adx8h;bc1q7kvq7tk4z6mqtzzj6y9hhkfd2ekfyupcsq64u3;bc1qaskd9lslyxn89h366w2569e5xrznmqf3zncf35;bc1q8zjpl0pzflc7s2vty42usscqe0mp94z578x4yk;1vJDVkMkmRqTLodB59CuN9SxYM66jWahn6;bc1qkwllcwa7l0tfdn4wsn2zdwulplpek3yrvjm8m4;bc1qw5uwzhaacx22l0k0gpy052pnvatd0pm74g5zzv;bc1qmwdxu9pud7fx703e7daj63uxhjy46h6hqua02e;3pw1sQ8sY6dYqxanmXYz1P1UvSGDspmxwL;bc1qawt39df445k7urz6zqarhn35se4mxc3rm7tewa;3GJ1ndhTgQNqfUq19nPPAkXZfYcDQNz8CY;bc1qv298kyrjvca692zqqcyn3ljqhl5c958x6hevgp;bc1qa55jrwnrfuz0t6v0qz7z4v2ae9q9jnpll0n39h;bc1qxqqsymrx28h7g07t3fh0svx94ugvjcfe70udh6;37ocmUPsTXfpBSXwp7Nqbfdn9j1FHdyje4;bc1qnsrgnumzudc22xe0ldr92vjf5mlaf6vuap5zre;bc1pf2tzc0pfl05a67r86ylmh8zhe63qkpuppfgkevkajr2yjmu54s800gc0zc;bc1pz3m4hxzlpqx6xrxjsmcfwysa8tlmscxg9fm5yuh8u9q4wgazdysspgr5hd;bc1qx9gnsrp8rruj83gukvv86k09x5kfq9anhmk949;bc1quyq029gz4mnlj08r6jl6s9yrfhwhlg0tqtkucm;3ugwD9pdZm2zGqc6Vn7gCxUZSbUmkAWhcz;3kBrsYMhYuFt9YCEihN13hA4iqE1fmhREL;bc1q7kyhdafpa84vvuuan9dueycgdxffaw9e6rsks4;bc1qwdddq37dcnf8sy3jfcvvqemwpp652rf02ph4hp;bc1qs37yu5y5haenxzyus8rqsvaf098mgnw4ryqyh8;1KxthEXuEoG7qq2sy1iDTB3UXtHhYmRvmG;bc1qs9y5jwmye4az607n9ks4gkjjj6zqh840428cae;bc1qu9ucdznrmzcn6a2kvljxgwfx96exj54xeutd3z;bc1q47hsxx6stumew5mjysr0p3q6f6vtm9f38snfn3;bc1qjal5pdxupx62cap0ejn6etzdhau0yhr08t0eu8;bc1qqexnv4q0vvyk3rrnut2a8zqdce3pem8ppwf2nu;bc1qyv44z7xk6umwft3m8u23rtd70za6sf3rhep8wc;bc1qq6gjf7pmvqvw8v434pcaac26gcxqhnmeace37a;bc1qm7wjjs9vhayqe7z832vnt4eenrj2g9www70mxp;bc1qgn2z9cgmy5ynprp4mjpkpkgg4mtkntzws82t6d;3qh2BmYUnWi2nh9A7djHKMHWnzE9LDXXZy;1CJx8SNBEwjczUkNYejYGrXp5y5nueMeQZ;1fUFEBNk7pv9uTcbsaqLHt6SQ2a5vwoq8G;bc1qkruujnlphtwdw6f0y9caazujt5vwsj7rf2jujm;bc1qfvc7p7uhdgu2t9f0897gnr8gr3s9npu3x06tf7;bc1qhs6frkmwdgmlhrtzeh2sg5sck2adae264up5qy;bc1qm8x0090y5zshxd0nkpkn58ts7u6u405n3f87uc;bc1ql24rw2rkkc0e0d8fsuepcg2vwvagh26fdj9x57,834572;605574;55969;18464;27285;4723;25482;295103;18969;98675;478671;6048;432693;85043;32300;306477;254653;539262;341189;417915;85107;50173;356720;422336;1196213;136671;119504;384769;107043;685860;502126;143934;356984;360798;27956;598091;180756;449852;99081;580200;126630;2798;605659;24588;98803;769811;772631;218846;256665;152837;89137;102356;286742;358539;402811;400406;24565;175193;15227;204838;149637;561661;111014;31981;39635;368195;247335;27383;22566;310087;19405;443136;314657;21794;22771;1108482;120427
c54ccfa0e72307a7ae3bd9aed42e83964cb974270096d83e4076cffb40f69206,bc1qy37qvc2tczpx3l6vkf9td38qmcssepfq5kph6v,3900574,bc1qyhgzzhcdq6nyhexnf2sqgxg50fz730a38q0vt3;bc1qwjqcw0rfy5z3x7jzv6s6cp0dh6pknmgx30078w,2923386;958693
fb199def0f69a3c0adcd1a1551cb579954f45a93bedb5ce63599946dd1ededd3,bc1plzrkvc9h9wlpd9e0h3vfdfa4snt5ysxnksgwaahmys6qdyzlfxk32pw9t3,2239616,bc1qtqxfadhtca35xjrx9jys5vjmn7hnaxq8xany0q,2234737
cb6ee7f0ffdc4fee6a9e2c046fffa7663307d28660fe380a2af4f4c934c9656c,bc1qsw42sr3vv0fssu6776k630e43dtqtw4hx3l7v9,22993277,bc1plxtxj2aasqg55vlkgpjqk0nw9h53rtnkk9mz6rwk2mgm5h24uu9lhtq4d4;bc1qz6shzwgxs9h6qgt2jkjwrzh9j7cextzh865uxc,21059735;1929963
18568203d6a6e4e3a2af8861192a4a3d8864d0edb542aef9f156a03f0dc56664,bc1pfgjd6gxlgwzttcs6497jyjld54f273hgsxxgas50w2j4u2rtu902u9t93c,15283378,bc1qewjdv6gt24flucusdc7vqsau77xlcy27lfcew9;bc1q4x9f9mdhy3cq9r3vx0vw8av2av2f4mn3t4lqu9,13326344;1911818
975bc8c4a763ed02de2ce21c7f72354cbb0f854c2e02d6fbe10b60834174d23e,1PBKVD9bdrkDqhoP3XqaFQs5F6SN1jzosu,5619348,3pLigCBNsntkxnMYwoF9kWAcPJs3h8unTF;bc1qd4cqgfdwfprh3v93yy0utwnaua6jp2pnhersh2,5591925;20704
39638f3899fc4e773e190e30d8808af5c044fc406879a9143b58699fc76f2008,bc1qq7g5u6drxgfsm8et0cdhcg4na4gdqdygnl28q2;bc1qnhnwdn303226ym039vv4jz0lzhsfcwwyjnjdcc;bc1q308aynmrxlj99chvdcdn2tru7c23vm0w6wa9f3,1382363;8597728;3101060,bc1qc54rjddxq8nszjdqn9547qnevsxawh80kxyzqj,13046314
bc7d881c1c4a40ad2d69e8b1a3c2cc8579c9a8ad1ebefd6ffd1f251fe9c09330,bc1qlelsrn2a9w7qp4mlmzdgkrc53q0hfv6ctks5dr,1340698,bc1qmcjeht4y80g2kwkcc2k2wggpysqujkfkjfk4ye;bc1qyfv5qxfjghhlvn9tym2tm09s9uq72f8gce5twa,367525;968916
09bf10bd7a5d0caf7420cc0ef7dd50d972db02ffaf1ad246c4e8860f930b919f,1UJn2CXvgXRx5NrwfNbWReHbYghKJVU8id,95975726,bc1qjjw3e25xrzx3x0jjmrucxenwqcn09ss7fm8g3f;bc1qrc9qus09c4rm246xr8ffc04ax42xv9942s0ndh,24020985;71814696
6b2612ae170ff6e7869ea6434296a7275e24dd703fa95cef0f62415a6991f1ba,bc1qtfh62fjcq7pd5ywg6x4g6qdv3henwgz9h7j77c,238805,bc1qka0gnvr5gtaryh2cdyyfxz8jcgsfqczek2muwu;bc1q28txlgnay5dee6pltjl7m23f2zzz3r9smjw5xz,110053;128637
ef6b4203c5c06abaad224a77b274e9205a813cceb3e6c5fba35d9f86333dffe9,bc1qwuh5z52sk6dqjq6q8dg842w4cjtumycx9qnmc3,8047303,bc1q228xfdgaxtyuw6vwhhvwvxv6z9ahrcr0nh2xle;bc1q0s7qvd7rtfz758k5euq7hupm9qsy0pnxhfn6d9,548294;7471204
5fe04ded713c769070aab554e067bf2f9cd1b679f2124d3448d8fef1ee0e568d,3bS7auiCUgjMkT2SU3nAwa1U6Z7tZRx8AC;bc1q0ug2374r06jysey4hkfn8ghfkwjslgu2tyhmhe,379341;5303757,33cb92NajzukCPzsdCx7hLVkTfNuxEEkw4;bc1qdq3rl6rkytw377l96usy4cxhscjsp33kl9945m;bc1q6cy7nmg77fuluwy7qg3fan7pdy6ce78e5vx6z7,3218426;2397278;55177
f59c1221495bfa02e5ec5ba191261f342eddef86605d11d4ac746843ddea0538,bc1qhj4xyg25sscn8w63nyuchu7p6g5d9km0fszh7m,23053248,bc1qm467d5mghggsd6lzre80j4rck36vsavnje7jrc;bc1qjkn6kp5wwmpvehdax952fdqwut4t7ge2k5c93m,22132706;826675
0e19147ac9ef60813708d7cd0cc78b4345c499b296ce2da42ecfe6bb36f006a8,bc1pt6mm2nh686rh5209vgkteuc72rjak3c3vkxznuvgk3var76ufjzlwp34g0,956389,3ZfeDd1f2BQqxypRzCTYKGYNgnUWjmX8RZ;bc1qejralk3r68tkl68g6wwjzlqw5u0kzt7gguqndc,807620;146729
1313f10a445ccf7b19395f7edde9078ec1ee56314ac3d6f106daf0b31e160a94,3sxFkzSW9xFj1BHm7YBwJJfALbbDu76WzX;bc1qev0m9f9dgzgxt5zwrgup34rqlq2fejtz9503lr,14298034;24952052,3UAzTGTb9P23xXWNjhmbwUuBZVWVxor7yk;bc1qy70eppl064cjmz5ajksc5fycf5vv0020v0ef4p,33970082;5094376
967cddcc7e7239ae847979ed90bcb35b77317b65be522fbfe2ccfc49f3c6c869,unknown,0,bc1q6t6py84udjm5xuhgkddgu60n5vkw485ru0927g;3HGhhRgLoTc6Rcw3t73o5G4rnJrLEvYLJ3,1748681;487165
b4c14f5463688b5b2de2b6f4336aef0c57c42cc7471f1d7a9f5cfcb0d4210a0c,bc1qatx5vyfz9x4wmz8s3y7p4d3n9atyr8vj6cr85j,229627,bc1qq60jv4va80gl50uwu8fh7vg9hdfpdumly5xvuw;bc1qwvt2vhxxxxm4nu3cd5xyr5f6cnpx39vs9wkv4g,75918;152930
90bbd44bef3586b0f886b693b43aee1bd357b1b67b36dbf6b2d972d563d1a635,bc1q5jey28hc0ncs5przqam2zath7fzn2uw29fe9u9,654921,bc1q3n930lkul4ywcyvv9qk6aj9ul7juluzyfvyle4;3jHX5AN1TqaRchwVuU4eisr3KLs5x8YCJ2,184357;468727
7fc6fdfae99b5f0dff3a424e3a0c208e80bcdd4445798245bb06102a55326d5f,bc1qvkgvtsldkytgxfzw4eamuqyc89zj8zzhh2azj7,23631481,bc1q524npyaa9kzd4xkv5x6k0k0hjmwszlgujxrcxm;bc1pl95jnsfd6hs57gczzthn6zckqhzjat44zg6wh00c2lxjptwwamlwuwycdq,21459899;2144558
bf01124cdcd03abdcc253c16a6e5efb49bdecc0f3829ee5ce59620d45c1b6e84,39nrPU9Wd1tgcuaQRhcBurRuEm7XGB9wud,6959723,11iaCFq88hJNSnY4rqdjeSjVYMyzkc8jCY;bc1qkn68ju2uvy2swu7hzvxcktc08qtn3e702uxexa,1368303;5577347
ff9ea337f57d40e9989b5eeff8fe85cd361fa14badb52ff2e021867d56c8a68e,bc1qhxefed6qgyq5czway53ncrggkw9y7rm3t2h355,454326,bc1q9nc52cpshk0ayr9kzttz2zvpdek3zx9cm8p4q5;3e3de9SvjKE2LuEGx3Adz1GznUadxVKhyv,180739;272156
a2732ea97bdbf3f31901ab649824025d04a00bc18a600b3c141e3dd557f7837a,3fcUoDsrYELc7o7WcLJiGdAisDeTQd21QR,17346325,bc1q0hhwvca0ne47zrqqpqgqwh7rt5lhtg5fprywal;bc1qr57eua9rhwukgqjzkxvvpdw9qu47ukhxg47xke;33yRyGMHKh6nPxnUJxjDpznZL9FTFpX6f8,1070846;2203046;14028869
da7ef55974017f4eed2e1c7eee9befc2a0cc9645184a9b35421d90f59b7b1606,bc1qcm9psm5n369ey6xkzdrsprqa498k2rhe3v4vjh,88526,3K7DsQTb1Nv795XfpPx6P228bM5fXqmpGi;bc1qtfna5j4l0tg0eccdju74lv7czgz865rv2n023k,44396;44088
68a53c5666c99c5cc94d5ad6e97673d5d8e12e54a80bb1e6514849f52857b342,bc1qqymcawswkva5pjk0uf9f2ry6x0qceucp924m8w,4589791,3W7a8YB2uNqHUnxq2rG46SEtvfV826bcEx;1g4Mbpye98G14M7Ez1T8VRNbtt6oCxN98v,1469706;3105212
cf1b53a17130e1a6b47f90e173f2cb5a37310c1da9450e66e1b8089eca0ba752,1Z5aCpCWQpK3jocJnsQeUtXvpSCewu5Aqy;bc1puy5tvweaf32f7svmkkan4j0z02s5gggfs2uajtf6sdgd4cuycf4t32ej9h,167468;3295580,bc1q5xe695080gj3yng76lqxaawljgjxpdln0vr9te;bc1qpzr3yrhdp4prlhf88ncat8qjc97v3q9jnler8d,636547;2822891
146aa6c7fd4922290a1f6a6dd0a9ffee8e68af2a3bafd1982761f49f41116449,bc1qagq4dmmw8mdwyumcqcx4du2qsvwxyz649vxtgk,68310,bc1qvu74j5zkqjtqdwddtgag98jssxpvp8k9n3gsgy;bc1qmga8fs8zp5e77937u8exkzr69rwchya8qmcsqs,25489;42692
f254e2569702b2e8df10078af9a33345c016b5686e6a9deae7f124e4c2fc9d64,bc1q0m8ntewwkk9nplyfs0c3huw5sej6vga9mypzl6,819897,bc1qndvt2xqd5ymeh5f8q8w0wwuwdp7uafpwv5dnts;13YR4kiv16Ky4vCnskBmjnNzTKrvExKvZ9,32372;784920
0e639506bca6aa04ef09a49e5d20c693444cd38dac49622caa52fe5d635cdd35,bc1pwhgyazvvpf7xjd6y3gaqzmg0zwla0zwunlm7g3u624s46j4ec86dg7fllp;3iS79dMTfUVGvppyifCXELV4prqYkniuZV,6600846;347761,bc1qjvmfn992vzzeq30zle5lq9ylt46tjpu2pjln6x,6922436
f5d6ea64635c841fdcae3d4ce337151abf55e91bbfcbda3dd6d9a701d1c94714,17ABwQh4BgDG6BF2REGNmviGpNeZije9a5,138763761,3S9Z8HhkjetpVEEJiHTEnom3QNoPsYMSsP;bc1p7d2ajkqe7d0lyu8n7ahdc5ketq06sx24hssulnnd7ewh33cp2d5e0uaan8,43058415;95440629
668e1d861aaa87181d11e27211398a2e505bd57a2bba8314787e3834f3217ef9,bc1qgum64jvq8868qpze3u7qmhcec40j33cmavh95q,645997,bc1qz57qyhg44dux9raf33zlmmq8ce77rwrccwr4gz;bc1qtvx7hanlcl92skxlct2vcrsexx5chzl84a0cv5,488463;155211
cc25aa30b702e22cf84ee01da22b8c1fc7c7f3145cd2f0c23e5656402da9ff40,bc1qjq4t2hq2wyrscj033cree583dpr74lk6lgmllt,50033655,bc1qhdqf9zysnrrlc2rjjzpfccazkam3a4rvafuz2h;bc1qz7jr00t3gj3ez95jm5qxk97mslqsgecx3px4xs,50000000;30335
9a8f254d9b237923dadb5fd4562123c3fbfac3047f85317a4a61a93e32e3fef2,unknown,0,bc1qyhem2d44wx5xtmm407dgd9e6hsxrff9c0czwf8;bc1qkg0v98uq8087sarhskg4ehqju8fec43nes90sy,10079179;15220084
94ec0e0c73f3394d50e79b65cca268c603089f3176d20d791f96e32ad197555a,bc1p3jqxrfcgej547jtvnu2mtc30d3kru8mxdlz4lwyhxrgadl5uuzanzgnh78,8835,1FxEG1QPdpk6zVhqmmsG26C2gaaJJcd8sE;bc1qnphhtcc6dk69v9p96dz9zddk9kkusuj7j2w6n4,6677;2147
efdb70290a8164800db837687717b8f3a6bdbaa94dc04f8ded4f0304376ae262,bc1qneggxhcqvv3amrku8k7r0ajhys38yasnu8323g;bc1q36p06yekzywd5zcw4l2pqq4qeq2cejzx7re3te,9925939;4444902,bc1p7qytvra5cgz6nj00az9cse20swpp4uv5zhgyvrdesltpf9jh3p0d8nnwtl;bc1pn57a9zgprv6r3sq5gm970asvcszgyzknf9j4hd98dkthsxfczm6flvtccm,1513542;12820763
aca2b0da56e499ecd75322834b8997d36f02c66c91bb20702aab702aa6a001d1,bc1qht39xmh40fems7saq8r8ks6ghynk42f5lfxxl6,151071,bc1q6g2kv8yrrnshe3nxj5xxv28umh7ansc2vwsd3m;bc1qq96lqrcryna8v0kgflrhdqnxteypfzrscf38v0,45690;105155
36005b3c471e61f669e643d8978617727ef60f791e41783435403dc622f1f2ca,bc1plx69xny8g2zgphhy37ptqe8ad7hsrhdm77mputvn6cv4z7x7cg2pd3dr50,821857,bc1p3unl6f7rf3elc28mahsdx5nrrtkq6sljzfjakwgevnj7dnem465ch4cmzs;bc1q3tv782rqsfnlx9x9c6fylv37dkl0vrclqwhf7h,633505;184297
b678ce70bc890ddca41e858d38c3c20f3aa36a987d7c52c5113ade680289a9a9,3EUDUwEy2Ph1kpEYUyr2NMpLx9E6xzkCVd,327326,1tqEF9cwzYKfcgxeNjvC32Xtd1RroT44QL;1c5cBPP2Wn4D5C5J4pbCczrp9Jdh1urhaH,208630;118364
a9d38c646f9eff0b6ba1818a9b304bd0db7605eb16c1e195189dbec8efaf6d91,bc1qcdyyqeh050vp9kncgvs3zxx8a72k9t7r3zqmu9;bc1qz9v8d6l2w3lvxwu3fjh9jpmfp6dfpw46v3auh0,453953;8058,1ab1a6uPxbCgVqzkQMFrKSePf7vxZpkzsJ,459741
277a7387aba2a96a44f28d9e5f13575a5f38584b08887d5a8effe09a0867301f,1HqFZsGpWepM9Mn1x5QbCkaZFE1kZWFp95,4729284,3LbY9yYKXywFeCxMSX8VRNXGeQrHHfYDiB;bc1pn3zzt5s7cp5za83w03l9awvznh4wn03mjd0m6ysxlp52sv958pgqutlvn4;13FaUbKRgbwso9PBbfXFJRMQdWxUz6pgFV,3661791;642988;403975
06a50f7fda9af6c857543114acbe554b86ffbd92caf64f20ca253c8bac878434,bc1pl0a29jvjm8set8ls3vt70gvm2nccfgqfnuu6z6an9x628eztvzfr6xx9nx,71602530,bc1q0ms8dmp7gmk5r7eptwn7rj0phy0gymsmt9y2ee;bc1qd7mjdc3gmykslug5hdtme6fsfnrzklqaqpyf5j;bc1qz856lr22x20s5dh4ffsnvnky7kaduehfdhymlk,50793070;7167505;13536562
62caae30c6a90f78ca4999a59bd1d600e63298bf344ee52fcbf2390f65714980,bc1qse936hxzxy6qfzvqz8g9kwq90szweu02ht50vm,30683153,bc1q2nsc4wu3hv39wr0z4xeha577a29jjnhu7he4j5;bc1q3yu2t7em327grhwh09v8q2mj70krunmjqjw924,3509267;27134371
f743cf06857c2364fd2345bcfe5deed0b1dd8cce8763a98899819b4cd5d9b7b4,1HdHP9XWw82FY8nJJ4b33LuPFtvSrFGHSE,1053723,bc1q95vp6clcxgfa56mjrz69xhumqyjchjtqf05hxn;bc1qajlz40nrv5hr9ma7dcyrc4rvrapnpy2hsw8ahx,120625;930242
cfe66fdd84962d081334eb7798ec97515b8dc344c8045bde411adbe04d6d30c4,bc1q234wuecrcfrfe45y2q4lyfy6jkt7h6zh5ex4ny,106720,3zPMes9cWxxoL8Rg5Ka9t48BtyhaBrH5qA,106192
db1a5d2e9aac9e93af5ce6b45afa826f615fd2064a614d2612bb32f15a6c23e3,bc1qs7r279u5qkmppqtu7jcwdentjctf67g6yewqpp;bc1qespqae3rvcz9s3se4wyqhlkwxpw8w8zpmtsgfe,10991779;5628065,bc1qrxqdtm4wkn0x32lecn9e7a6udytz8ymqpgdr75;bc1qcepj4rgq5j37zkcm5gq8lzepnsef66avnl55xj,9044109;7525565
f4fbe0b06735f197114c7b4a6383e92b74846b698f8f807ac96da06e77585167,bc1qnhra7y070j86cdxksjfjrnez6gum7yxpwumrd6,2526364,3E2NC6VWWNeFKzATMs97YXJxCXVvPRYVTi;bc1q9r7ush8llta3pq3d2469xjfvc4as06g943swcj;3VtCgAe7U6z7quyfuFNydHmMsNNEph3BqD,310332;106793;2097369
8114e52f34b1b920eca4a2e4b53ce71a642eaf5c925edb0839227096332465fa,1fgB2sj41y69YmLPpx8vzMdxwvBT8ftZKr,359341,142Q65Z7TZfEZDaPcpetp1bfVjvpMGUmXK;1986j2ch2yp4KuUKL8gxKCxXJSsx65gvZM,314419;44639
e5a4c47554500ee29195548b2d1a8247322d267cdacf60fa97a3e732ee3803b0,bc1q573n3e8lvnwavfuz2g24rnh4p40tkvktzz4p63,3566040,bc1p3vd8l5rj2nvqq5jeflgpal4gumndd2d96a2m0w3qw7c7xsnd8egvvy5c2f;bc1qv2n8pk4999f7eduk0vcnvr9krtls73svpclq0s,621933;2934610
908eda7fadb3d3a1e3d31457007947a213597279c4652a8ea0255db64e853a86,18SbAWrM1NrZpgaP5JV4weLtemAoK3yYCn,9528919,bc1q79y4k82gelgp7g5fwhmmzyxalf3ch07hlwuvx4;3DKu2Syoa5tHD4RBof3kC2BMeHv9CeRT1R,4110615;5396847
9d79785faf10cda7a458e316480226ca91fb2f2179b269a82c255dcc7464ba02,bc1przmwsszdlgg4tgp36uk0nwer55ah25r37sg3vnjlscucnfl0k6r64g8eml,50995,1KofgUQDAaey6YZEuoPWyZvv3zVa8P1eT1;3wso32QASVFH8xPbo64JUhjfWAKMhMLx9j,19381;31384
cce3efb3ef5acdeeaa024f8ac1b2afd6749a8a8030353d207b528ad08b18949b,bc1q6epxcq6v9t677jwzqkdl4dzq5afzz6l8fe3rna;3gB3BnycqcynJypos1eryUytZEuBnnAbs5,1241842;62494,bc1quqny7yuctm5j69ql3q7utyzw227wwk4yfner46;196Hp8gaAtv54HZTHnV7yFnQ3rv1z8Su1z,808250;495065
68aea70aa5bf40239a78012607ed97dee0907190b1c867bcce0d3b79baa543e3,bc1qaud7wxym09932heqzs769kk8ydvaaet0pt3k7z,60530030,1n1bsNYEjqK3nWSrP83sNAF1uUQDSzjHGe;39ytAzSp8fXLpJXMv9tNP5UJ5f3myBdbti,219347;60309683
12e485735184615be9f41c31137eed2759ffb4b11160da6892c60a32343676da,bc1ptgc62adpmldhwj8kgf3xf9evlalfa32p6akvw2z79jhqpau2p5fqlr87lw,453708,1W6Z2kiWF4Ga2HnePWG5b158rjNyS4aqPV;bc1q22maate4jwu2wp6rwxynpth45a46plf4xfhxur,78517;374452
2760e349f70e3b26982c73ce4a4c649d620cd14607d944258299bcfdbde3718b,bc1qudskcz35a7l2nu7tc8tjytzp7jj5vda6p3k0pk,2696974,bc1qlskyuxxmfklmqvwcm2q9tq0l2yvfwgj54jc882;bc1qzhppud4tqc3as8yuzv8yaf47awcl3lwmmzjjd9,2238909;447719
4da44b01771ccf548b381ecb006b7246fa1d1065bdd54f09a9a5316172189eae,bc1qde9qkwt9glukyare68cqxk95n4zasrj0qtrrrd;1nx5AjKGtG6y33ZkexNBdxnWvzUNhXj46v,15775204;494214,bc1qh0q9xfyaly7pzgl5hamhzl7jkk4hhy5lgkymyw;bc1qmyu8kpcyz2pgx46te86wtur3yzq9ndu4h0vnm9,2746080;13509759
af8e6b7c8a3dfdd4cd15a7ce844e0274a3461ea20a5624d12cac2f0808af989f,bc1q7q873gnvyzm7dqpvuldlv7up8vyjetpjcefp7v;bc1q4nx8dq5vwy9yurfyxdy625kgy4m5730l7nhay8,2749335;51320027,bc1qak4jv83euh7fw7u4t8877pkzkt40qlgmcvk40e;bc1qjuegcu57t8t0mvans7zxgz2t3ajaaafz2cn27j,36671938;17325305
faa9502283e00f58ca12926c0ca4eefee931cf0eb1b34a2cd0b0a040c56b641d,bc1qraqmg8cjr9r6p4g3xe9drcuxewd4wrauq5h0st;bc1qyrt3zag9tlguduegm54p05956qseu68wwjv2xw,202463;11505,bc1qgp6a5tyw3qa2slpa04hz9wmxdn8jecxvek09pr;bc1qntyc9hn9hmeth7tu4x895cwkxsnqt0ku6e88ds,33797;179156
e2fe44606134adafd74d82d3ee5f21d600d25f90dd593090d2748bc2023bcb74,unknown,0,bc1qlly9kqrngy34hy6l59htp9ul2tpv65hm8mrpve;bc1qr802m7c52q48vvpe4860tzhep2jea4tdhzja2d,1007531;483934
f25fbd2e2aee82e63d78e1e00191b15def511a9c53fbb5a2317f2bbea09290dc,bc1qjvljw0epeeq9l4zm0y4yzx8kunwjwp70zdu8el,5134706,bc1qy54q7k7303t6a74ukfrzc2x74e59rprz6c0vlj;bc1qefqpy7wf3c0fwwf7dxudlg2q828xjvgd9wzujt,1498386;3620541
67bc49f398fe3eeb35433611c24191f7e66246282a61ef649f52dccb7ac75145,bc1qxkjh9t99dxflmnan3j2vaddf2guahfgzunvajc;bc1q67gjfjgdqc6k98jsyhhxj65ujar97lcwp9mc0f,166173;935116,1mhHpkN8M31iyRo4Hd42US7McSkomHokkF;1XyqNVBWgmigjo5dxnTibQaE8RcsbpE2es;1qKFEMx2yUXjH9Roz3TDDYrhtb3dj9xMn3,445086;32459;618319
f85559a699fe0d866514e2c1d091cce795241e4e2b6ab7b919a36eaffd8856a3,bc1qd2w2ma9xsyeqq2jrxqqxdwhruet6wdcnt68h95;bc1qp798jc69qgaep3w7eeeaqw99efup6haguwcra5,40744;25625554,3uPqCQWbgoDeSrMt9vWbj3XMkowHVJ9ffb;1L5b853wY3GYyNK3VY5RSuGNWAmABfmAJU,5154731;20502113
e8288e182283bb770893ef16289f8c143a17b4fd4ddd0e73170cbe250742c202,bc1qy0vg8w9tfyvv2ej5mxxhk6xffu6f60naqweqt4,6612636,bc1pstnmx40nuv5x7n289a0e9tydutzey5jayfza7cxy2ckvdwhyd6h47pv2gs;3EkcHdxR3zReR4Db9Xb5KvU7n9rqupT7zw,3287492;3294677
7eb3a0cecefdc213056243a69276851e76d48bd3c263d42e99cf32eea6e878c0,unknown,0,bc1q8s8ka39de9ccpw3d6cam93uusu4ux6dhs5u7ac;bc1pvvrdfcqzys9uky4mh8uwnms27hkvu0rpch695asm68zyn7raktjj38kt0h,159508;567071
bf215681e09f46f9fea7901089545349e63ada0c2c0aff8fc05acc5c05992e9d,bc1pyvt7vv9mjr2xnju92n45qwfymqg0cdjlzwn033nf4gtnjvzseemrwfw72v,59498,1xwZhz2h1BEvo1X7T2pX3pyU2xgQm7dyxy;3NkiPxBJgRZyqS1Vrn113moF6TMmcUXo6g;1crxQZrzvtH27tqD37KqT8eViY8A3uEXyV,27411;31559;415
7f30609071d975f5d8f46adc3ce4bb34dd055266c68c15bb47c4de93da1adf33,bc1q7vey2tnmyac9mrq8a5fegfuffet8d9m6320zy2,243233,bc1qx96uphv47azk0a55w9c338t2439jf4tk2vl2tz;bc1qpas5tngwg8txcfmhmf6mrjklwgmnp8sqxsdmzx,105357;136663
196abda6bb3b5d773e9775e23cbf6b80d975e81c7e7c5fd15d5718a3ddb6fc13,3Yq3txbU4Ntt1Prj4brijEVJtNv6y7qthS,865384,16tKWApWZeP8BfnNgU4Az233Ake1UQFk65;3pwUaihWMiKUEJzrySPTkHmwWKQ39rzJBU,785432;78975
ba2916687c76f13952b2518717224024e39fc73923e043e419e596cdb734259c,bc1qf35awzq2jf7aeeex0msvszh5xscmrz8l03gaju,205273476,bc1qhna7h59rwp23ddx6t54h3qh7q62yvhrjez8myj,205186857
1bd44867a687a32c9f3770d5b4d5a223336d9115ef77a1fcb05866b96264df7c,bc1qt8djk23rsrfpyxwvuaesxcywxthv8tepq22mcl,131372,bc1qt7w85m6809turfv4pys80wm3dcvqafsvgzkdpr;3sXCcxPVpgYX3Ex8Y19qqWv6CFswzANVzz,50383;80692
820fe90476783ee7b8af1777ef548c904d7ead6433105f8d3f0dc72bb1ca57f4,bc1qkm4n7aj93m7scmctm862hwmrgx5d33rrv6gh6x,72039,bc1qjcusx05tshxf0qg8qqa7ts5dq3vtelazmm8zp5;bc1qwqczpkk6gj9tc65p0nr5yc3wjh0hlmjx9z0fyf,68455;3349
9db687812bd4a5ee7c969f6bece95c647b17e85d3a0d19887d61acd1c6aeb3f8,3Fa6wC3iw6o31xsD4VM2kMoNH5mpx2ktj4,253816,1fkNY2sB6K3sa7xo3vTDub2PjVLKMZ7aNX;1QsipZ9eiRV8m6p9bUg5XVE1gKrQTn2FqC,24955;228016
0f1e25fbcc4ebe7553f3d4330878fcf55d70ef83b3153b6a251f06c1283bc153,bc1q0zw6hqly76t3rprjr73aze3vcfn3d0dul4ywla,421240,1wjgvePy6yzuBy5i3zJwPTYoXCQMYhgrsX;1adXpgbH14aKuW91U1dd42wfhHpe71vzMZ,303140;116710
9600b31770659b34e9800511950c67c8213943f7dcde4b8bb4297b407ceea4b0,bc1qq7mvc56y0ahj3chhnv3hfl77m30g8pa6ls48rr,3200280,bc1q7zru243tgsc7flxgmqt28dq27ngjkmdyppyuhe;bc1pcakyy8wafq7vptu0kuwetld9atwqznl3ykrrdz952jfmvupn8gdpy8yzzu,2478965;707576
c2c10c4f568d5cfe5e7acace2fe489c24d19986a2d1f9f9cef041d9a934a9d6f,bc1qjl5zzqu7kqhd27chlgvpu5uld85v7rz8thel7f,3938074,bc1qgt7zl392r4649wqvdeaae7mgzauud3smefwz9p;bc1qtplrss0fy8meffdhvyrzedghttj9l4gf6crk0x,1091547;2845882
0a375a002158275ea316cfe20382cc3dbc973f2989c1307c25e7ea1abfdc8d4a,bc1q8mdf2jfms9zsjdqvgctrrpz6txhzh8qkpn7d68,647521,bc1qrhmvlxpkrw6napzg7xa0rrkhjw5dcr5vac74nc;bc1qhgjflwsma5z7229r09smwh0cnp8rdd3sc06yxn,127118;518488
501b15a980c1227524bbe12d82163bf3ee098126f7d41dd668109eca1238ae7f,bc1qg0rx28wdmuqe34kttmsq54feyu796vplnc3mg4;bc1qvw4znrjlak77zprdfyz0qxp76sgefxhr38y3fz,293993;71903,bc1qqahne628ytz0te3vfk84am83z26ug0gl06jd72;bc1q32cmycua2r8tjs2gv7p4n9hqffc6tgcwpzrwps,88205;276596
ffc41e7f39b62c3412941fb637afc9d9168dfc19cfba29529b8f51cb2025d115,bc1qc0lc0hx0f8q9w66s2w9pj2cvslu9sfpdgq5vx0,36064,bc1qmk7x3a0ktyuds0pukesalj8p2t8qe47nyxdzun;bc1qdgqx52whsu02gdzkq6sy9xv6wxp97yrc6650n7,32492;3400
e1819ab43142c20e0823e6a8fed263ab90d3d877ad630854fe75a353ef8394a9,bc1pfn3rg3j8t767qje9uhlleqlu9v0zdqzwuqxlvxup2qpjxdwggjmmwjed83;1dyKKj4TBBZjGdB8GZux6T7om3Yyq8qqok,404398;1511261,bc1qw95tx0n5twqmd6d0tdm934aj69p9zt6f6ng3aj;bc1qutxxq9tpeuetlru822ku8vs33kxxcx9mv9dq3t,129428;1782048
715c993a05f6df9b0e94d721da5358913ebb8b9057af3e0dba53cd26f0ae9a32,3e8YggazrkAjSA849Yp5sAh41bLg6crCNz,1624326,bc1qvz808v7mg24sagrukudwcqj9h3gmgxkzkmt2gh;bc1qr5f4pm0j5gnykgyls8654k3r9aqc0p0vj7ucjl,124746;1497364
9594d3ebb720a4eb7415a16da7d86a5ae4e13272c7baaca159a3346e195b0f2a,unknown,0,bc1qmvxs7qj89gz64m4xmxdqanfzdyxrtufax90us0;bc1qucdken9l6ue0mr3qzmnj9kp93wggc9gd2x6jwc,1057835;1380033
a8e3a9ddd22311d6c30bee2394eec5ee7bbd3d57306c8465d60ea950a9cff5b9,bc1qct86y3pk9shg5lq2s2u079vg2jqej83gdfm5hf;bc1qsagxphzc67tdumyucvauetfks6hj7y0kjrcfpw,169949;30739741,1ohepT2UefgqvdoDE2pGT7WbbpRUDMBLsD;bc1q2s2n6vcjx49snmclqme5mm5jyrwgmdkzm4wdx6,2240656;28565218
d9537f03bdd4b7122f19f1e3f41cb6c435dc7937effc422b2cf11198f55849c7,bc1qj7uqxejcsn4j39ryk7cc8zha36fgvfqkj44lzc,27812309,bc1qflnqfcndqv9n6wqgn9l8ahgeekek6zhr0mq57g;bc1q425jcupvmujhyms2xwp0aldfwpq5p5mmwvsnd9,5802440;21936369
2886916112245e082ceeb2ed409516474639ad04f9fcedcd84c0370a1fc45aeb,bc1q6274qysj2j5wgz3djrnum90vqpyqnw5eld4ugx;3oDDkwPu1bJiEEiEnp26VXsfbUzpPGfnL1,68273;3844076,bc1pfvyckptkdsz3wt74lm6gusytkw0sgkdl78pvwcldjyjj0auuypgnv9dnqd,3904495
53510cce616e43d53bf91ac98c22c2e5f89ddd5e204da03208d5adf6a095e0f7,1zbTnZUWE9VAXxdKJSpvHsbVrifw3WNTP6,3790217,bc1qnhlnyyqqzf54wv6h77f58pfazfqsj2u60pnd24;bc1q9e7ya2l5p928j0dnenguvajlcalplt3uz48awd,1069694;2711302
2636f4c2423cbeb5519d0045f4f34acdfca333e22366faa8aa03fd1bc5576680,1ktKDJXhRiNifHjXEtBR64ucauY4qKLb3G;3KzHAvcscJPRjRhBMu2KxSLj4Y1Qp5K5t2,36056;380303,3yMmueESA5mcfB5Nvkx5J6TsgNonA7pDP1;bc1qq86qfurgqcne39eqxvcchpsa3v75kqw3y2n2lv,286844;128460
5a89e901cc1215a909a2e96526c06764bc07eb19fdfa6d225259314b921d4f59,bc1qmh2dxanwgqauc60s73lp9lknn3hkuf8z4aevr3;1k3apb7ApisFZ9jAt1tgHiJX4wTLVT5KhK,1534967;1723195,3zJzqMNZ8pfGzVnY8oJi8uysdopkPo3or1;bc1qys55d6njqxpr9e8qtqg9x7cjktmj6lpn3pmwa7,2182083;1067842
ba284f749284e6948715bd9e178d8a9a08dc5f0b4904061f0989e064e4c75044,unknown,0,bc1qqqw5cuvytlttz74z8h7de2psjt9fxjfjpvghx4;bc1qklwphraz5sjv7amvx2u3x2ng4w3q4p98h00h38,483612;129479
dc881fbbdd996b260fb227d0ec137720fd43fd0565579360d6c123b9e4e6dfb1,1b2mudR9GGdFdZpgby8eaoNXnRDfrVCHdx,85931,bc1q5p89jglzn8esfxf4nsuq422z6kyvawdknx7rq6;bc1qlxycd5ca0wx7dhkpvahqeq3pvpn9sf5z65efpu,52296;33398
593ac88f8b26a599049f8db5a7f1b1d48d3af5f8cb8828a6b7da3464b45dbe31,bc1q0csddta6d968ve4tmev7gdzjgn5xsxjc4h6k6n;bc1qgasphu6qfk4ydmfyhlgvy93kuezmrn32gqz4dk,764907;6374679,bc1qyxjsa7f6a9vws0mcsayw55p4lfvpklxhjtfhj3;bc1qvc2dwgcvu3lmmwxep3jyzvqdt2ws724sv2cutl,5197185;1932952
24f8644b69c1f59eae5fd57d7dc1d2cf0420b53fa332b8497354fabd28685c5f,bc1qqps2edsy4tdt2yumgcj0fymxsalqc66mhw7dpn;bc1qyx5ppkh3h8lcgzgjjdznnmauuygl3rtnsfawtc;bc1pkfslj058gq26cp4d9ng5ep8zanc2g6qxfprh403wn7rfsdgas9qsh625mk,3012738;6180869;1571742,bc1qrd8c9uq5hvngw6fsrlxqv6x7azzeaez3ycu66j;bc1qnjqdyyh80wsjlu84jp6cd6mk5w43eljkzed2xs;1xFQKs4zjAyivBHopxvxrc2a1t5ep77CE2,3114735;919495;6728251
1ab24a63e5fbd9780e8640070fd1b9d3e6a2065c6677af0e43b6341f6f93922d,1Sx9yMwoELv8NDuVoLY37s8t9yoBegGERE;3UVfjqkvpwJeYkG1ue6aNUdjk3QjF286tB;bc1p8g6gfl3rzzu75kcalemx3w2c6cnhjwmn3my5fcgdfd0eqc8chdfqd7n0cs,11503235;1023939;474064,bc1qmt7tk9a448s7cxpjz3a45l89zmhzth3jeqwxfv;1HoJmCmh5CgWV7411aav6y5QhZeLQEoTGf;1cus2ZAH8pEZYL29XCYKzDoP7Tqs8KZqX1,404805;9736515;2805809
685c690c31853673d25e7b1e8dfc9ac4ca44cf950dfead0bd8326a9b8d815ab9,bc1qgeaymy4lgjpuxwd8dthrmn25gvgq98mzfvtuye,7081772,bc1qrv0yxjetuvn2j994vuefpxme62lh2zhxa7cag3,7056903
65037dfc0bb0f1fef3f99d76b36a9ff32bd87f5d429ae2edce4248dc401629cc,1e1teefmnJ5FhQ96gMsvAj4S11jfur6cGN;136GtfjzjWfrxa7Nuxx6Bpwq8LQpxQ9qzc,2744585;25352,bc1pz79hqp9p7d257aq269hreqdp2ghjqlvuxhyyypl8ly4pv5r4npzcgf8r89,2758928
b46410bb4c644808445069ed2f54bdc32ee309ba9a5bd0e687730aaaa7b85741,bc1qe9hg6dfyfsfendqgsdghhjtdw45m8435908vc2,80908,bc1qllv6jz0u7t85padr0l8vjtfwlgcd28xjkay5c3;bc1qhyxacvayr09w5a7h38g7f3sd4qev3f05nccezr,80047;843
df332bed9a12cd97aef8cef4457a43020893c09c746b0be6e3fb7599bf23f75d,15oMEG6fud84GLLWgBPXU2Togd88hMAiLp;bc1q56hl5vktvaxryamjuqvjs4lr5kvfwnw4du82np,3878685;427377,bc1qrtcqvkjgjcz8gg0464x43rpjegh7m0xzg3rqf5;3E52REVT3wQqq7VZK5C3h8RcvKkyTZdcqG,1387871;2907635
0aba0e72c747b2aa258d8966174cdcc8bb1df9a4809a89047acd92d3fb148a17,1QV6Vo5M6G6uc8GziR18UE1YwN668wRi8u;35VdrRnoRb5yX3CiYEnMZaD7h3H5kkpEYb;bc1qdgt92c0fzyt0eaw3kgsadnslnlqrlk2w7axtsu,20149597;41620;35696,bc1qwhwvy5vqvqqpflar8lv57mgescrq7ld3pglc03;bc1q09srte98393f30mstnnpgpcgnrtekatqmcx77a,14101189;6050598
5460b5f2b6c71d61a1630fc2f6f7d96e3d9518708107b30d42589ba8a9642ec9,38PMr7GEXy3Lw2V15T6hSWf5kLMvUVgtps,161412,bc1puypzs3nq8tl3kqlwjry84hkga8hnq637aejfc3gjh6nd5ktyn3qzp2w8ct;bc1qz2wz84zj3y8qg0vn5mffc0a2uqf9hu9fqpzkfh,658;160704
7cf6cca5ad7048a69ae2fd015b22a4c3417b26636813cd654844633036b79a6d,bc1qn22wmjq90eqgtplx4n2ntam23es8gayd9unz90,258953,bc1qn6qzwa9r4juvxm6vl6clr89p37t9prjr88t8nz;bc1qq59j2ry6vkg0stlfhjnu8fchly875wa3z2fh6w,19604;238460
ffc3e34fbb04bcda6d58ffa45efea94b1921306234238e34669b8ec534f6781e,bc1q7t4krzw0lk2t45czqj3650p4eny84v54wv65x8;bc1qx03jzy6sfsdazfyfqqhw2aj3ay8kxgt4svny07,8611807;783888,bc1pg03e02zluayrc4qvtkv9we8uzy9g78e87tvav0dssj9geftrf527jldvam,9351262
c685dfeb06a2fd1de43c299fdcd4ca7016b16ede1f2c95ab832b2f8fa2b67d5a,bc1qccuk97hknjx4gyyrdetqyxuwlkm4kft0jmyrsk,1677649,bc1qwx5szw47ly8whypjk2kvvhqx54meedqzyey66u;bc1p4fay6cmxlxm4v7s7kn0hzxq24nfday3tdj6rxgtmaat6lmzufrtuku53p7,1225446;447039
8ec9d955b38dd0d1975264ab4d0a074915825b8926dc35da547289ebc2ee6dd1,bc1phpgzfgzvu246x5rsxf2sxnqas2fr6wgzapue4vnk5xkdrsvlsdzj6vths4,3220034,bc1qd0p2ql3tg5zt2k387ljjc99vywc03z26ad0mqm;bc1qqe2969cd35gzthp2mtfr8ewxa3j0u65c8mm7e0,2503340;713430
65abb11d7bf18c9331b245fa5a66d96f4ed748c8f5b3cc89d0f6edf43d55172d,bc1qrcf2k0svqnqaypymyffx4ph064lrnakdrj5rtn,20604261,bc1qcvwfnhvmxcqnt96fy44tcn796jc8nqqk08pr05;bc1qz7pkpv6yqsytjxgw2w3m8fsx0z9fvj6vlkalvf;bc1qeqx77k6dtcyv2mj9h4fppu4y34z4vqzqcg60r7,1623677;16438716;2469535
688c4c4db04e1fb003c63efd3eeca914553f262c98dfe89de5db5dcbc2a1e13a,3GceURUoHQc1U434PA4r71WRw3wYeGhkTA,384042,bc1qnphpg8wd8d9aqezl4dzmmjculcmma8lmzl474h;bc1qmdannfy3lhyd8lhtqhv00ms0mysexads4tz5ue,344765;38122
dcbdb4ae9e061eff9ce2878e594349c4f953189fb9f8901649faa2e81e126912,bc1qj9dw6sjkwv7l29anu3nwj823y20wdl6vq6athq;bc1qaa7fcr7v0jj7y7mmtz3zrlspmtpk9gk973utwp,3566153;10503502,bc1q5cjqru2q5v509cq4ny98xn65q9pe0x7eeu5dge;bc1qt0e5lk2ukecf77tdc0pvuetf782zvd336tmxhg,2072700;11957571
e625e57fe97f1b244805a3992db414a280e1f21a657f87d82504bc2dbf650e95,bc1pm4a575m6xl6s8q4wt0auf9ude345fmhlkmpqhfethn3v96px9lnxpw8ham,1125509,3jCVEY1y2qkZ738G1Z2byjkT9sgFEeduRK;bc1qzhur8tql9tu6yd4uetks0s34t2z5dpnaz8r0uf,200069;924880
46939a0e59f89d17b4a790ccfaa9a6a8a2c5d138546dc0a1a82a31a1c62b7356,3ds2L8bRqcroZ96jtXHLKLf6K2f7YDo1C4,43536739,1eBr2QVAXru4kHHPxV8FHrF6bLheLVw3vR;bc1q45pt6vtmy9hrg0cwwnzkfqfgusk58utazp59l0,18322787;25103968
506fd7baa3346ff7d321ef2018871ebf804a7dcf625c2c17919d37c369d13bda,bc1qqyj7anve2zwms6ynhh06yr3vuew4d0ctj40wfm;bc1pnhtxg2qlqcve80nuhftpnswv8cgnhxdk4fzkye3rz83y9pcr8vrfyr33t8,4703337;48322828,bc1qch4zcvrcddq3445klhnwsk5d9ptzkrp0qr83mq;3EQjbsw57MKCNignB9okPAsuerF7Kvq9qz,30135778;22815702
2d7508ccdcaad331bc7618e9804028cdbdc4adcfb9e18cae520832955449a951,bc1qcvc37t0wxmsh6phx5k747feu9dhq7redrf5r9s,2706684,bc1qnlhxagqg23jjuax3c8q30n5v86cj97ck7r50p2;bc1qgpgvayr39sgrxzrkc75m04sh6sgjujwn2ay0r3,1379800;1315512
9020556aa298e0ca4e9e832f254aa3bdf3305cbe4100e2b76e707b82f1512021,bc1qth33r77d0547kd8lxrnltt6hcrnnxasz6xmk5u,5025392,bc1qvl9pc5qzltekr8lxae80m2jcpk684nhtcs2d7m;3AzK8thJB9UMT7N5AJjT4JYXfuqbWPZGp3,2554339;2466644
ceb44c965f172f5b0533226822252f33d2549031ba62e233283c6bb9db5a8901,1Am6dLfejd4fTNAwJLCDqEnMx8hJyKBb7u,573408,bc1pu27adszx70aw0y08fqaf55h7rnu68eda982ur35fgflmg449gecqnwtuz4;1q4kZ1NhimCB4c3jCij6C4UbREP5DjjgKA,53287;517974
f1822d09657a4780c41336302640f21ff8eabc7c93b9d64dd1ce1c6d5633cd53,bc1q8vvjad99t8vjzz6ex46eefg5yqd9hgxe4388xt;bc1psdnhsctffh97732wx6qm9c3usntgl05qjen7fxn602gr3xpjjg37xgfh54,227040;1762419,1XqABf1GsRDSSr3RCU5XdwNXWrktmrjD5J;bc1q74v4gu4xkltulj2ulgcq2dmj70fykuued0kjue,456819;1526281
3d1c1ca3eca87eea14a5dc67acff8e08ed95dde517a51207f57972e91d54c27b,bc1q2l482k0hcmflzdcsf8hmm4xs8hzcmy3v27nxc5,1319644,1R9SHswL3dj9WKdihCfvAKHexF9drqtQUs;bc1q6ufmwu9dy8v3ksu3u00e7mn4576kytxheum7e0,853926;464894
b3b4d7081282d470159d946c0816f6ea2d65e6fc406b37d2582263b409d7645f,bc1qqmqmdtfwxz20xcpje5pmhetts8fg8le5d87amy;bc1qdp4acmpwmjzp8fl46zncsjv2z342x7egdffwas;bc1p5s4gwjv5evukqtyvljq5zkkkq9k0am264ndazpzu3vffmxjzwh2gffyxnf,4056345;1746664;492442,bc1qah4a8s56l3hkmdam0rzxtsxysxulc3zxns35k0;3kSN4ziTN5aZYkNQY7sKbxW6dwX6TLJZX4,5948752;336785
e48a61affff1e82034d9875b5a57ccdbb1dcb5b1748a287e08cd5ddca238538c,bc1qyn6f9kujh8cpja9syuflfvxzutxpz8xefw34rp,1772993,bc1pdnfc2d6dhflfeh9jy7mn2pfznhrdrkv5kzpc6ksy4yhvy6ayzet59e6jvy;1cgzW61meECVWm88C3c93DsRyBJfcs8B6k,39426;1727995
0aa89b5283ed53c86a2a9061657813ab30395f856d685a83ed134104ff6911f6,bc1q4sa5ky5sqvfqe6gdtf0wekn2kqm5lj2vkxrv5t;bc1q83sawutkan6zv7dya6qzrhxva0j4wucnxq2chm;1AZjfaHh5H8sy3mi8em6JtDPkdEo1ySLpC,393232;2557200;27537191,bc1pc62kyut444m9ukucrx8xds23f7da5snv230gg2j2ztx72te25ak03wg7z5;1oTVqj7K7BufdBmjLMrTBrAeHU3XmvbQoc;bc1qzhj5yayscexcn0dp5cdk7emlgexfq628htuvl0,2652950;1436489;26293058
28526f97a5c17b0da9db74ae8fbd8c5fe2c775fa4d53063508fa7195ce3a7118,bc1qdq8yvndma6vk0p2xamfjrkk6tw54etplu7lhm5,1054417,3df2ukj9VoqdBpDgK1yM2tkETGWB4un9Fh;bc1qen9xran9ccs540wdv2u0tfn5k5fld002dj7h6g,603010;450456
19111d6b85a4511f2d5d31b4e56715bed460ac21eebb443102852ea36df54111,1pXeSmms8338kfsehXe5Tgx8mnXkfdgYCi,11338407,bc1q3utx4ym37tqche60n6ts5vyusa5rx9xhe5wfwg,11322092
e573dee2897f7a0e2c200a5001ddfa5678cb6473b90b0b94906cf773e67252e6,bc1q5rh0jheklrt22pk0fkvrqnvqwnqmcwpvj5j0dn,16536616,1jFpG7NzMELVqpfZMueSNGA348wdMYem7c;bc1qzxnaf0fndma2khdcu7g7xcl44a48t563y6sl27,5735388;10723113
b04877531eb2c41e757e91c44055e3fd37cd925b318040cf7bc0072acb7c8e35,bc1p0jgczumsdjzyyxez59mezr05jl6emvc275gak942fzsek4ckzvwsq2p353,1097810,3ArXqi6Mhu5o825Effg46badocvSohU3zZ;3ErYes9B1quQCb69hwvyE6oz3TEoikpBt7,570056;522834
f5d4541b06c5aa49094aac617b8e8e27fbd316409ca9ce2563049dfb1e314a26,bc1qk484vaej7hc58y6lkn4rzm3rv3jwqgr28n5vym,1956521,bc1qvq9dhc3stgqma8ct8sf4nzdwu2zfavxktq9zpe;bc1qy3xjt7j0ja2cnraz0qpdwpjzgav27gec5jxw3r,1478448;474344
67f8b6e7d1ebcc8e74684263fba212237b3d0271b2826b8ab10cc25e2afd1650,bc1qwmdpv8276aew56650889jd6h2c0ll2cfg3pfmw;bc1q63lvmm9pnmutjuedrr0l0fwfhdwseyvjf274cj;3vXoRK1rHJbSDS4wWMtCSTTrn3DzTpnuAT,2386767;2998151;3758515,bc1pazepw8tyn94p3uaf9x78exj8gqvkqm7jlk4qn5xwu2yfy206pv7gu3f078;bc1q75csq9tfye2ldllte0m735wv4ph798z0uzlu37,7969091;1139331
47fdaa090e2c9df29d1eab74c18d55b0ce47cdfc11416d79b24ddfb90d8be7e6,bc1pjyejc9u06kg9ftdjrajfrqx93qq2k902z7y9kczuttgvsn4kpuvyw5qr94,2944404,1rgPeH4xLhxWb1YvuUFdxDqNSkY98ugEkG;3C1nHyuYYE28587yxH8e9yQQzRKzvA6xWU;bc1qez6e5znluw6wkref93w8dvtza8zfjle0wc5kw9,1968759;812170;154282
c47200800a39dd28970e615a7a07b7a2f2206bb95b73bef21ea973b56d7b42ee,3iCkiUwaYntkpHiTSDQBzLeVDD8tSXCHy1,79495,bc1qdt8df9vckytna8e8nz7a5pr2wrkc99fz0mdlqq;bc1qsyn8lnlge9j56752ddkeeztmq9dahwcvqhyjjk,5606;73689
97ad75a3b5a85b0df5d7b33f10854636ec166ef0e39488d725750c0d7d9e8ba1,bc1qdm5fw06k24pa98v0ykpd7egjnf8jjgmh4mek90,639092,3dsfNvTfWekCQdbeiR9KW2znHs4e3Vp8Pj;bc1q0z72mpj75kgy54f2fznttz2s67czz8lltqk8kn,626009;12047
e7d808d5c107dfd537b9f6296944b5c57dafb8c678ec80cc0e0e208dcf9be9f5,bc1qnmrkm20rad875yg86dhym4m4uk8ymqdzpy23ve,168856352,3DAs5cdX2W3L33VLq63d9QwyxdhYo7Wy7Y;1HJ6PmqAZCEoZLxatw1XHa1DyFWh9cdq2v,63464545;105133600
d39a4f4b3042538cd277eba10a9eb31bfe0463c1a4a3e51c98fc589dd324f411,bc1q78cn7sn5jrglnxwzvgpdshwz3cuzfdtntvl8cs;3EdW12mQmkMettN2cnFtAaqnxF17g4XXhj,446086;173867,34kA2ZHEzxdRpswti6dcNhwL425daiWZuY,619156
96cb9b7092e6178affc3173d18fd79168c5f0a4ef405dab275dd6d2584313b0f,1yDjgK9BGmwNaksjp183eX3otRY6mEwJP6,1093153,1RaRT15p3x7bzuyLuBzoc59ojxPRia9Ngy;bc1q36xzm8zt8z6r3kvvjrgrc4dvqwezs6rrjey277,649968;439764
a9bb7de698befd51d15de0ddada3d4fc5e15f52551e2d342e446c19f29387dd3,bc1qhd3cfl8zzcsrmm5f72zk95wjqfptqheeuwf6wx,208430,bc1qxgecv2ycw40gphqxlwg5nlwn8nkvlnz6vfqv8d;bc1qt7k3tavz6zln5fe98paqgfswf3c56jsswu8eqp,60769;147282
36258199a0f00edeec1526387ad2d7ff2fb817571a403c0de4d6b6cb79103bdf,bc1qcw7c80jfxxlpsruwjc6lgqagf7e2jw884fjdk2,1296683,bc1q8l046htaucfkj95lxvrh068lxjfdag0haxh3ts;bc1ql8nm4vwzkl7gxrcavadt3rm6wyuryqkjnatgfx,543543;749404
3a75f0fdd8551a1f00d2ed576d619d4586489afe1df69c0981300689b0c32a7c,bc1qq74520m8kgyklhlvh7ty652n9lq4eercp6ddmw,2086547,1ffLCv96e3JvDcREnz3FXUPRtcW5gg8FWt;3fZRWYJ59ZLw89pKwZP8oDCHQapLGrevjC,23966;2055149
79248dc2851126d7c2494d9e15fd7a356fcf97504e36f076957da08097fba94d,bc1qdq88jzj892e3u5vwrvnwgmjm999ncg4g7ehdk3,243509,17Y7iYdq2H2ytQjmFM4DoTMwV4VzF1JXXt;bc1qdu7vqy2f3qntnj0chlex6lm2tj5yhgzz4l7wxs,150571;92067
41281a58fd34c9e4e1d5f8f488798a82b450cd1a5e415204e97ae3967402ee63,3sr6nyJadNxmX2WGzafC9tXQa7TFwcarHY;bc1pa3yqyzwqf3g4dk0kcxvznhtzkqtzsnkckyuxpxqwy2y58kxgy6gl2xrdjm,1512185;8042824,12BSHdqUqoyJifRfhfWorgs2xhJy6J6p9W;3a186mj2BNBYqJL8QHnGG8Ny3vxZDCeVJX,3506815;6008972
2696a0fbc176069eb3eddde765d547b5d13bea08411f7cacfe0c33a6aa2cd7d3,bc1q92mxtczac6246wk39pzw3q8g7e3eqc06demfu9,326819,bc1qtk7c4tuphtd20nmrxwj3qf2dym2mrlqjutsw7e;bc1qu479cxknvqsgdhysjsn84aguhhhjc0umyra2vp,20274;305116
0f48a9b03837096990548312e06e676c881a22e1d1093c3b07f83e10232e5166,bc1qs03st6sh73nv53cclwkpaj500fjneh6e245geg,456903,bc1qwj6hy5af8c6lrvah8jaxn25kjpekjds2s8424e;bc1qvslxfp6kpw4e6wvu4m2q503v9xksf8xjny34p9,277252;177837
11a7edc00882ce3400723aba4555e38bcc8273a982d9032a82834ed501f07a70,bc1qa4vxw242rnynpyyg0fe2p8ttklplpd0zdfaeje,1297574,bc1qr9384z50he62wvu9yl555tfdk8qgte22ydkd00;1BEVdDuRcH4Fp2bKfyHZQWqV2Wb4rXFpsB,1216237;79938
ec3c6576f95e75c4c067519d11ecd92c448b3c5bd6e6bad45191921cb30f7546,bc1qqh749pjxfpd09r9z54c6j56h9aenrm809app3u,1528905,1esKbMjBjJxrax9p9GwGKXYaYyUgGnz8Tu;bc1qmdkqd6gy5al9wwwg0ugwekg2wcpdynswa3ysey,929602;595684
5775d2432e656e36eac26652f0756d71eca3a9cc9b218bc5222672f3863414e9,bc1q4z5vrq2mzsd2hvsez65vlljtzwsuucly48t4zv;bc1qznl3gqwarqshvmr905hp6p8d3twvk5fzplzajq,103618;64295,3tPuJ2bn9EyaLCGB21FBTnCAgsGEWDSqAK;bc1qhgctv4nh49fvrcxf7emzuxwcn8wdchc4w3hucq,3322;163761
b68ff97e72d75ca395736a58db1fbde07f6527ef6ac3dbea4479c70918dae740,bc1pzef4esnvsgjpp7es9h4wgqn3xgc2lhruz7asem7g4un4hn6ztjr4p4hxga,974048,11LT9RgmYuW1RiPPvTuMSH94LhYfJhi1bf;bc1q703g0e9gz92pgenudm6ns5wls72gsuc78qaaya,783892;185889
c086c0a9ca4143ba6e62478bfd8d633fa0b241a9c01f6913deac0fe506914049,bc1qlak7dk2lljgusqyglffndetruldeyyamp7w42g,42357600,bc1qm7rpkwa8p679u5c0359fmtxzeyz3q39u3eud2u;bc1qnssvt26za9m49y7as3dpa6nvanc9s9k3fu2pz8,8229784;33934217
ab1e8ca4008483d2478efb38937cb5bdcbce5179c959b002f98bb1607b8c9277,1yU6JSda1SWwY8rStoqxEktwJYH9vUsegY,2685160,bc1pq936g56cl5t8u97ye60kpgxsk0pywh4y36eaqkephy2fdne4leul5fr03m;bc1qtj5mv58vemvq7g4uhdhxknzkfntwkq4d94g264,1128153;1544778
b3ec99b7fc0192ea7edfbf943c9395e044ea12b79073f6120cb3ca94d20384ea,bc1qpd5nxz7pm8sk870mv38dn2ucz3qr6xge2wy50s;bc1qz2vn4tkjut0jnttu25kvj5wftu6u3n7kymuya7;3LDvL5D64CbiUuHj4cMEtoCgcvL9XbJFfH,305217;1142685;12552846,bc1qehflqkjldf6ejzez3pk4tjjpqa0aze5u2dzuz7;bc1qxf7lgstzxcnkudd986rrq9zkxz8zjfpn7p3szv,10855529;3126857
896fdfbe4c74bc7e6350fab78c5dc56af501c974187fc7ba115e0801c2fba502,bc1qx6rjjszx27hkr78dmvpfaulazmx3jnue0p6q8x,119236,bc1qqu87gtq0gsct60tktmw86cxv647sz5mhc2ucll;bc1qcjvcpvwqngam7vnmycxwqr4sqq0agpd8xxqc23,109610;9385
de07f9ab89659a12105bcac451f9597a0892bd32ef8253616a6a7db21f5a4c52,3xwcSatA1zbwTUQ9nWKmZ7B7zq2djRMeuy,2277176,bc1q30vj5y8qg8gtfdesh7gv0zp8wt9wvrtfsrcgzw;17jdn4qo6o2cn6BpKMkHgYUbpYoKVWYZu6,87388;2180929
48aab96b8a3dbb31e11770fdaa49cc40cfa88ed7aa9435148a165f6dff1dc8f3,3FhkyFM2e16ApY9LXYnAUFGDJLKNowxESW,100022288,3C2Mc2HzpVmx5pGgTL2gwfgSXP2GbuzHzS;bc1qf97gnvjf6lc0klmy2s7r7hlam5wgw4fcj846k3,100000000;20459
4092b204f73fac62c73127757428ba45078489685122b0229af606226ae33281,bc1ps0z7mpww7r4n52vzhpgl7j3zaf5ume2tyl63504ekm4j34pyuv570623uh,18209,bc1q6m774snzhqhrlrfvgkzrjspjtfhfaxhcs352k8;bc1p4l36hwp3u529a9ch3qlcvjjn4dq3thxl65tzfc4yrk6xl06h6qp8sp5cdk,12030;6103
e10c674d7808366da2df90f6a942c1fc7a02fd172b1a2388952370fa046b4616,1e3NNGzTvgg9GrHxSWbp4thSPorqoF6Aa6,1999380,3gtmRNck89bYpZedRoXfaVXd1ULZsLfLJe;bc1qd25gv0r2305jqht6xhcnxydxgy7k97swu66092,1659586;337957
e5515ea921f62521b851d013d31816e9844daaf15fe305a6174deb5974ae572e,bc1qek6hkp3jyxaphqx8c453exgvczt03ag8rsk5c4;bc1q0d43u5vtkfhkr0kew4dqxy6xl7dsng7s35j8wa,13646840;1005459,bc1qa4sxxkq9ntj47ec4hyqduhs5cvwl00m6j383tn;bc1pqs9y09rtc84fjl8nnafxj2hdd4tzp0pymqyewx48h9h4wh69hfsgxldvej,4418696;10174293
99504bd387586a6188ccdf52bfcb7e6c266858e55f1cc3ff58be8c55e9b5f4dc,bc1qvlqwlhdfcc3jk4sn5g0dp64n0af7k453qt08gd,19917174,1QfudXerx4LTH8W2krV6cxTJrAVxerfg3P;1jd3aj93RDQooBDgdLefpkZb6m2es1xdSq,282313;19633861
194aa17029e3c732066dca255c60f30e700c049e87549aea5b9cc7bb6b6efb54,bc1qqfexvwwhj4ud9r2l8j4kl3dsazj5p6rs8xy3k4,812036,bc1qr82hcqje0eqluzmemr3a3vaenncra5hptrr6e8,809842
99e580e84fec187789e109ebb2b48ba047c66c9a3a0e9b3b420b2cf99edf2348,bc1qzd4zqqf7nx9673keat0ardyjxycgt7pmmepplx,5205780,35Vuwm9sxo7GTYUMJHDVZAQWqu67y3DxUE;bc1qmkcmnn8p2jhcjape8e62d4snmrqjvrcmpfq9zc,4903024;294170
9ec1bb342151af9956210c02b5905c7b0d3863173aa5a46fd5a26eebf5e4448a,bc1qsvgrk3qgedp3znage38d2guqvjeh6ap6kw2d34,1023324,3xQz3fBgiEEhmVZrrjcLwsKBSNc6WYuwC8;bc1q4vsjq77vnwvrvyhvqxnyev3al40pvv6h6f9u60;bc1qxkyy9xy6vpshsnnuwr7pcqth8xzhstd27nfyyh,1243;761286;255853
266c183f74a5dde0ba8bffa8814bb59ae908e74e4dd2058893479c68d3369d05,bc1qajau8r6a5zme3esgam45u0cympyads8xnj4hzr,21134559,bc1q7ejyfltwccdx2swf7tyxks7yhl6yfhy22zws39;bc1q2lgt3ss0qgvdak33lfk6why52z6xa3nrckvr50;bc1qk7g785rezatjmvfkfaxnn0e4t88gjwn6wzchef;bc1qfntkk6k5hszaspkaurjynxdas0fm7xr98ngpuq;bc1qxrf7huxvwwh0qqvdlcvq7vk9lmr7e5yjamsm30;bc1qcygenxqfc5ld9cuv7pgt89gax2egu3rsfmdr79;bc1qmhw40kfk7eg7rkhjah6ekjgz8jxrcdavj9vd00;1dMqdL6fAzdPyXDNbMRcB1PR7S25d7iYib;bc1qdgncgjqqh7racagwnf5en72u84qw7v4v9p4rec;bc1q9f4psvjluan04ctawxc0qr24r74xehmq7d2skm;3xK3KkBcmnYRPQidGcRgT3o9ouqNSANNJw;3Kogzgr5mCJgrfj3DfLeuA1JFKBjeCk2rP;bc1q37c0q8xhtvxhrdvlskgc0wpegthv9lgqreudsm;bc1q5dxfvgdkl7vdpxmy06j0rnekcf6pz90perm2vl;bc1qjwj0slmqzguw5g7sx27a4c4d9whm0d005a377n;bc1quvrxrxwt5sf4k7a8dsqasl0zpev5rqdppwx35w;bc1pgle8scwdm4kqfgy9pqrwmseeeghz0shsgggp3j2hxx95wudm6yncrtxapy;3Epc2ATUmXmYY2AANgN4bsV29YBdyV1hcE;193ZRW8UiSM2eYUmwHdvrPATAwKgHDjw7R;1a9FLSrg8mXvbnDFLME5UAfW8qJQkiKs6N;bc1q6csfhumhsygdf82wmnteneat2smsk4wcfcw00t;bc1qturxwmhe8nnqpf2tl3fkduamrdxje40yt8uacd;bc1qnevrycyy0te767kxra5p2728ft7utd9rl74xea;1GRqvyMm1ZK6vL3ctnktjaCzzdyTMBYSEq;1zXwvmFY2nLc57Qbah2HFJHWru3UETxCwW;bc1q3nsf7scdwvhg6yq8szfhvfghdgqw3cccnd8n5s;3GtPiBaor6WfPdNBk6jNpDchWCMz1yynLA;bc1qdls7rl9yey45l5g3yu8x03gl4zs0fus2spg2j4;bc1q4wv6al6wv4ptzha50d57g7a9pdgdxggpfz4dgk;bc1qy8zjjs44ed582m235la6ksaudl90jkcyxrvahs;bc1qh0pynstu56f6dnqm0ktnrrf2l6p7q0hht8dqcu;bc1qr3w2a6rl86p8nw8zddvp8vu72qcg22d7u4vuhy;bc1p2quth64d0dqwzz9kzvmneltej8k85tshk7md0pwfyrspgvghe54hjypzcu;bc1qk3p2p8fch8dcq0ckxkpj3fvl8ap5rw6hwr9km9;3QddUPK6DRnwsBnm6XeFy2GYFHTALBxfDu;bc1qlv5qn6hptk5am6l2x6w4mlmqg9q35d5hwj6dcl;3EMP4yvSJ2BWdQA4hzP4t3c8GEwkQEGsPR;bc1qz4wksurjd5hafq0x2nve4l6yt6mlt8a6a4ehen;bc1qp0rwges5x33h00s7fw8mnn423x8vj0rtc6npvg;3z9N76qzbnFd5Ltdjo8NHtekkqa8FLXfv7;1aAEcK8eYN8drsrU1fDFPrQD4jtEJMyscV;3iijmvG4kmR9YaBvJbARsmqTfc6xTMYNxj;bc1qjgcjagrezfmcjgxgjr7rsz35dunr7cmjtl2seu;bc1qr20mftpzld6u99622d9a762gvk94jq6zw48vaa;3VQgFH33MVwZ3zL7c8gL5bUaCupo3BrE5J;bc1qgx4dtey27ezuku3wn4h3jk9ej96m5rfjagrrqz;1XGpzb8Rp9UQP2sT9BviiBvXoni5xsWAfo;3jB6qXGzZYc97DT64j86pSLTebfH18TSVo;bc1q0z8cqy86cg8de60qcnh554j35adv0p3um0yp59;bc1q6p8xpemq4enm7yeeygdfzh434j0mc7k83k84e9;1zUDYCMsDvtZVgDeUsD5BnePJFAFDjjt41;1ZZ1t1yVUyEBMpMsvGqLeWPUmBPyJhaUzk;bc1q66khntrd4takaqdfr8ma8chqmhg00ay8ym0sem;bc1qlx74x6rswum65j87fw4hu7ruw2j8muxzn78lul;1pY4rLMzgQ2Pwv2GiXHFV8viG263wY4Ctr;3cLhBtV1EXhDEfJi83mSNio4C78kkKz8HL;bc1q4y87dmkyzvckenc73ku600wtzswzenzl8w59g0;bc1qgrg2saezhwhg3uq7jvf485ruesnarl58vytgfx;bc1qjw42qdsmuqlh7ztw494t4t282fcpcak4wksslj;bc1q5uylrahwy4aqcfczr9vkt0kug7qkfd0sgg7yf6;14gxt717sMeas3hiM2finqwZSEfPFKD4Ne;bc1qewnhajg69wfsraxzdl886ak6re9tz6p88cghyu;3t2PYFd96D98PfC7QUD216JDcMm85FgDqV;3ZfKPyEjq8pXjLzBg9M5gPjrLSx9wHC47R;1PEYbccyAPvGXJCSawkVu3uE6FTPNmMPUm;bc1qk00gcgve8ffpdv3syfd74ttxw8ult5feqrrugw;bc1qglhnpcp6nl86hwwy7t7ekfrvpyp6hlcf4naggy;1zaVqMuUzJkNBKmCQJSbJJuSFSNr7eRWh2;bc1qnxma0rd6kcgphv4r9vs77t7ke3npcf5j97skyc;bc1q0e9n2ga85uxeksxdh96tpyqw9gu57kvu4ve6x0;bc1qu0rq933zwqelpn6wmury0x77hspl9k4ln6ksdk;bc1qn0935z9csmlt8lkjcyx6eauswtwwnxx633emuf;bc1qwq7hr8qw5d5se242ljjr2f6wuvn4y9d23rcyf7;bc1q5g4a4kay0v4anxjfdu7cvgp344kjhmk6t2gzcp;3PrDYh6rezxTdt5azS7JmEw9TYZr1rhtAo;bc1qe6te9dkjc6c78lh0x20yv09zmq324mtjtyf2vq,196756;182166;298379;40830;8260;99912;331087;61201;303784;951060;26766;303095;159215;549966;52927;320226;494275;785422;312068;186625;261117;551541;229480;8376;725560;317503;306357;65943;291954;135901;285932;30595;291128;2020056;13413;1026044;141807;555396;413969;227218;364049;572208;140543;107510;298974;447745;389987;433930;155259;462235;34764;213450;1567;106524;123899;136937;322747;133535;161638;73620;126824;69986;20633;251077;299480;262286;169025;129669;540243;198717;177081;7051;113305;129848;138131;235594
ca6e4d618d7262992e866849f7f8c07c459087b381ef34132c9f927674dc7f7e,bc1pmu203dnkxxaza852xj2h3n4lwhw7hedqgv6e8wlehzm0f7x3zh6u8aw9zt,10551015,1HNQJfnvqwhxu4avTCfJBvbdfz5acdSQwQ;bc1qrjqw6xl4qk7gcda0t6ghwkvfdj8zr4ht50e4w6,5987876;4522539
f59a162889c3ff86f2497672a3a7ac9d37b0e222c43f4b36de970104aae1b08e,bc1pdvglptq4amyd2290pj30y30ythyqzktpu96w45d4pv0fmdj8ez8x3xju8q;bc1qrrmgqts2s2yfyv2gdwgw7xzwj35wa42l7adu4x;1HzHKrfsw9Wo38Bz7PJ8RWitGacNFx8wm7,5486807;2110388;1481257,3sryQT3P1DVRPB4MBRJSQbXs68LNCzCUJo,9074864
87fe70d56d3bfbbfc0232b649a55d5fc504e4581d96878ac36edef97220bb0f9,bc1pgkyr2d58x4pyxyy837qp02mc6zg9yffct0tchxm7sm5unwygfezaq0494k,1061096,bc1q7ym050tgvww0823rwradru8xchygwpyzp5xgm5;13aBJYDkbhrbGQ58SSdVF7ZmfGnsVXN5Jq,496964;561499
4c5a2fe7a10396bca2486a3171f89aa26447a31e5a8f4b50630b1b533d03a156,bc1q6kmh2zqggvuvfx9cedzyklk5wya7vs2wp5uaa2,26259,17Adxn3334qC9vRDtrkpx7aEXDegqdbhnD;bc1p4ms7c2hh2w02lzlte60jvkjadeqe5cakw296hs5zj9u2h20jthwy0dgfaf,20896;5281
066b9bbed683c3ff8227f67839ac9f18b63f1d4c9c980315076c8b8152fb9bd2,135MaA91MmKjYc9Bn6ZEWyUy2NFENc4xxd,2659576,3iusC3YvjpYniyrF1YCdpaFmJwkbMqzMny;bc1qxayw605f6d3kk0p4wx485uldrtafhv3lmvs3ch,2260908;396041
d4f40b70b2ae39354f5efb675dc81e904530cba16b4d560e7dc722bb8a3cd2ae,3YgfTf2fWLFC5XCjNei3yxGe6f2oJgq48Q,1657717,bc1q00l8l3qcu9ezxstq58ryzx6vcxzcj99p83a0pr;3m2RfEsCpzF117zZKXnkXdKWRwfdSUtn5h,1378930;276537
3234dd585ac17be641aa333a957e6bd4a42c85a1290f020f1f949d6e05891e7d,bc1qrlpk3q039pgp8lhqmax5jr69v4qmmxgz84c9w9;bc1q5p98rwtfsuxu0qhzwrelw63h7q22smcd8q9nf0,184525;1544867,bc1qxmf4txngz4q22ss9faw80gw0h3hl5v462s2kq0;bc1qwwnway9qm38qrczxqum3znpqfvz456m0zzpv37,602148;1119008
b7463157aac2d6d84c3f8761da6351de1be67e89494a86cdbe7c1e865be2cbda,1yXC6TMf4JBiiFWxE748ZXgUGuGsq5R8yJ;bc1q0jewfzumweyyxqkt8wmw42xyntjk3s3ets9w9n,509501;3266645,bc1qxhku59uq68s4xnscffywj8hv4y8zhdw9l02l88;bc1qu75prd8crkytkgk2ldvesduxwfgtkhu7xmazr2,1669403;2098760
21bbb3559ed8377851473f679ba54bd2e9394080850eec1a5d95cc06018a91d9,unknown,0,3z7e1sNgYDNdhTbFektTajc5J6fYUetDPo;bc1qfhl5a5qdhvhvm58wfreees075vqzcwtqr9qhxd,14041;75576
0a72a8ddb07ed98ba43aa35b5ea1a3f448827b88d617cb5f42388a7f003c180e,bc1q9l9andlm75r93ugk3ypwvvn57sgppzz6yv5808,1941467,1V4YzaGQJHAsjtrTUGBaekuzEAxQortH6n;bc1qnh32c68p8ldqyt3d5vkmdt4ava2z9psy9yf5as,1603154;333821
c3a3017692a11316876cb48acd354f443b216e19267e5f93758578a4414fd5ce,bc1qtfsln8v89g8cc726hd4tcw8ugeetayz9263fwj;33ENLRRACbgFRqSdCuFzWB9PEk31yLkHWh,251692;830202,bc1qj2u8k2kx7mv89fzyd9gsyv8gdznsxy9vtn64kp;bc1qkn0eep8lh4p6fz585mp9qnx8a3h4zja0la0ww8,566463;515197
cf2a309dce4a8aad6cb293d9424a3ebfefa34bc386cbe6ca8943c905a7868eee,bc1qvtfnpg7r2mgthruynjt8pncx85ux4lf52hqqvq,927602,bc1qedvfr5r6fsdral738l4wuuwpjpj6at49hctnwc;bc1qt9gl3ujuk7fn7vhnzkj264ffg28jqztfyums0t,525738;399994
cd0ddf677ae41072f4fcee8043b403c9f45d193ba1dfb98608ccaf17922ebd2a,bc1qs004cr4v7hncdy52pysqefz0k60gmp8d8fhjy4;bc1qvg060f9sammcc0u2ztpavaztwktddmdluljdhv;bc1q52u2kra8jdxyaastnzy75djmu3cuj3sj65lhzd,241023;31903733;34463164,bc1qp95gxj69c6hdyqr0vacrvlcz6m8l56tteqe9qx;bc1q05twvh9nfzeu6kxh0qcfskfkvh2482drscq8lq,64504947;1870315
128636b01a8348401180e90a2f58ef18fd8ad4fee13f029d93c5e42ad5e64fca,3GzvZYEycDE46EaLtN2WCqooHBtvDaXjvk,397449,bc1qx4nk4nlq8ttk4rxkhyk72wr5pee8ts3wzkc2fm;bc1qens9h78s9qk2gw0gzvzmw6yu9y7crj2ga4qmyf,314947;81335
468083fd6b46ce42ead38a4ceaeadab747b284d652a769f6cc0671a4d6dd99c2,bc1qxm6h20edvh83m22c7akjzttvwx7j5hc7ccvqrc,375734,bc1qywdrc4dk0pay4qm85x7rzqanv0lw7xwfg8ut0w;bc1qjkt42e6mj0pg6x8vhq7lgd33h84css3p9xr7ed,322381;52898
1500c500e8c23dc1841778edd719d13bb255aa7d8db3f6b14447c5e777d4c8c6,bc1qlcu4jsfmcv6nwhpzjpupxs2vak5hfmc8jl3gxj,158021,bc1q7vz8r7ty455ktzzu5xtfhj9jz9jnhjh8c83wdw,157386
118296cf951dd5896f50e20c5e52a1b6ec0c3bcd0e39eb6d2dcf60d28c6ffe1f,bc1q6s7u6uc6qxnl33f45qrx8kjxn4wqvvsu0tfz28,55324499,bc1qz0d26vwzykm43yp8aslwegtna86xqwsrm9c0av;bc1qcwxvjd7krh2wcthlfe63l2h57jprs7crrh088m,213026;55110473
239cdbb052f62feca506a07637e100026936b4a1c24956aa8c0e6191dfcd0447,bc1qdh0pt4cm3l3sxzjg2pc27pafhtx8x3yfltg2pz,1494175,bc1qhm75v3q5e7lhawv4hv9as5jwh0h9ux0x35g3wm;bc1qdrlxrn9jgck978skmcm98jmrsgtz393sa8gqut,399497;1092153
8efcbeb8a77954691c80214cdd74be67c013f0d3aefb6fa6401932e228b37764,bc1qsdx4mqljc7tr6sk5zyhts93a2f5fv4sm3xjm39;3MDoWEo5c1yo6aoTv1WGpBvNMEh56NeRHR;33W4X6pLrZYwnj5KwkBVX9TmL71jq3JLKJ,34111487;2780212;293600,bc1q9vqdqrg4x6nahuyfzqv0320amyztmagucjthmq;bc1qe5qw9sq84l5h6dr388xrcgj2ge9amkfc9qes43,34948320;2130805
6de1581fa86b4a1e5b731d56a789671aface49d474a9b4564d2f88ce0b337020,bc1qsm4ymm3r6dd2p2phlyhn8n887cth9gvyl3sfpa,1075678,3QtofAA9JKJ2e2pf6yEQA3j2YKgEREk2jy;bc1qw9ppggj8rzr7mqxgv4sg7v40xfgvvqyvhcmegy,155774;916972
98ee5e8a00ba54e40cba3a040c3d11647d0cea108409ae488e710e3e6f462f39,bc1qdnsy6y375qx8tvynk0wyadf3p4rx0z2g5z20u9;1eB1XLmA8GR3DYbAyteG25BAQiYguEDR3L,10666518;4066430,33Zs4iPoRzWeoM2cF2tUpUJ63S2PGuTqDT;bc1q0k9r44s4e4dajvs9dfzp32ladary20963yc690,5046301;9618239
89d7605e79c773277183c1fe1bd74e6e2f51c4cfe0cd50f83604db1bcab260b2,1vUazF4S2w6GFyknseGhsq8jyY2PrCfxV6,1391640,bc1pfqhgetp8mrhfcwl0js9hsuhfwxglkjhymrma0xd5ulw7s66k7784aa62lh;bc1qtkpdew3xvcrf8qpat7pfxr4mwycqrywlhwwx7q;bc1pflwjnqfs50hwymmwyt8z5lj2fduyd6vwu954dqkrkkp6vzgkm0zye46kvd,564594;749552;71612
a1d7bc66552d57e5561febefc2e33aa517984d162a9560356103ef4de0deb5c1,bc1q2h99lrmlg2k7sdz3q3zls7w98cw3a5vt6yrrwl;bc1q4lq797pv0efyxaj673d9a3nm8dp52tt0cjcktm,5723873;3293535,bc1q0sjx69egme254n0kr7dzgv27ed2yymeucp4rlr;1GaH5ygLyTEfLXyLSJJ78p7KA11RjxASkD,831509;8153681
869fc57d81d3e98fd06c2d5b0888bbcd13f081daa14660ad59035c1fc5a84cc1,bc1qxf62p6rhpv787s6dej57clrkjdu7zauu76cyrk,43245163,bc1phjmv9wen6eguhnmvmy8z6ht7tkmcv0msrqlnmfajcfrgpvukj2eyy80ygh;1Vo6b6dSnQMujpv1jvzjXwnCVQFtwyV8ar;bc1qtn94ne7d983z92urxhkl7503h797amyszwzldj;bc1qmqh4jg8txru5knqx7hrs6h7m5ud0h05ypazmf3;1fKRb25xttCmdSKh8deB88TusbsnF3ZEwS;bc1qzaffl8vsjvc06m9ecef2kkj3tsnw0uj76492y5;bc1qlafzd45jfhww4zljexdamm2kc2eylr3h9725zg;bc1q0jy4sev6f77u4jk35eeq35qqh964nv2222gjcp;3p6GENE1HCmGUgEuFDSHAomEBPc3Z78sK4;3dUcWjWsFFudUM8NLwt3E1HAAfttCFbvXp;3ZAtgoTYBuEtNUKsKaLnqEfZ39KoZVn9nw;bc1phvxh03zp0s8ne6ghh7z4zn5n448cvma2kgjcjzn2uvlpvvkrltzgwwh7k5;bc1q6szhtmcmk0548da059e2hvwk2fjkpz9jnnnrf3;11EzdG7Yoztg24rxx5u58B4gGD4ANKtEUk;3adnTGju2Zr1ELxSbVNm9RwunTmUDiWpER;1ghm2FUfKV8xmFw3xjJPWKKk71w7yDTPuu;bc1qgdjweh7v6efc88fwgjlx0uyeadusnzqxf358lp;bc1qrf25gydnm5dng708lvjcajnzc0hvtn5ssesn4u;bc1qw8engg7hazdm22g0gw9ysswv6eaz3js20m3ly9;33MVj1hJroxhjyzhVh8ES68BfT4YpenMSn;1jUzxzZabGAVwyLjtDyMMZsWfAtdDvfro2;1EZvjk1T4Dhn3GAaBYZL25VBHG9msaheki;bc1qhdrw2j677wg53kjm34l4f0kcketh25ysm7pwkq;bc1qemdd9c3233e69ms2wu3yf7jf8r8mdxp7txdgax;bc1qccad93d4pv0lttehc2rq7c4wuylf9ke3nsz5ae;1rduhmt9w9W1hnMJWifp1EqF7knorehGrD;bc1qpmf3p5jy0vunp5fen25hm5sp4ev3v0mf2sh0s8;bc1qzcf59g5e5kv8nchgxakqkmhm3h092f4vhpj7x0;bc1q7srvd338qm3vr9rpv2avywrm8rwjw9me7jae57;1h34yvM7UD6kuW3hoW5QLrUkRg7bgYFvCA;bc1qhflg46er8hwpn0dqx3x8v29u64qef4fgcgedrt;bc1qytv3y7h6xgrkt6jtam5cm2tuspu5s9q9zvxp44;bc1q0ah8d98ydwadfu2ssr5fvl5wf4lfnxzdtu9mhu;bc1qsknua2vdwscpzrkcm0n2fa33xr2l7hsrv3q8yp;bc1qm8ska5txrguuj3r0gz2eqvdsm8vpv7dl9ym05y;bc1qrely7d57c27ypfzmmu05vkuzjn597sdtlx3c3e;bc1qrp70xslzgxqnn7qpmhvvpq95ff6uws3s98w3u7,289701;423659;87031;2622562;765711;345947;479933;562441;870829;687920;2389341;651944;4600252;1809130;221876;2531329;117384;1613729;454536;1995919;1921775;1555644;1480951;344793;80064;489419;180835;1126548;403069;3523623;971954;1640245;134895;1879289;2429804;633449;884368
e0c7f700712a2db324aab5befd88b4b5c94db40fd2a94ae4e003338b178b31b0,bc1q9j49cgrjm84mfct8z3etg3p66jhgdvl686t5tq;bc1q33tqhhlnpxwy5z8tjsfxrc4jgrzvznxax9mdle,7696;1366705,bc1qpjzvgcva8vfu7xq0krefwhpcn5t3nkq66dwe59;bc1qltt0dtg87y9asc0rv2d9j7twwzfp00xy04am0e,1189890;183387
f443d8307f1798a906b76035bd97099e0c48ae1eb11d48ea00afa7d37a9e8f99,bc1q2wanaankvhmrl27zghrfeftfdxaawa06kzuqdn,1346877,bc1qu2pthqgu5eavawvxur4w3m4s6z9770v7dqzzc5;bc1pafyvpuw6yfrmxc97k66gl2fvdgcy865uuyzzagps7nt52ygkvym0d2c87c,807621;532747
7151750c435a8b456a400317a2c3ae19a6c32654617bb110035c40cade1c9e31,bc1qdc5fru0l5a5fdu8r473mp0d6hwvreslgk2mgff,3469029,1egdZQRtrA2EvmQnfEQuS3ZNd2U7jpzrDJ;bc1q9qh4tn0jsswyvp7hn59z7rnmpkhu6e905uqllh,2801066;665819
da7bdb81c0dd43a89719f41d0a9e86b6d4163e3f0551a48ddd0ccae650f61696,bc1qzr76wjnuy698z20yqk6stcddkk7gxe0kxx580g,784745,bc1q4fyn9w80r5wnnypm2j4m27ueqctkh30ek8fe0w;bc1qw8hr7ezjz2ruz5pq2tcpmvj766ku9yh9ma3es2,775685;8757
855bfdf48beb604f6de849a01cba354fea5bfd23a60b8b07ad7cdfa3ace26642,bc1q7chfj68qstu7xnr7r6h9vpqlnwtnzw3gn3c8qw,23711062,bc1qlwh8r8xpgg962qmuq28t5syxgh4cq3958lpah3;1tYLXvJd5nL6TNeKr1pFuDEpLe6M5q67Xk;bc1p8n0h6gp0nlq705xdejuufaspyr9glff3a8te2c76jn2uvaw5y6lahpt34n,5640417;4756964;13283519
b1f2d40b7c6f96e4130e9a27f7d0e3355f1142630df35360ebbb5e7e218878b1,3jVxyKMRxNWgjjGZKHMPribYgVCUYVVEqN,1240932,bc1qqeph5enn8aq8g5fph3v0j6egdfglqupfdmgwsx;bc1p7ettql3nmvywp7sknhzs9uev94p4t2q82qmaz0zdg70chvxc65kuc98jvp,787528;447219
2d92ff3c72dab79dc0ca7bf8fb2ebc2bba83a656bca1e9531052454f033c75e3,bc1qdgfvdt7su94z48scmmem5gh4cankcwklzmafsa,279997,bc1qqq4vmmgvueyh36s3508v5edgjawp8mtjmwdmjf;bc1qedkvpnjnu96yj5xwm0aqedm2r5mdeeh56dpfgw,222991;56254
a83d86465cae7bff053205f0179f2967922f84b451a8bd68babc41cdad7c8149,bc1qgtwm7pllhkt7gf5eku2eyv507ghg2240774x6k;bc1qqu2lu7c49a0skc0j4u073l6mh5dv8ae3e9w4f3,436168;115602,3UAPZcm4tQNrduMFfh7Zy47cFz2QtbBk6B;bc1qd0pnyp4qzxmfhqxcf9ljkcgf3zvjtnr59mdg8l,314153;236442
b92122ac4f82ff92a0742c9436eaf2851935bca7c07c7d9a98fe2939b3771309,3UgVA659NPyUYZAorrz9zVPydtTFThavot;1eCCjJ1YbsMF5sc5a3QmarBhQCFGftoysH,379640;6754,3TJTwQR5awraufMoB42oSMASXobK6jdE32,386320
4e8d8620f87e6d1f2e93e14b6037993b5376f1ff463759931d0e80a04429265c,bc1qwrzne8kwl9tsrn8tqjtu4qr2fv67z8ppkz4wjz;bc1qt7elq7kkllxx605p6mruf996ln9m74gldxvgkd,62453;1735350,bc1qpa2z783pg0z3mlpfpuhakj27ua5p70nxumel00;bc1qdmgsuv2t69fmcvu4kdrh0muh9crr36rp7qz0e2,124022;1673494
9598486edf3650fe5a94bc0237508bd2afa57110b2d95d98bbdc7a14b845d457,1JoXTgJ6iZKCVLKuCw4m3k8rvqLbvSWrif,8938637,bc1qh4ryaql4z5p3u8t048hevh42rwzpedz6wcrhuq;bc1qa39ftwr5a0pdyzhe9cfmgq5er97hn3x7wlepsj;bc1q4pjeek5cjml3z49cepxrq3pt6pzv5khv8puanu;378rn5G9zSYxpScR4MfRvb949jh3xW2B2r;bc1q66um0r6a5frppqv3sl78kej7cgpk25dknm5uvj;3fnNhtB3Qjyfg1uw2RqnZ1W3VNU7CVkuid;1v1hu2aaj1ajbn9x5QU7kf5NytLL1mdSK7;1C62KP62HPuC3gY4qBQdLtG9LyTzrvQcy9;bc1q9xpltxewy6mxxmny2lz8djmdxd4x4u7knetdct;bc1p32rfkearw30d8lcyqy688s584vc2nkyqqc86aadfp0yp92hn7xstl0s6cl;bc1qxupwzej9wp4tsayqs5e6dxwa4s5u3jqvuve4su;bc1q0ph994vsq3zwy5rnelwxppx3q3mugal3p67u3x;bc1qu2vka5v9x4sqkhdpanj5f5shqkw9lck6wyhmsq;bc1q2707r5wkf9l64vy0n7gxrl98etm0dpfqaskvuc;bc1qwflynks2d522my2ev99nl9ldnp4rlg89ka34sl;38cxKw8mTqvqyTZ4mngyyjuVGQzptC1p45;bc1qdfv6jdfejmqndt4mf7a8p0sgv5mhm596a26y43;1WsVcuXappPUz7K4wEK47udU1922g9sqMf;1DLq9rFmRYhTEg5panzmHYXxumDyVyJ4HF;bc1q9eseacpmv7hq45ln0kfc8cljf4s7akhuplu7y5;bc1pvgnymhs4fjqwu4zpj3f9sj8vgrsds70c7m9sz2tjjtmsgglutrycfagkwq;bc1pqmx78258a3eamnhxk6y95e9fyls2g03jc5w0tqqt5qvy49vakmuxdwqcnp;bc1p00nem8ns02k5nn6xjrstgme38stluy9ehqdarnj9awe6l7t287z5jcz456;bc1quundrwtprqqp0d4ct6samwct578up5drk2x0ul;bc1q935a4ka04ec9a40xzu9ge3y4wwxrmf5gerkvgl;1YLDbgchYWH9uW5mReCw1rj7xmD72cDr82;bc1qjg6tdaneh4e7hpggqzlvtwkwd5catwxy50fc2d;bc1qneey8nfmc9f0qdrv686w6e2cm9n7kzudjpj5rm;17Qr8BdRsk47sQDFrqcAYp2Vo3sBPS9Sv2;3KxjtRxU9MsCZJxqbZVbG1M3H4jukZ1PcL;bc1qvmhz6vcszq937cv756er8zepg54e4tj503er5n;bc1qrhkvjqgwpdfnptezrcna0jzm5zl9e3pnmd456s;bc1qfzudhr0wyn9qu03qhhtylqn0kjkk9lppzzemzt;1Bb9iiVqD6gXmvdZ5z58RpdWQZrKGtwzRa;1aBKKgGfM6w18Dkph6YS6CLnnYaWt1KBfs;bc1q6yl8ggyhje0jd79qx8qdgkchpue9upm3s9hshj;bc1phqdc5tswxqpty4dca4lltqzxy7hlxfruf702vks4x08wj3qqel2s3jhz9y;bc1p84ne2ktx5eve292v7y3uxgdgglj4vxpz47phjexn2pvmxhnzyjlvf9sker;bc1q855tn55d954vfy233jeq73scacszuwfhaxv8ls;1DYEhMgNuMQbRHuuqSMdWH5V4ivieLZzuX;bc1qse9337zshg9z7ur9vnwvxyxy0req98yms3m3n9;bc1qxmrtm9v3jqtrpl6w4928m9x5z479m53m6fzagn;bc1qm8va0u95fpk7qhukut8xq7kd2zf6g70pu4e7r8;bc1qqvxma66yl0z625d28pe8l7tg8r2skq3ryvtzfs;38o1Q2zLUnQvFHhRha67DA9a6Y7wW1KQ7u,172558;131666;404279;22435;145591;35333;85316;290564;140461;102456;109027;133694;334082;483870;675590;335998;82353;253232;125085;63880;399466;8515;504289;134512;220355;234047;490066;220036;206845;14990;158795;35363;290628;156021;247790;9250;19256;273821;16259;16065;2647;681342;290689;94712;76444
9205557c21bf94a713558ff442d7b4c8bc3c009ee8f83a01bf25fb37af360106,bc1qlrlj96w5egrv9y5s7lh4t3h565e9yqm7lzq8e2,1130445,bc1q0czfy7m04jwfxmttq3pynqdjfx2agekjx5peqs;bc1qgpsgdfp6dwrpd9t2ax4xhw99qjfzt4r8lnt333,582554;544114
15885a88f9fd19afb85247e32bbd7ef9a47793413d87c40228f3f773226a2dbe,bc1qcnv5rc7u3ed4t7yp6vvh6lvw6v2pgthzmufe6j,251846,1at1zTv79kkQfwRjk1bVSxpQ7L8QMwMbRN;bc1plpmxl0uh3e8ufrd0ejkmj5h2mujpt0lctkqd7lu8wdx58ca2edd2anj9d9,6127;245667
705b14d97204f7187535c8d92cd59fb9b3c154aefb4ef851606d444ece7f0060,unknown,0,bc1qg4w3zlsgfxm0rd3dzhfvuqxw0e8tr62tamwax5;bc1pv3jv85q35ug3pf40huvuqsp47usnc4f7e9s9zxkp73xe6zjksxacjxhq25,4708768;2253523
8eadbba8ae8e63a7df0f39392ff82374c3dc5081c0d13bf5711af5b414f56882,1MeyDpufbtyYy6SVt8GCNM65mdznvfW6p4,4339956,bc1q58fa0svy0nq9a4sz2qjd39s8n85258cp3y79w7;bc1qgj826dsy7cp9fsr42e4ec8pk0q4g0lglm3lgwl,52994;4275250
2e3f905f50648159c9a78dc0665eb5378dd95cf8b8cccbc6707e3956c16f8fb6,1cqhrvpdsDyGtdNNspGYbSFDGpzzqLhGAf;bc1q7da88h6dzmg8000sjkg28zlaskwfuuxnlpygqt,13925805;1347856,bc1q0pr0snej3zvrq8hx9f8elhqxg5du3qh2mqdmnj;bc1qmmhxe48np4ej9uz7tt2fv53l444cevm22xkc6r,6886306;8342238
a47768df4a036e0136b4450a16fbf5c152e7e4fdbf20749b74e33e18aaddefe5,bc1qa6dl4z2lwve9ftnkzzxcu6ml22egevxc9qxm36,31597617,bc1qnjdvh3ea6rw23ffqd8fw2yhrj8wp95uxq5fx74;bc1qegm26nna02vmc07p57tmlwz4ref800v0tjkxy7;bc1qmvxzd2cjry6fgq9kugf3hy6wj78v0cs6njnqcs;bc1qjz7rk2phnn4eggwwtgh0dp2w53gp2znnavqw93;bc1q8d7nru3530qhtrj4xe5lv76al0cce6zlczvdhh;1ppeeydwfW9N8FBq2foNhu2jogXffyk67s;bc1qp3pz9s8gs3aej6tm2ftsnnpz9xzuyf7ur2wsge;bc1qddm59wa7jme86d6fyzgew7zmk7u6acpdzx3z5u;1TEDn9fZnTmq4PNdLhYsbgF5APvbZU7idk;bc1q26g957d63me50lzcelfkem8ccwgzm2tuuygc42;bc1qdtyvq5dr7hcw5y8qr3v8ceg6yq24plchxjap00;bc1qu2xqpc5cx9nuyu4cttal6uf0vta38l88jfzjtl;1vLxwbTW1RkbSvBw1RyyPCALwpNG2shSaj;bc1pvwuaw7estw2e3py0u4ygejpwfj56aglx9y5gug48r0a5hqzpxvanlzvegy;bc1qz5ldd0l0jtwdykq87ucx5zv5s92lap7fevvkxp;bc1qqf34r0xmf6ggrvepw50w3nzrrp9nsgn73prrpt;bc1qg54h3tcwq8hvwh5cacal6qjnn6x60fkv9c3f6x;bc1qqn3qwpqvctgtecdfk7xyz0665p6t907l74m3ae;bc1pa3l6lqusdkrcsfk8v26w0zyrvrju7mmlulay2a06wzwqvd5gl6r08m6djx;bc1qf99wa36500c4jz5v894806r4qnk74eetlrnv4h;bc1q85002jzz55lt4m8cczyc4jluq9hs2kdp6aqa3t;bc1q5xagjd2ska0na780fkrdvr3h8nffnxv8f0n79m;bc1qd9kpfgevwu8m9syc6avvggrwmgaw29cfmve7rj;bc1q0zrt45fgwk6qqew4k70d3sr389d0cxn35mygy6;bc1p3rm4uef0ktder5jr5fcmj4u56s572g3uqrwzulkavs26n6rwgj7qs4qeu3;bc1p9jpv6nc2hpk8d26537sa8u29dl3t34rs3qkq2x33vs09hmyalqzl3udh7x;bc1pjv59tzmkllpqcuwy46kf6y3x3mf9uxju605ntznch7tmsw7u5g556rd4q2;1udG9pgzE4MFPB4tkEDbAVBJ6kgxNyB8Cv;bc1qefhgg6j99asvh6l09qp5qwqj0m74lw44n2lucm;bc1qsk3dnqrk3yxmg9nlf0pyarkv5ufgdnt7ku630w;bc1q77732y3qnm4pkdgw54s6uy49qcjuwxcd359s0t;bc1qttys37uthdvlss4fl08p9tvgm8wsyg5sfq6kfp;3Kdc3Ak747o7xrSDmyazWEfW95EsXs6wRH;bc1qwef6v63lmsnwl8dc0lx5cv73xsz5za4ev7243x;3qjJUry3MRc4Z2jRi9CNKiknLWqjyQDq63;1fS7wGmV7JLZkHcPG4KhjuVLZPsLkUh8Pc;1G96fU2w5X1CueidhqbZTnXfnhHDAxW3a9;bc1qhug5h7mryxvspheftv5c6l25y9p2ht68cu7lnq;bc1q5ayt5xp0cdel48tt8t3sygxjwsv3pttkxmxswl;bc1qvvjffwaqw224vesc5h52am0ekyxfp8p8zrpdj6;bc1qh8c2z4emlyp63r6x34acgkyf2ygn98ykcpqxw7;bc1q34g8pj0ra2cnlr7l9ghsd0vpccunwjtvuqx5pp;bc1qu8p0xrld69zhax9y2n30ww3hkxszdn9l7mxhzs;bc1q992lv0qjka6phrgzfa9lgtwq458kuktgaknx5w;bc1qtx26ha8kw5jezuaq8p5g3ttsltay9kxqqdu3nf;bc1qvww5thr3h7vt3cj4ymm4h2y4e5kurr4umtd5ly;3pqD2Dzg3jpufqgQQjcH2jRJ9p4Zi4ETLQ;159QgN34FWwD2UJeY5ZanJLgrrsrDEhapW;bc1qplhwzpzpyllsqv57rh0k5qgzplhwkkhea9qjxk;bc1qfuzzw4g7zetqzhs3pdcwe5gg8a2qtgywpy28vr;bc1qrzk9hmgcngprm7qgk07trk00zyw2p5f6hfqshp;3qAjWPp61VJBe5SZWGg4PBvaHCW7M8GMbw;bc1qh2junegxk6yd503k5m6u3upzcjhkw6xh00s4ws;bc1q0sugpn8tkm8hrtjp98dzk5qwlye2ry5mp4adjc;bc1qmqg4nh9570uxdcdux6nlpvvlde2q552a4pxdnt;3HLQmYnriNzKLQgqonGAKzYr67C7UjSdug;bc1q86zwj7zr0wtlleg62mhr6t7munp36va7pdfdmu;1XRLj5jgGYhA8174xLHdxR7f9SvRf6L1F2;bc1qtk3ervzquggngef4uvz7yklkuyr2ce79vh95md;bc1p2yzs23eumnum4wgxnzp8fwz5f8k84w8c5nmsw8hnwcrk59jqfj53e9xv7z;bc1qeu9cdvqsnpq7d2uw4kytd3cx6g5p4h5q8jvsuh;bc1qllnqrgnvpnv284k8z4x0wnlnekks7zpk587ag2;bc1qnylhtcsx0sf0ufuqefsy6n6pkpswm2p2l2em56;bc1pp8mxlz9gglczd8ndk5sce9k5d3zsk4h0pvgaq0gzvqhphydsxm2na6w8e3;1tk1eWt8kTsE18DaPNDrkzUnmbnfFfeiCv;1fsBkpiWb3zrkTupvHcELR1WJtLSargexU;bc1qmszucsglc8yjkwk3fm9gyuc63qksvh5k3n3wxu,478017;61323;184716;1177591;113809;208242;253108;258918;424632;1282179;123182;57952;98415;975134;464336;150648;757188;883979;838438;1123972;130039;629301;276110;825465;583262;670209;477605;87380;352311;1869080;1239573;19743;80572;63191;579144;761679;107448;315360;821812;590423;349577;399254;317637;158001;372417;522346;924318;452471;640544;78038;276955;4194;126723;579932;2149540;46726;229643;720173;102090;362312;590874;428166;93180;196440;685153;361450;2345
1411d65dc461da4160e7d76a4e08ab6f2aba210e0e4839c52787a8123b126f62,3bars7rstW5T8TaJdWQewu42Dd5G7qSHqj;3EBxHDrToW59jzCbfpYVq3F6Q6gEmBkxGc,250246;4397562,bc1qlnplexc8wggl0mc7t2lm7362we7wqw5ln6rrmu,4625524
fd06bcc32197f3743e633f5ad2fb3ca34e49ef7080d9705817aecca47bc52911,bc1qxu92q8t8ah76zr2fv2mzj4tjmwpreqd4y39zga,5100059,bc1qfvaxv0s4l8s856lffjuqv7cemcj5vkqylfnmcz;bc1qggxc5pn0upjx0mraxyjsj6n6ptq4cln70ddlp5,2210236;2864414
a7c9b60ebf36fc45cfbf0fc3a16784b4327ec46d8734f23defb95fbe2beb2d97,bc1qhmql4kmszkx6ux8qtg9hratjnh5yz4n7n6ln4n,16637451,bc1q8f0d7jq6tj3xvululdsrzu6xhqvxf5l5u0yqjp;bc1qt2elet9c7ha4l3m5klqel0ggu2tl4jxkp2cuc4;bc1qrajtj585jk6vwqmlyla2slskglnyqls4jyce62;1MBPxc2sc54YMpDimGswW5bYHmDV1456HH;bc1q0ppg6f4hch44srmj4928jy6dgry7ccl3papxy2;3fur7TiYaK3pkKWp58PpHi6GC14HdG8sPk;bc1q5vw88helvfffv9eq0452x4mj52nqcal95d8y70;bc1qqs9fa76tz7twms6ut23jke9d82y0yfgsa4jp9u;35VZoLDfg2CQv7Z7nLoHedTh417dhii5fD;1FFXnEBJTY2EqJypWtzYWGmErM5d1rrhCs;3rpdp2377Su3Xmb34TMuP1h8GWJeH9L5id;bc1qu7dvmu04ad00rlejuer0uyja02tav9fxmhfe3l;bc1pvjxzg50msq5wzu60gfpy0gsggaw6vdpfcehr3zz90w86wjwsfkw8l5556u;bc1q20mrx25mt4n5qwepu565t7qq0rar07jr95twyp;bc1q255260f3dy5fyugwyheqygqfjp92k7urgwpd7w;bc1qpjllh2hlx9tqhpuv54c23g4yvjgrhee4pj0hf7;bc1qy7rtk62n0eud2d874xu90pfz4aw93gan2sxva9;bc1pvzclk0mwxsuprept4j7st7yw2geev89g4vgpmakdvh2fw84jpru4zv6cf4;bc1qp7m45lgzhcg0m94wu2xd6976lg4cleq3utzjpv;bc1pv8m40zr6srtk497zn7cymyt3zwe0azv494ma6usm8d0384px6xsv5t59vs;bc1q5q70t2ppe0tnk4q0qypuwzyref60jj54lknm29;bc1qhy8h8vj7xcq0esents54a4qe6q3hgn8hwlc2y0,1131150;1919963;794259;438894;470067;1050830;2847;853850;388069;1396578;86226;783810;579360;908295;59236;766352;728274;726615;817226;996926;1444162;277811
6003751e5e6421db7667794a6d8937fdbd3a760a8701c903c698c0683cb80730,bc1qv8ykk9ur2typrnjc9awtz42kczqvcfj2rxd6qh;bc1q62yjvf7z4sxu4wxjjzgvamcadkm2uzvum5tn7j,11204254;328229,3nPzpJ8nZzzNFReEJcFYi7qq7tLHgb6biY;bc1qee6xs4m4q8wr2p9a3h2sx9rfx7zx5hlklzwz45,7824495;3666844
a23db56fb61b626b29091dcf978c84384d7723be2ba44821d31fbba86aeb25ba,bc1qaxtwztgl85su2re37kyv3j5ugck9sfw4d7lc4s,286746,bc1qd97nxa2h2xa7r8wfvddqg8404k80yk0dcm7e9w;1PAREoL9Ar946qB4K7nrVCjFyGufTTB9nf,61520;225072
6726a3e7bbe0598d977cf0e91464486fcd36315dd0d133003e40fdafec923e76,bc1qeg6df8mug8myv2tdjpfgt4ptx4ps59c9rxnl0x;bc1qxtk4nrnuw8tak4y25l8kxvsrwretx5n2lnaedj,28765;1758014,3kM8gpM4zs9kGhrcQBU5UGgUmiSSzsoj9X;bc1q0pqc940klexgwv66pw7ujn24qqkt6anf067ger;bc1pprh0sjyj6zknqjtzhfg4m9jkl28skqnatkfv3f68x7cm3uum2jpk3e3fxr,673350;1025688;83874
8c944b9a51c2cb0e85667dac1a8d5341a4bde8b1982861cd042369fbf41982d7,bc1pe4hepth8lar00ulxk5akpc6arhyl53zvqdx98svl4rzeqeayma3ul4acy6,3811434,bc1qwu8tf4un4taw9vjjvfq9sgnpz5ngqp55nt0sv8;bc1q87euzvk8xswl2xc3p9fvsj97tt29z4r57ketfc,1860451;1943433
4506dd7df3b4d44fd988d1487c4d0abf413a30df549cb90a8df37fa2b99f8069,39r47JGRtYFaHskB8MKCWwz2ZbG74D8L49,1594024,bc1puwn6wlurdw50ncahxq9twd6n9u0drxfjk3577avz7nhmpujmzftxwmccal;bc1qtdfs3aldju20h23m7pwhjamzt52yl2sqmdvnnp,1438663;152868
83e5cc2f69c009af01ad11570407f853fbf4cc1d4d5c2567041ce5b0a92bcb85,bc1q6k58k69tkrywqe5qn999c8qj4fkvl6uv2hufwj,500031886,36E8AknNAJxdCSkSiBQFQ4AdmLDH9xtF5Z;1G46EKsL8hBeq2xHV4EhZjKC6DUX4RnuMd,500000000;29004
5ed8c58167313f8bb45dda5dd2401a9dad2c52f7a0e4a6d7fca02e526f6e0bd2,bc1pgzk94u6u9572j6392kf2unjw6cllm6jvul4z4jrc693e3vnlejtl0hkjmu,35000,bc1qn46v4undqs9dq9864qnmtjcj2cxggxt5dxtmkg;35JJTwS7vCERF7eNBSWd6egCrESL9vLqfv,3924;30928
0b94e4f5aa97e8c706ff7ed5962a24d2431cf6af7b4ed1b02ea112c79f67f379,bc1q6hx79psyufs4kmr0ccruj0epfymljqe5s9grpr,1138213,bc1p5785r04xpla6h09k508as8scp52y7kn3lvzvw5dpyryq64dh54xyjrku25;bc1qrgavalujqyj6ssjjt4hgnyf64cfg6l4wt8gqgv,538421;597241
4d24bfe9d404588f61e3568e8c0b0dfc74b52cd0d0e0b42a7807c5c535d100c6,bc1qfktfzf22kss4vvmunugl03y8n8dn72sn00lhlh,41637143,bc1qgyg92cekm4grfy8mwywant6p4m88an430w8trq;bc1qax5t43e9d87sglcuh3tskjl4saeng30u3fcqgx,23523038;18082326
49eb381bcb0def3b7de57e53128c5c065673844b46400d7cc3852d4591118266,bc1q2exf4kcw5g6m4xfgx5cmmnzhc8v8f8454c9gs6;bc1pq0uzutn3jalpfrl6409g5tlwj5zyuxzcwstdtaauptfqywp4yry6tqpxmc;bc1q0fja053mw5eh3etzvmarjz9dl0y6znspm7hpv8,984305;800228;207738,bc1qtvwfh9tmy9fuv7c408znftn6x2thmf6x9ldwvm,1983225
8e56f77edb85dc5fe690d3b624b3af591d21312652de9efa0af5dcd4fcab5a4c,1ouDAhmKWKiKGmMgZnBwne5QXV3DhKvuW5,230093,bc1qptm8un9zc572egzqhx5nekd3ss2ktts78gg3tn;1yLu8JVCD4LioatpfYTw4GVwDrNVLeL7wx,219658;9904
1323e32fef942c0af32aedf2b977a0b9f709924af28e244b84227a7aec8e0191,3MTg7RTUFRNp5HyAsar7SHJCMSDc5LRm4c,1473702,bc1qpkv85zfder79jlf4x0sqjhyhcsjp7w6uc70nrg,1470587
c06ff90f8874e331a2b95b7968807539f8dd9f4d68151447786a6e74fbbf9e3c,1sNedCYNNrBup33YCUPt3As4dnFMoSxn1U;bc1qep06racyrk3xln2mpa6cuahjehreads0z6rnze,125234;1971203,bc1pl89yyrvcaaasvdyzmqe6gf6v2lka9km4ea6gs2wt62l9ygcd8t845fw7m7,2090473
5d8d447eb087643b29497f4d85d0afc36d62e54f43d4ffb3dd216d8d8b8bf665,bc1qzxey8cddh6gs9s0qanp6fdpjvvw69v57km7fnz,1432113,33MuZiZkfQjvgiptH7FUskftKdQwRL9Mbt;bc1qd2c3f0fnelk2gpuqq5m8dcujta33lxlf7hxvs9,354702;1075442
c308b0ca8378b0d156381778ee333c1a9b983bfd53d0223bc28d915caf8bcb7f,3XLPLEiU91MdGx7eCD5BUEt1VS75KwCQdm,2163236,3gx7xSVkz4cATnnrKKL8N4EBQ4DRi19u91;bc1q2jy5536svx9vwhkrfzp2msmmlggl9hfjqvlgvr,1709688;448414
1c15fd84105715b2dbdf29edbcf9622794a4757a450df24c02ea73ec4b8626cb,bc1q6hmz0ky3n2fp34g3j02e70652na3j9aftfh7yq,79764,bc1qfjvr60setj6ptk3vyhnmxjeahqh5yttx24mtkw;1EdbmjwQN8ZJ7r8ecypTQC86qidux5WeXT,37383;42313
9bf01b1f66ea64a9489b234721e038e1fabe4000c52966138a0f639c783fb48b,3vzUVMhUMbrHuBMcMRqL1A9xEEGy9Gt6dE;bc1qpjmht6vj45l37hsjgzfjxcz2ck279hysvkekcd,157685;1360495,bc1q8tr29nz6vxu6h8n7z4s47fmqwf24uw0aruu6he;bc1qsr8cu8eukx2hwsvmwp6mqhvdaj4qakd7dntmhy,1433356;78273
5055cde66009b7057a50270f47accf0ec9e68148b651e4b46a39e24e91305256,bc1qm5g9g46xdfm2evqu34qsr5s3jkj50jsj86rn0n;bc1qdqm7wtdqs7dw6hyynzys8salvdez7xxmcwf88y,1019379;229111,bc1p07eetn7dtzsydu52vnw0cgkd3mlxreqxvkfjm7ww5fkfgysulxl4ry2230;1h3M4LkdLn4GqGBVGdugtue6keNQVMfS6q,72946;1172453
109fef697242ceee9575992ac1174ad16e2e508ad7ba9ec2789e8e1b77906329,bc1qnhl7dvd9kpd0p8nxvm0gmphl3x0rcr9kuxagn8;bc1pc9hruxhy7pzqvfdt6sgssk5w3ltsk0htk0rmzanfzmpvk7e5jtqm7hhxy0,10658;159617,1XoRxEBw92boN4e3j96gaJZn6NdbyAt4HC;1qFZxMWFaHtijwqr5Gypn7CRkCp4heRkcE,156917;12797
9ceb5ac0c54e78e62c29bc4fa9938e9cd35b256167ef1d9fe21a85e537454804,bc1q36jjm8a9lps2aflq9r4pvguehxx6yzuwej069z,329561,1MtREJWJXDb378Tx8HTULZJuyeeg4SWAPC;bc1qkl2nv0g0l2kuds9cmwtcw4lrzj7m5nzvhqml5q,140831;187427
889ab5bdab8bc96fc02c9ec96deee2eff237156eaddaa37b1350054af4c61c38,bc1qchf9sm7ql83scdefu2jhzc33h6nsknx9xj93as,1069002,bc1q5xtlh0tm2kuuxjg7fqs8ytwqz9vcktcj6275wr;bc1pj4d9egwqly4s0zpgsmscg558nv08me5cnxshs63xhvjstrw3h7rlth8pe5,811125;253806
ad33b43cf03132ab4a18d399863ec129f8b58c3faa3621356b3519e35be93656,bc1q0l85yjsvsanqxxfn6nt3wly4d3uwwhwcm748nz;bc1qlp5waseu8px0pdlyrk8g30xtsgnn6czyfv7l9w,584816;3344510,bc1qntce4spw34f85ksmqjeaduajel5u2q2mnfchtn;bc1qg672l6nvk0hj5wyydmv4c287q0ychm0dml0udj,2899380;1020865
5f1441046880b1aeb07dbafa7f6a534469f48c40f7b913171b1a9b7dec0e3f9c,bc1qrtmvnqasmy7p2qqncnztsaa8j4mmgtd99rh3ng,7033672,bc1qxejtzwjx78zd2a0t4cnkqd6drees0pe5z6l4jn,7014403
6aa773e5f0a9ef910009085a0235da052ff9eee913b8fa1a95b9225f7ab2560d,bc1q23uejcuvs78c9ftzt2m3xrr5pk3hsdgazlgqm3,1029234,bc1qtfzcu574tsf02v8maptljlgvrqr6a4hapvtv6m;bc1qqtqsttw23j60k8rn08yjjk2ykcjavmjqwagzcm,248683;776302
7ab0330ab35512823327690308338353eade019efbfe83ae8f494b92faa09964,bc1q9r6jy5cy0x53e7equ3rgl83cqfxxusgyt27avc;bc1qh7appt34akxr0tuamg4lhlwr57w7kgaaeulmr4;3YQXgpTEk761QVq9oqyhMEeSFdWurBTB3E,30898;1796415;2483406,bc1qfcyu369vlsf5svfu38x274cx4zx4xd67u9s0fw;1MrKeBN7L5GSyTmxEwWPE7CKGFiwigSctz,3266928;1029955
c9f821f9621108534111e13c9017d5666fac0e64c586d67c20800a7b29f02fc5,bc1qdwjepruhg2zp22zu4fty783q7mzwu5vnrfx8kt;bc1qq6vrd4v7lt0xdlghzg5sqqrt54ftftgm52c3mv,18566025;3170708,bc1q7wndzmpgusz6fyw9xu6nwqfag284vqth4ns60x;bc1q95vkyl9x06n2gxavpjg8x69c4tjpecm7juc6r4,3543829;18106240
accf5ef8de510d595226a7a79e2b99e73489513965428479d485470bbb90d597,bc1qfd56knnwwukz58avzznzxtfp5ckau9pd3549sx;bc1qnn3nafu3925g09gwttrscsu4lxx0dcpzq9585a,221302;403118,1uMDFg5hvPkFKKsywCBTYy89SdCckfKb44;bc1q4fv7qe7h5ehyh0702uqpapxq9ryj7rr6n8x3ar,538042;83580
164377518d46b44fa319523e656943693eb7a5776982bd5bb344fc6c90e10b68,bc1q65dlyf2ar5grn0m0sp6zrtnxdfx94xtgnpxvhk,428722,bc1qpu2zw9krf2wl3059vuu2fljqnndnzhqkd7ljnx;1XZZ8TyyPFg7eEAE3hn7RjLUUVdcat8LAp,243419;185084
fd696fab39d842c03cc398283efacd94b984731de5020f6614a1e075f0f93e20,1nxKd6a4HGmR5GfsMWJFhc2muEWFZLsz3V,2043372,1ZLxBBZSifa6yLa6mSWrqDLKT73gDSHJB7;bc1qefrqe3qz8g5klkaegu9dw2g8jmfxavmyq7wkgt;bc1qak6ev5c9e7dmqr5ryecvauc3n09n6jqd8mr62z,616758;111148;1308574
0f7fa5364bcb982e5ca46692d09d9d377f0ab05cdf164bfcc7da3ac82c8f62a4,bc1qrp4tx003pu8ca39tw0pr88qa97jegcaza8atns,1099038,3hxMi9EcnT2TBZDDjyfmokRHr6pqUc5Vjb;bc1p5xu46s29kwnxgmtw285trnq4f7fya7hzgygwxuw2rx0qxgrrqtvnv6dfwy,574250;524610
92eb5473a003ee728604f057a9e1f98ca37fbc66efa9029b11fa5b5b78565b12,bc1q7g2fvd5cnd4v5avskqekxyn3eh7e6q5dmrjzmf;bc1qmtfwdrdpxf7lyqdu6lw2vfzqav4t9u927sp32u,1774037;593425,bc1qjx6u8h7h67hzp0q6y8s6tj2mr4jy7wypxt38jn;bc1qzk75ljc0e34nwlvw39v5k9jvmmdrggs2gqv6vz,1261161;1103890
2a585915522da625b82e40003b39e4b016e9d6637f1571eaea5a9e0ceac3f3a8,1CNB8vr3Qv411gVd7h5G7ZGCAfcCZZKhX4,655187,bc1qfm9r6935qkg7gaed4jl7egphclru588r0lh04z;bc1q0a9m2gkyaexte80zedegd6g069apucu657smmm,379287;273196
c068959e37b01bb4e635158af0a061df218a239a37b52c5cd2821db987f8b7b6,1n58W6o8LnTCApaA6g379fqPpPo96ybwCy,24087,bc1qs4wzznm3f4wplq6hg8q5ql9rrzfsfuzhhqcfj3;3iNydzQ126swJeh1fB66CdrootoVoHygpN,3196;20849
d57f154279676ba2db5fa0550b97f08f991776ca3779522c4573d41ec0bb2e33,3YWw8iwQ57oo9MffjrRiKaMMpcX9HzpXYz;bc1q70kmznzped6a8wr3t3xt7ha5efpmtw6e627vag,388259;528914,3qoq6sM7573u7F2kwyLzuAbWpmS8s52HRS;bc1qt6esgpszdcks7c6x79n40tymkqk8jjxjgp06d3,276712;638805
4e683ef363c1e39f3763e6f132428190ed1cc1e5c4b344963e74bf23415b4c01,3yQ7iSrJ9mx3JN3j4FsA1ooRMLUvcwTwxo,8856142,bc1qj7zkvw7uwk2nk4kaekntg3na3z5ry29w6pp3l2;bc1qpdg6337mml36vsjtq8jaxwwgkf9rgn43f3u94a,7012084;1822720
e4533f488a1cd44130b263ac0d589bf91b7d1e53245d4c2139127dab4b99391c,bc1qvf34xtwcx408p4qfcf5fu79zhlmnfn3rwkxe0a,507250,1BGHBVCMPRPTpqsAn63HmJatp4YJA92sVA;3k2NLi5qQLF3UJTurNUbasxbVdGjs7etoJ,476711;29680
647304d4040b5783268f479ceb7481870294e51afa3108cb74369915ebe335b7,bc1qq6yhsn6y5u0t0ngvm26g7ffdlnlhuw05fes4wt,3887930,bc1qtcjgw8v4mn3tvy40u2zws8lzfu4wwdxwh7lxsw;bc1pl790jdpd3e4wkfa72k4607vyzxc23v2r8yfzmkyn50phh4deag6eerqct8,1805259;2076961
cde038b55255eb4be95e4532b1fd4f1637e066dc7483c5ee43d3bbbe53a67e2f,bc1qk9vzyl7ty4ht0weaar3y79ewrxzpyhnphlgl2m,16706430,bc1qw0f5y9uzy4l368veln8j5svscxjeuscd0uxpya;bc1qmst3nqpv6jwxpdadvls3j39gcv78ysgyaj9f8j,185517;16519913
7fb90d9fd6ede0cf472f667c407ba37a4f251407c389a6afad9f440adcb8c654,359bKk69Fmdv2h7okZu1xUunBKcaJ2fLsK,5191781,bc1q9wg3dl8c6lyl34tgwdu8h33zdhcnn3yxa4uy7t;1vwJact77VLtEs4uBFYDDQiUPiPtDX5e7N,58259;5132522
b06040cf0d98e8f709adab23bd8ce9339a6cbc71a65c45949788279346e4a2cc,bc1qe6x4y9e2hd877stxrqjxt4s0v4k0p95nv9h93w,1546792,bc1qas6q8laukf7p56jnh4r64684ktyje9umul047p,1544334
d1775257a10d83f6261f03aa8a405cc15d198a48a67f911c986db4c4dd61f870,bc1qty938kvcssfvmrmmfm9e6unrr0jedpvshtkc97;bc1qrq6tyfmq67yw6pk4yaa47ngchdf3vv54kdmr9s,5112612;4569532,bc1qqa66rc7gwghq0s97ym74k8dc9hmx82rg0vwlld;bc1qkpqtzlsv5gn8x77sjfyl5va87ltts5stcwrkra,1086064;8563563
83dc2461fbee563032618b6255d85982ed03e7d0a02442bbaed8ce1fd8d8c8ed,bc1q7043gva2rx38tl4m3fn9vg2p0e7w8m4zdxpfhj,922398,bc1q9jzpyv502mankhdqrd6qlvmr6m9jmkl2d838j2;bc1qkx7jly5djsv42vdg2gjvg49d6jc422cpx634kc,659333;260892
ae408f22cb88d7d3bf6e0eac66e8461f51c956723aabb618cb01f31ab2f96b5d,bc1qgfrmps6f33au6uwlamewef065x7s7z4zlwrqf9,171260,1SrujKgtBvD1M21Pe4QDHhx2V5JUQLz7Ey;bc1pujw0yf5k72zhhadjru5hxa7nw0pl7rshknknqs87u6vdj3ej3zvdnrhjj9;bc1plm44s5kvwuf3d6w42awdx4espwp6sxhc8ujgckahd3v2p86ut6qhtzwuxz,48475;3790;118883
c9c17a193b6f9a02c0338e7b322ea2a1462b8d4d5d1f5fe9b5895fb41df5fd7d,1NFzNvTZZLWAPkKPpK4wdP2Az4GAJqbE5J;bc1qcfz6fmq3u3vrkc9n56vgd6lmlgdykkvwgsv30z,503609;5396028,bc1p8mtmdp4nsrrg2ne9u0zsnalyzr35ppavm50f70kag6tfzl7ma2jdlfntdx;3ccvHvk4WgjUjD4ypeg2orqNMtv6RgikgR,2712005;3160713
908c64aa917b95d01034571a5fa1b726cab68ff49bc7fa540364d2f86deea345,bc1pj42tqqg7hzspu7nnghtcxazpnjmd7ugc7g0qnre5tarvxjhy87v2ly3thr,185187,3SBHYK9LUdTqSK7dVEanqzupFz1B5tBV9e;bc1p2rhtztt9cmhklk5cklkjre4z633n93yf36rxy0xd55kl45uykxyy9dwmhv;bc1pz2r2ys06gtqgfzdxgqwfhv2cxj5g64cgtjj2q3kw2e0keh4qd9eqk79f4w,24275;151371;8769
24d033c19994388a7c11a35738bc3bc999f2b1daca738a9aff228409db791d79,bc1q30fg7dtam44qc3hm3p9h5mns9ljy9r5egy540z;bc1qh0cymj9zq4903em6je6u8ekhgxdp99pq50p8cr,10553459;769170,bc1qepv2fqsletj7p27z95sa7qjnwkjarwtjpv6s00;3kFE27jzvwcLGZWFxEC5jWEbPPGUFVAUN5,7225789;4095019
3623aec034180f248c9ce565490d7c92ed4c8fbe377b5c28a786952d36078864,3u3ZA5DK3ndPUC7WbgXK6jXVDrfVZDEx47,598012,bc1qfmlrussennunhv42085d3gzeuqcqz3u6qd3968;bc1qtga624n4rjs4mzwrf8jup5xtk3nqlnppupqjv3,576162;20911
03c725f725d41bb4e2d2278629daa4c910d67a58c07ee0e2aa6dac63d5e418c8,bc1qalxvjcvvqakkwqjjq7gspwprntqe29632hfgkk;bc1qnzt6dh2u7gwsecd3hq5ehmlk49zw5x0crhy792,8045433;36808035,1x5JQDarqTRxsvg8orGY4SWNmrpubfSxNr;3YmA4zU2RZEgGA2iDjzaKnQqfUBPXJNYNF,31864614;12788256
d4927711b930981759c417729f8fbcecb736cf489694c0c87e5e52df536bfdd6,bc1pvtygfq6rl2j0vuezlgcew88pedsmjlwcd9mn89dzl79d2zuylr2e76auzl,1420110,18cL8C4aSF3QSpJ1sxLHneLkivjqXWysc7;1gWReh9kPSAfXt4oDd3ZarYHvt6aZQPSku,1023419;389622
cddfd31d299095f4777bc249eb4a5dbe0e569934ff443069297e51d0e938ac7c,bc1qu7crr37kfmzjzugk2t0dvjkyxwr0hpftlkrlwv,472500,3HbZ38hbeX6ZjZEcNXm5ABCa448ZaK1NBF;bc1qhd05y5kehza6m8ppmq4gp69af2vdekzx6t05yc,260653;210412
a73687041ba87a2a80f28864eda6b49e936b88862775bc8ce0e412abd07b62f4,1UJ1kdiwxVuZAJrsNjdmAayfe5SLkeszFS;bc1q7vhge373yxk45ege4fft4cehf2k95wnjgvpzxj,4441782;259708065,bc1q83we4rcxn2ta5y2jrx976ewmx77wqmnxvvp077;17ALMzcWvFPvHTH1evwWkno766qsvoYp5W,105599242;157967073
1c4a250e404fdb326f4b930f0874ccc717f86688ea5858f072aa75fb5f20f1f8,bc1q4u98srugtmlzmgn25zgh8g22qyyzn4s7frzl7u;bc1qpjn8lk59k97fz0dew6a4mx33vdf4qq7402mjdt,913558;8086843,3m276nV4adFcJozsqCVi2Cgb7BgNXKu2Rn;bc1q9vlh5cu6utqvafttsxvwy3fjx7yh37hkussrv4,4728142;4244585
985e4e085b7abe2f7102cf8bd3cbbda0f70e78471124eff12518cef4c49fd3a6,bc1p9t7hp9xlrg7r6a8ww9akuplu5t9neq7jlnwhszasj7cqtgufcs5fc0rqsc;1sPLR5GpAaAWcCzCpwFitpe1CYztD66jZz,174382;1277381,bc1p7syul06gd8wahcw2d4rfv5krvsjtufursf325gh9zrz9aaskejcgpzye5e;bc1qg3l4jrjeuxs9zge3gchsq0jw5tgxk9g44p9nr2,561737;887145
d2921d2592fdc33ed79603ed299d0cde8a44c1e384bc6a901d7530eb77a44e8b,bc1qd5aqc9wyc8ra5lsdkxlcg8wtu3j5k7h2knpyfq;bc1qwxk43aanf44flngwz80nv56ducm8sq4q5n3d0e;bc1q5d5xny7rsrnx766cuky9yfyzcvpxs5zcjn34l9,1312185;35680043;346175,3X8vJqRoAy5v6vcWUeeWGHFbMkmir923gv;3VCZNLabkFs2uvNDwMrgdJKTZp1Dx1XuXK,15383570;21904556
297eadb6cc7b1ce25f2ede4128f59e37a12f95bbd79bdbcfaaff91a8eef28922,1mwUXJUjQekddLA3fHZAXM4rJFsLXaWT7K,1774829,bc1qw5y3uet94c2rw8lyzmk7zw52vwf8ruwffkeejp;bc1p0rv5s6kpq9fcm84qa38r3er224lx5p6smqcgraw8yktkegu5lhrn0tmj8k,1592183;180061
97bb9ec1eb36a22e4e577c76ed15c2bf75ca371a3f3f33fc9a40f5f08a713f4d,1wC9wTGzxdzCq2XQyUULxRzUKxttoBxpSf,59311,bc1qjrtp24wl2u8hlhsys98y50le0atrt707luyzrg;bc1qzv789wcewww5sgqxa7a2afcpv3g57en0dflenj,58798;446
5d0a508556026e17d1987d7ad3773078f64da3281b2374d1f52a1c782b3f9535,bc1qvq86qa3zeq0k3lr669d0gj0hx92hzxny0m5mgk,5499193,bc1p7ca7wak6fe6hw6wqa3wchyqcr0n39wz32hm6xq0m0qzsz77uxe7erdz9u9;bc1p26rx2y7sf84e9aghr9uyp8pl3s5y0n4dewxxr9hpnu0z0u47grhrnvjml3,1190059;4307594
841a05c333f25539f77b7901e994089b97942eb7a2a4388a0c088bec94511c30,bc1qqhgnd8szjpa3ctejxgar6t9w6n0y72e42y9nue;3aLXaghMNVCf1zxkMtrenEwyXj5c1qpuV1,28272;1513676,3zR3dHaX7owd4CLi2HAUBo2QKhiYgb8dkp;bc1py68tz4cul5xnahtg704eg2k0nz9az7362x5cg4lr92sknt26x0n03szksp,1300495;234258
4181866a031a14aca0e8838b575361e9d3c75d92ed8ba629824df6059ee42419,1xKvrDGcbtsvjjhtF23LNJyvcxnqKHVRGi,1479312,bc1qh2t0pz56l9vcjzptweyp2v6dcgkdv45jx9026x;1cNe6zDmhjzaNXb1WordusG6y2QW12TKpR,529638;943189
23ede0394c8b8610df88970fd6b8a6113421660d7a37957eb7f3965e1dc63cd6,bc1qefnkuvl7kctyhca9pzyur7twll907wvvr9ycxs,4562397,bc1q6pcupwcafq8lagrhq3mxa78mm8nvr0zqc5wrrg;bc1phksj97nwmx5wv9sk7cdutt4qy44jzajjyxuj8qcvghpenfg4jr2czy5x30,278139;4283258
37788ee2a8fed85fe3ee22006004d5d1162076af6bfe2ccee18993c5dd8685c0,bc1q8hdm7z7rupd00yppfdft7k7s69n75efrztm0ny;bc1qkedjpl6gs0k2scch75juuzu5pwqfxq7vw8923w;bc1pf3y6c9ypmxswu4y7mzuddtcqselhuz29x0m6raggxtp36je6pjdqhauvfs,291614;58254;32653,bc1q24ytmwswtdcflj02zxeydwny9mzvnu9srg3zfh;bc1pa82uw89pjskxy8z05xhxf0wdpc723swelfeemajz4uj8q80s2srgck55yj,217853;162928
68a214eab4873232f11fca41ab46b8a8b6d2dae512dc429f15c80639e6b37d20,1t72jj5VmLn6uiAxypKST6yB45vQAUPJTv,50601,37KaSbonS56CZq1gk9py8W4Pirz18fu7WG;bc1qy7t6r9eexfnc52k7xlzy7h5glx6esvuwqz33mt,50314;45
086435ee05a97a3845ae4f7efa4f812863ba63802766efde26af0926cfeadef3,bc1qtx38rtuqajx685eagqudc056vyjx3rzuu7cf5c,30232898,bc1qc6w3gu4s2f99hl4y3pcmy9jchfut7kjv05z6m7,30212915
bd51809a515317a138237408e2d550b2162ce9d08a6e72562c78e3b8e8d4ea55,bc1pgxhr4s9whtgew8xgmyfss765hu9umm8q79agvjxs0rau2uukhy9z459hph,7229486,bc1q5xlyap860xfa6tppr4d3vdgcd2vnfzj3umr85f;bc1qh89v002fu3z5svvd869spz2hv9nwqtl4raagpm,2028134;5196341
05c74713cfe1a4a646b7334fcf50cb46a24dfa83716050d44b74b9b405abaa8b,1p6bZtDDgA2me6vgnaydEjR7G9GTRAZu3y,3347914,bc1qdhtczga48agf0jvhcsy4mrfna7c54ns8czv4dk,3336612
3a36343a23a7886f1fef7c1163940296e2088aafe6c20ed4882dfbb2674f1a45,bc1qsdswyw3lvg64lvn74sc4k2h3w7qczzecjkk32e,858879,bc1qafvfywqtl6s26ejcxw3p8wga3lpfmagpcu73t4;1zNDUpS6kv1rr4VLJmFAYjEQo9DaRyvNvu,251179;607571
38dc7780b103cee2229318ba9dabc6ba7896bfc171950000fa194e32b38cd55f,1HqYXGhZ5ez3ADK3ose9gXd6fXwTtHtTrQ,353318,1hJVvXJ4qpgzhfNvTmH8NvyLsMwkJiskdd;bc1q5amjxvqeakvrtw5llm6hm3ws4ww32uqfvrygdf,29056;322664
b32e9a5a4410fc72070ce358b76186eddfea51af9342a71e57daf60b07ebac10,bc1qkhxxk4ray4y9mu79p0h739q5w7h0pc9xc6jax0,2478110,1Hm1b8QCBT4d1hTTHET3HtiDV5ea8Spqje,2472737
622977fe3cbc04f78298b4f5a0383e72343de4dbafcdc310fdc7630ab9704715,1ee12FWyQVKKQcG5H4uqBTTqUHxvD1GBhU,23890,1bV4BKzUkFZdD3U3FAw51a9NDTFPiJwN6T;bc1qgq7xcgy8fgcz02ghpxy4xpzwzmq5hwjea8fz4m,8597;15205
c2a5b2a6c1e6ce356f25eff158245a497cf4256f8a8c51bfa5278d1b8ae149aa,bc1qpnvracd3fz3ewd43dka5w97ymfc0e3z7kuzhs7,5205876,bc1qa5xvr03m2ruu6slfa76gjtpf5h4zhqgec06u63;bc1q2y89hmf8425m4zxhqy62y2mq9fzee0psm6xsvp,2429567;2758621
23b140301fce97c1a4295351d2279a1599b83839310c9c7fb32b43ef27a28fe9,bc1q2gefak5syft2h55hx8gqup4a2cstst2mdnt64h;3Nh4zRfeWe4PQSGoRmpxS4a8D2cGKXFzGs,3457777;3195914,bc1qzm7hvzxt7rd5phpwuagq6ee55rqhhcmw86hd9t;bc1q58nwax026a3r94gqu4p2x623325937gls0l0kh,5399649;1225417
ee8adb249cee1fc048355084a286841f7d170f4c398cb1a39a3b4f464413e141,bc1qz34k9d95jmkfv8ugfwj95de6mnmyt66ehwe6mx,16332711,bc1p8fggru3syv0f807rgayqlpr4qnz5qtlwe9magfhf72fgculuqsu3s3rv8w;bc1qj2smq86y0f82yf66xakc39xmx8yypn8u0kqv22,11604333;4670276
f4c64c3c643904eee2150224f020b2ad95348d8f7ed8aadcce7d287918ca6d13,bc1q9h8qrtg3q24z8sk00cgjjggl375umh6ycduhlr,43261,bc1qtwe8pm2t6kx5rgm5wwr3hajy4aundt3trgjs69;bc1qg4gdmjcyt0ml0k8fct709f805plsegcuavyz9t,36257;6969
c73a8024cf21840ccfcf7f5651218ce13fd96b3e40bdbf16989a5bb9891e3b46,bc1q04nv02yvsf96jecnc4xanuv0eatne2vehfkd6w,16528843,bc1q736uahpxzzv8erhwcwtgzg09c2ulwej7nkyveg,16499605
0ff342594214a47d157fb21709ebcaf889147877e7cd85136fa60539c3b7fd18,bc1qc8pws7xxchjzsc4tdnzswurvv7j08hrpme5wfc,19606419,bc1qseqnw4w4m985ca5vdyhl73juj3u8edhwdnvmy8;bc1qqetqq3rxscjrwae5ql5nl05jsh4rstkdgu3qu3,13138543;6400863
654ef75c7c30959b9c1832a7ee6e2613ce4ea489023c6b61f6f73a9e0bf12db4,bc1q4fvzk2063vlmt0pa3sxjxlhgnk9vnwcjtwu9x2,52839823,1XXFFS2Pjt3BrRoj9XsAftvQ5qxuT7W25r;1toE4a2VFqLdafj9A6ZYDpC7JTafPPz7Tz;bc1q2t22wvdn8fn2659yaetly74xufxqr89stsnwnj,25126984;1055489;26615674
f745d95d927eac2477a2cb6cc1e0684dcd3f2cf469b192dbaa68af75c827b33d,1Jxy8Mt4i467EfxBSowwvx2A9NNuMkXxu5;3vQkJfbQsXeKsLuevSf6EPaULqFWTC81g8;bc1q6aplm3v39ax83snf9zuwfwm092kg2dwxzgyhw7,477255;133747;583253,bc1qleklwp2kkp2vlrw0gv602rl9xkamae6aa35jys;bc1qjycxwg2kxldq9fpywc2ytrw4yh2vn8vm5ysxhf,832273;361725
6b4154af42cc4243873ea101037e4ede43c371228750a20736d1ce1878cb667c,bc1puhlhy6lanuae9rp6cxvrvvk4ncxzl6n54sq9x529wvkt7ps23unm77cmvp,4847185,bc1qj3s3njn6mfgqpejajtft5rjjqae00p7sz89jx7;bc1qwtjjt3rcakjr8taytcsg5lqcd09r4rhcafg5st;bc1q4ckqkv3u0804m0qn57k5eqx0pp57eqfq9w2dk5,1359777;3208643;263958
61010c3922363fb99b7d51c82a9483691254adb3a0ca31d93e09d1a49c376b8a,bc1pfvgtp9q8asdmdwvvnes4vxlpfhd6xuu4qs76zfrsup59k8ngv38fkv9css;bc1q8c5n6d5fkw6xy0guk99z8fqvs45vtjaagtahdt;1a5RqzcYCwKakVbSaAgriiighGqnqS4pfS,616837;51960;126306,bc1qwfuulqacx6n0sw0vhe0ha9c9g0fk930daeyhyl;bc1qgkn6wnnfl6zfmd39wvzqa30lyeasgzv9w7van5,136255;656659
cecf8e1daf083d7e2271bd2bc632e97df8817aea498ba0ef36206e35fcbc5fcc,1JT5bk7MvJvTiL1qzZVT9eou2nfydtAWFW,775829,bc1qf85zjqtee836ay6pmp6eh7h5cq3p29gj7s2ss9;bc1q6prdhv4p6n79uznnaumjm60rcutgck7ehz887v,450091;324511
6cb42e10a11ca03534af0cbd2af88ba2396a33b6738c06cf5d87a550872a7791,bc1qjfk885d73ceed7zcav5uanv4tsmdchza97vrmh,14012239,1esVH9AJGWUc7ABCSiQNN7hnoyUxgNqiie;12ow7itzZWPHNcSkqsWZDwkqb2ZCRMSpA6,11280647;2711635
c355e8ccd8ac01ba063ee0a6b103a9d7b9dbeebf6e4b0945565e63ecb08abbcf,bc1qc0l6ws4vjdl03640lgjr5unc6re276fgdyprve,852794,bc1qdd7a9ces6lxe9alxje9xj7cup0kwdrtdzfkeq9;1dFALFhSoou73rGoUxU3gnGvpSkb98J4LV,481501;368590
46f3c3f8f23150f8fc2c71f1d3d2c0c3c7e4a287acd22badbf1561ccf215965a,1Di7gD5E1VW1nJxRbV2QqwtMXNTyNB95r7;bc1qpv28uen3h4hdd346dd9cyl63m4y8qkqjv8j0xf;15g1EK9GiZtGidjNEtnqoQAbdZeWB1VXAN,131094;10874370;60411793,bc1qpxevmsq3y44m2zr8sx4ng5z409mn8gcp7tpt0r;bc1p3utda9rsahk7srr4tul599jkgegkvaumj9ypj6kg3zx79e2jf9zr0gvpts,21996195;49196723
bfdee8fef3980280248264fbb5d81b84585db59572c6ebbf8e4df77ef93c88a1,1qNsvwVcdwiS9gUTGm4dnLzj2JMtDzAGHK,57008,bc1pncezu6hyzl09dz0vk90yhzedr3qx9c7jf8rj36gz26l4ks9p6zjy309wwx;bc1ppy80vuhqh04wd9wwpustt6cnza2fzrk5g35erjg74xg9k57eaqsy6wlu4g,37004;19729
49d48c6148113278aafe3c9e7ecb14417492575f74e9bf545de1b1eb88d33400,3QMSAhPGys8PfSYkWKxKNxn8t5Q7RE7q7B,1947096,1StMhzZ6y6YTGF5h7BuCUkAnQSe2GqRW1t;bc1qe7mfl9m6arxva5flakqst2539gx4ahlalrxzkd,1792738;152916
1917181839787091ca41b03ceb72f1e56960d6f7f6f257e7a20c35fee22fdc14,bc1qy9d8td0sxae0ecfalms3gwrvn2fthem9gm70av;bc1ptg6qv7jf29xjq53z560rx3xq9ke752u9xdrhz6zrm7cacldgpd23etasff,937305;115245,1Ue3NvwAQ4dawmRUPepREXSd9UMuz8T7yX;152G5952UwgZCq3k9YdAsJHsXwJcMoRgvB,260831;786554
11883f598cd87e2463f88d74b20170f64c69232ee085140a349c7dc935c99a5c,1dd1d1sopTeZbfD388wC6hK78k3EvxJhim,196523,bc1q5w05c84xakz87mtghy4ufcvpnfacq7a5vntrrr;bc1qnapfsnvd3vt4n2vkjwwtac9fpzkynuqzqdje9r,79413;116356
7ae8665e15db8eff4afb8b20b2694564330bbd5848b8eb0112e87473584f992b,bc1p9j89qafmzn5wh0f48wxkw2rxhswjsmthmta22825n22rfdp80u8ls3vpm5,325288,bc1qfyhupmvxc204r77sqdjs2t5u49av8pmgdsp37v;bc1qaprsgl9tg0pa9a28xjv8purgfjp575vvxfjqdm,285969;37906
8e46f3c2e66527b227cf9c0bda2ba0c8ea6c147944778b0171afe2a71521ba3c,38n4KuXRzgkiqbd5ZZdGFHy7X3xtVYV22r;1MyMvRGyVVGqoqEicc6jAdU4b9iK7U4iZe,3653546;1438571,bc1q7ss08u82x0lhq628asjyqx6pqanv3uvm0s2ttt;3xPWtFnSioqieuL1fL613CbSTBcjAgXwmp,288566;4798039
61ee8bfdaf21b60b7ee910d1e49d5c30bc217d610e9cc91eb68e4f3c3a8acc22,bc1qhz0jzt89tt8xxgm3nnq6ca99azywevvutjl00f,917576,bc1qyss90hl0clylnphfm3j7zdrzdlc4shj55v8sew;3iiDM1tSdTAw3RvGQUxKuhrEhUWodEotzR,250848;664341
e059bfc7e1a774bb638425e8b70610487ffce24ef3d6c84143aa864b10c98d9b,bc1qq7t6hl5zuj739dl3dp4l88tz4292g4fwx03r66,8949722,bc1p56gp0prz98t7k4lcmr7c85qdkgsvwz6hzvlut5aey3gzxprmf06u94nlkf;bc1q7jk2veur4egqshseq4g9cucvrnp5w3j2jzr30l,4646423;4272244
ffe84ee8fe8f2552751d29196aa3617fde76044a533ff9c9fe766d7bade237a2,1JkUGV7R4Tr3zUqPxkJx2XZQ9vti4SkVW5,11884889,bc1q7ve3z35z4c0m0gl32knvdt4kv2qxllcf9vx54j;bc1qw765ntqr3fzyhu79swan7p3uhv6gjmuhdu7ycj,827435;11040031
e3004c28d45610fe6afdf992debec38cd9129650c182c809826a8d1d9f0b56bc,bc1qdrqjmxkyeepvtgjq707828ctekpskxk3ygrwug,415353,1Fuz8HLUWqWXsBM2gU9aJWyadrVN1yStRj;bc1quf9g8p7nxyqxv5gpjl2chyqjxksr38gqwf33xp;bc1qhfqm3a54nevt3n0s4edw3yxevl92fgwalhefv6,343186;67940;2806
185ef1b7cb603019eb283b6a5bc4d4fd1aa9049bd581e326209d761fc7a08f0d,bc1qa7deagqz4e95kl6rkpvhq7v5hd9vg9qpxezpjg;bc1q9tuf4emkf7ehk0cecay0xs30dpgyxfftzn44xk,333379;2852895,3596hsy5eroj8AucPRhsRdgi4EiE8QjrP6;bc1pupqmukt9r8g6kkddvnzs6yav8a05n0gwuwdvdvae7k8krace7axfyrlgtk,1831127;1343065
29b3aecc38223b2d27d451020bc8786b6478ebf6d54a50ce4703ac8d8b31399b,bc1qkyfrqjx7pp6rn3dzfj2438dxwcpw3cz30pu247;bc1qg7ralphnf7y643jqxeyc6tatnatcazkrv2evp3,259338;1836981,bc1q5cx34yt3vug6krj652fm3mr7fl37vr8qrx6utm;bc1q2jvwz4yxmclu9xkvkyn7aelz8gmqvz7dry2lg3,279697;1811403
2365521485cde3058cf6ac7506bfe28d79468f83fb9ab5e72f3ae2e949315564,bc1qndp0samx878dnzwrqq4v322s8dhamvyu4c0q20,246510,bc1qphpmj742l8dwrachhkvxj20rzzxknexnj9w96c,245510
6d6cad0be2ab80861ab0fe753d733d7efb71da38c941add973700819bab12e15,17mqKLoibEhsVoxckwWBAaSh8TLpvdAAdQ,649577,3oo9qx9BAztGvEhMNqFNREDQxvPmbAAjvP;bc1qnd2asly0jhn7rhg68f40jrsffhrgcq9x4er5tm;bc1q4ska9wremg2alamnt9540faaea7chvrse0fp9m,204055;45834;397959
17e1cd6200cea5fb2c3fc1e60c05eb1a143d7d7c9e46b083558daf3526d2c20d,bc1qtvsr7qallscla5wl4zel4d9gyptj96tzalne7c;bc1q99ywe95ef322f9pflhw9eern4ujw8tm8q5hyp5,48285;261594,bc1qzlh7t6exnt6vdztdm0ehxf08qd8mdky5wrwag7;bc1q8c33229s0hwwup8fqt3e9sq8zzj4kw2mlnpg4g,52175;257320
f97a73f6426e6eb2f02291a20504753efaf0fae566f01b4f385328056b5cb658,3ZDFehq6RkkQg28rNJ4m4e2vDem7LCjFNm;bc1qycmgep6jqe0zhxmcvw43pcdakpdqr39hqkrfgw,689152;4268284,bc1qgalu62rxyfruty5z8gf3ayhjmv38798x75ne3d;bc1pallgcsmw7mun04dj95ngge5lgxwkfw6gnhh9cp60ue56apla3qzz8dnzse,990549;3954817
3b20615b729c00488a312fceaf112fde482f0913f3802ffbbd9081ef68657c0c,16Ddw73svDhMfReZFmt6PGyM5T1gJF8mKD;bc1qz2ze9uqq3sh5a5fefww9s27e74zcjt3zpaxwm7;bc1qjlh87wzq96kxw4mjx72ktzfg40admyjc6aslr7,18279982;87759;2866,bc1qracwmcp4cau354lpy8wwjl086ujvuae95xc0y3;bc1qwlrmh669vusc989jpe93hfvq5k4ls2sne8yn46,17022613;1293419
d4b0f886d1e8a066296911602ecff3f459fb884e23b247bae4dc05b8330fe901,bc1qfrnlfkcdmhfdgmfc7fuvxd4hvc60p8wqlugyya,1737050,bc1qe4qmcq6cdach4r0ssqeg70873kmyvncaa8nus7;bc1qlz2pse2gzfvzuej7yznmyzrdpjsmkeyqzd3u7w,891052;839747
6bc873233df98dc44b0cf0e8d2501c7c93d81f1accc78936f5f399049021d76c,bc1q3kkx3zqp47uul5vr275n4q37a0vaqavqzd4azt,2636154,1RM6BHzxjZZLi255tn4esKcDb4aEPo6WwA;bc1qyz69yeenexwq4p89aswek78hwdhk5fr3mtpycn,1770086;862298
391560ff28ca37326e8b1b50f35100534f096a5151a2b713f27a62167386c060,bc1qjkx8qjmlhtkytfmke92mzz8vxt2cm8haxtruur,500009116,3Ef9cZQtF4bXWJnCJ9P5v2zdJvzdd3D4vD;bc1q5n7e6qqcuyj44srr8ca5ls93utkqlsc07jsw3j,500000000;7155
55714491a3b9e6869be7872e61ec590f955143649367350156ce019424091f68,bc1qg9xtjh5vsqhc9cqyp0tleaa533zw33mxv5nruv,434552,bc1psds7gc63g2g8w6659dxtwszat6jdzkfdt4apkek0pprgq94626jqasm9uj;bc1qq4fdegsl3k4hzrfw2v7dxdkqps4775pd7kcwgw,340241;94151
ee216727c5697e2704162dad9c89ac8d4b6810f22fa85ae0bac1647c3175877e,bc1qaj4p2erl6x67fu8zchl0f7krlthqyu6p2s2mvu,624190,bc1qapkem520kfyp6yhzsvs0vhpc3fwkhra6kyztuh;bc1qccjsh3yd8xndth3ks5c2g76fwfke9g4wark63w,8280;613280
3ff4a3789e3402de6db1ed91adae05a9ae892f1b6c1b626e96a291d9b52c8027,bc1qs4h2ge9884w47gr6273dxgytcap8uw22glf6fz;bc1qlen0kswkzjkal4j6j9a4x5pcm0spm043n9q4hs,1640286;696657,bc1q7ksurcvyqhz24kkgvfg2kxh9aa2t5wss4s36q6;bc1qjgfqylh8e8wl7mmf44prawa4n3m6eevc284252,1939442;394171
1445e3783c5ff9eb39233746b6a95b09bd74dbb7c111fefffacf6ad83c97d09a,bc1qqy62j3a2qay0p9ak8mmwuqvfndly63m2p5xcmq;3HwENiFH83o6vjN48bfNTg6QY88a7ESKz4,253957;6594825,bc1qy9u9lexj4a3a6uf98pykeezmpcnm247qnsf49m;3xNWSCQHBiGCzWMSufEAERK7hVJPGZ5hW1,6648496;186938
53d952a0a8f7e9342cf262e808a8589f9695696cd89fc2d3400ab3465301749e,1wPpEo9CCBbburnDEYB8ZJ8KCnpJB6LrQT,913698,bc1qweufgq8tjye8hf5wp4q3ms766j76k7yk3tpqvz;bc1qesg4rehy23snqq25n9wzul2hfc46yrvs28gl83,411688;500183
2678a9fee20ef6c0bae6a7442b2f39937d9bb30ede449e7d489c457275b2497f,bc1qns5xpka7skptgnqxg2edh6z6hkcc7gucl5fmlj,52373637,bc1qcqt2gn9szrwkmajua9sy52swmy7au6d8mn25q7;bc1ql34kzd36saqh26ct9rajuv8rzlv66vud8p466x,82518;52290119
2750c31365c805388ab4438213bcacadad8d41e5fa51269500fcd6c65ab1e523,bc1qzvfwutl2vfzalal27ysh6vycmgrveuat4cuvqx;bc1qtsrrpjdjnnlgjdyfxn9azdkx0cw5zh88hpp03d;bc1qcpxh2xa6cr4e4anu555vsffe0qs7mufeqmux9f,14249914;1435918;1784468,1Mp96CC6doWYqeBnFQWUuuaMcnr5gGpGKX;37fUa7HJ8cRzfVJbFA6qxUqiw5zUkDv5yc,1188705;16254333
80e8f22fb4e9e4597b494ec6641b2b48e71a33c02c20def303a6beb9990aa0b4,3e7oqukPDQ3M6xxoppbZxBqz4Q1xUrmoyE,15586101,bc1qapfgazv54xqxftjd5c6qeesa25ul4sktkghpfj;1sPxA9yeEKQFkVUSBkJUc48KjoLGNrwQnD;bc1q8xtyad6ndul8cxm6v5vc2phue2pkgrmy9hvr86;bc1qtwc9u2fyz5dv9nce4wygve2cu4pvjpqc4v3df8;bc1qlj8t50zkrmu5d8q4zc4m4x9qu0df8l3dlxqhgy;bc1qyh2sqyu36a54s3896ue50twxe4gva0avyxlhxq;1XNhrYeE1waE2gJkmafCxtf6zexmhMQAJK;3v17Lq3xLtMWZeGASLsLq12KftAeYKkJRS;1TicKMvZVnVpfMCWFu3MMXDNykFGfMznbg;bc1qfqw295jrktuvsehezamvhzr03wf74r2dud9gxa;bc1q72c473dm23dwx6qamr492dtgn7mfgk3tndx9h7;1A49d7nqYcGvhHfVMbgGKVXKH68zVBKZWv;bc1qr4lw6vr2lsnv5usvczhz98kc74py564u84u3jf;3dD4VLNLxa1BnfBvotksewpvjkDKPFPZZc;bc1q0x9vfpr5f37cysywtjjy2ls6ggscjdeq7yuwpj;bc1q9fltuz4yyvg8dynylpdttd55epxlwzpulalu0l;bc1qau7y2k3kwl0c6k7ta5nkk06z3easz3esuynwgs;bc1qztzmlucqpqukzjfd2d2jexwq3d7zldxzym5907;bc1qw5y8hu0llvqtdka9nvjuvprlfmgs08yjvyszqr;bc1qk3xjxts48ahwamsy2nrs3hxr0xys589kwfcu0t;bc1qffe2f2xfrxlnepmhfnr4q0r6wj0txvqgc2l2ny;bc1q8xxumkmxyfj0799a2z558napjclks8fay0qats;bc1pnqdgzl03v0ed80ngz2a55raff0fqphke2gqc825lwqvqtpcrelntw3r0hq;3yjzndMHnRjZ4iKGA8xoMs1Af7Pxx8yTZu;bc1q0r43w9cx42a66d5vmghxqhna9dvq50nsdz5khq;1GGbpHv1rKSJQL457TaqDwGrbXDmwqYw82;3dQ9346DTVf1dwPy4PCa8CKKMqWX65rDkU;bc1qhkpaznhrsstrlzu724f99mpzluwc2l9wpjj8qn;bc1qf70urzgrrv3er0czj3efh2n6wu7hfmnnp98xhh;1kNLz5ucJcDVg3CCnWv5xmtt2QmqUUZs4P;bc1qrp9c80ah8vys26wqha53uadq62gw2hfsga8jgh;bc1qv9cntjkr63axam57229hm9wlwx3n6davpxr6le;3urNxEMEwRaR44MX9jiP4DRWC2ZgGE1TSq;12NbnnavLAcDgr1Tzbg7YM7r8Wzrey1UNc,246959;1738316;383939;313657;338563;129635;254494;255465;29752;807303;298055;955483;1050899;131815;592580;353644;1173795;134452;626643;517781;193635;81262;583430;742315;209828;572723;278151;691027;122915;1222295;187473;253688;33111;65415
eafab30979f77f22776fa9d457b728a40d013d8bc733029b3bd99e51f3d81142,3AkRwqrfnM3cfsVLiguRUmdtjJU1fvT9xP,1590491,bc1qyyluaevmp44d0te2whsuewtedn82ewkkgkm4rt;bc1qqa5z0xl2wapkkdh0dsssse8wvqzkz72pw3jne0,47711;1536109
7ce0313072e8fd4d1db16c3b81e93f416495b298de0f236039b7d62aedeb337e,bc1qgp3xagxpuskmj7pwr2dh80qxhzds9q7xhvu8qr,761313,bc1qejswygad7c8605vrrk3dgxaacr7c29wkvgdmdm,759399
13f399e88ca6df576b6e0a4bdd1f756a1a6bbb843796d1a6b2261f93b2dfe042,bc1q9kazp6g7xfdl9z9nhw5f20mh4r8azlzjvaemu9,164604,1asubLuXLDdnPHbpKAPh9yqtibXk7VUXny;bc1q30l4pzhuz00vjl6g97xv790ufj4t2lkl0rpwlz,26095;138484
8f3d72c7b8e6df40e2763e8daaf0058baf4c2cb85bdeba280eb4eefbfe3d2ad6,bc1qe9ynn5v02ynj8r0lnpsfrccf9dfaczsq8gwkdc,9891880,3dNuv2GfRVr5ny84f3hhvjZ27maiG1snhE;bc1qwrz77q6h87sny369ry84hz30uep08y9u5x74v7,1624990;8228437
d9470088cbd8950fc093c0ea0b5dbcb022a8f9613860a7369c5605e38c0edfc6,bc1q0yguf0m9daym58h9vca49ywv0ultx44zwq6smz,282963,1KHzZ9JS97RAYmAn8Ge2BALB32MberwQgm,281867
8ce31f978aad7210d4e2eceb234d8b794a05c260c953df1b463564ff9b48827c,bc1qfhyluw8y398lgx0tlw5683zlxuravxyag7knwt,1474327,bc1qp060t5588u8vc5tqxcfcphhzuw6ya5yplw739y;bc1qcpe35m3hd8cqndf7d8nnm2d7jncj7zqnsjxm26,1467388;4276
4113057086b106d9788663d120ea4a794b8d64c47ecf2d52d5c6fa826c684c97,bc1qxnvfsvm4pamhcm6cx8kv6n64vf4rzzhfk4gd2m,26643087,bc1qncan3dqsqwx9pqsc3m4azkgwruqt3s48cnqmh9;bc1q8ddcqlayl35x3zm6rrtralmnef0q75kj476va4,26180321;332919
91045725ccc10caea4889ecc068e01aec8b93b8eee50058fe173e117093b746f,bc1qnfxnmu5yavh80gmc94q7ex6lw7p4a6aszac7lh;bc1qlqlvds7ek8q0wyu2tg8xr6rxs3ry2ws94a8lma,769576;23670186,bc1qsygm48fcyfqggexqvv2wdhv5yl089qfl3sjx7q;bc1prngdscy64h0ht5r6d7kdy0e4al2kwdejat45p396wfncl32f2vfe4lpr0v,20524622;3865032
161876ea2fe5c0f20743023ef33f63c585626ec838a33c23d011ef0c91ecbe5e,bc1qlhs8ygupfh8u955le6yew3uephppxpew6h5yzt,34037240,bc1q9sfmntqe603pxntg3dwhg7yn4pmcdztyvmg0xp;bc1qezft8w7c0pqj2ap5x208xmrx2f5x7xpvq0dye5,627409;33327404
d0e7ff8e25dbc06382a4b22f5d1c44a47ce1be97564423f055a491d54b5945d1,bc1qud38dnwqkqu5q2j8zjjxgnn5vtpewkud9722uu;bc1qngt5ms7pv88q5kvlajram8x2e3g89cggtsvjga,969835;1253904,bc1qu5drlntw5q06gr5ulqqh3lywpqks9yajkz0l0n;bc1qpeq4q64hnacdew5kdqvvydydjzmzems59ae6ga,325913;1887112
e5bfff22ff8b24a920cebc8ef349930c1049ae842bce3a6afec36a8864435efa,3hhzwTdX5gL2gJekx33C8MX86688YBYmvJ,1907686,bc1qzl75h95cxclfgqsh92uy7432yax7f98zmf6jwh;bc1qgn5j3s48ek9vp6jmfc9st5a64j3kagzwjz7sdg,744367;1161812
8ea81be3e541944721e101e593ffa45c229304e53adfec194790a603975bf7f1,bc1qpc3upc5n5xcygzv6azdeaw7arju55p0za3ldat,7948883,bc1q4du8lapy40dwew8nj2u4k5d63jrgk9msjj8au4;bc1qn9jdmnvr6crtpp6m9ae83kvtu0r270jxz8d2wl;3UEDGDD9ukAHpcBda7mE3BY7CAbJgVrd51;bc1qaqwkpj9ag2480tavsf8hm3rd9x64qm8xc460cp;bc1q2k6k7e0u8csdf6fgcttt8ppydd3kf70wzs79ty;bc1q4te6jggzau3dasma6w9gm9s6h6g6ypsj7z9ljx;bc1qrh2pp64jr44jpjpw0hnajaxftrqku6w49fzcjn;bc1qh5cwy7gawxquyah03zj4ynqevsgmf37f4axlsh;bc1qrzxfn2vgd7flr93mtvxs884ykklqsf44lpy6sm;bc1qcr0n0e0nqe32k9wrta0kwhxczl8ppmv899v5l5;bc1phj6jazrzq8dzcnvujj7ensvv0cze94t0px9lrew4aztceu7nvy8e067n3g;bc1q0dzwmqftlrqrhs08qgnm6wrkt57hy7l0elytsx;1F5uHzqqPaj5JHoZA48HtjEmBNGYqCtWaK;bc1ql94cwqgyx40ngflwkuvc0d0kksq2gl8kvvchnm;bc1qn2xhmqjzgsvzu5m6tqxvxedl0ql6fy9dl0gvk9;bc1qvkxw2hgt0kexq5zhvpqwftvn4fq3k62ml5lq2l;bc1qfv8c9fejfmkpfxthzlkmp5ky4ladundy8gkhue;34iF3BWmJVoiBEYVGRdFxKtZabvq1fit5o;bc1q48ng3sdkse8h20fwjanhaz256825hf9dv94duv;bc1papmnks2fzzryzpeum2mgylk4zguftm3dhssemq4akyqkrhstfhgrxycryx;bc1qg37ds92g3c7khcaw6amte06tykf7uenpa3kdkn;bc1q94j2ehdxzeqcxg5jyelnaacpk0m2ate2ykjfdu;bc1pnh6wenklhjrhaq2nltqxy66cykhprmqwp8m9dadnd5awq7zsln7q5und9f;1k7QrWfZM6N53eCkuCkwDXDiAhChnqpyky;3WvHnzFVfFYN8qMDm3XiGQ2iKpq6voSb9p;bc1qa8pey4gcz0tkd0r0f9z2rkma9dn8qjpxntrze5;1xLwLcA6eEtmKifXuBfandL42c9MZi8cVj;bc1qpykrggytyyznlqfzr4vn406l5u2scchudemkum;bc1pqjj8dhp0ztzm5ul7fep248z7996f78wff44mu8jx057j9uy2h0f95czfgc;bc1qfahvv287utsljhmscpa04ghjel2kc6rm68p3xh;bc1qur6duue5wy7cjx45y5n58ly2e5rlufmm343zqg;bc1qpemeupad27zmn7vyucalvcjg4dtajmqf3twxtn;bc1q954mu9ntxyn5dwuye0zcq3ptasy04sj8zs206a;bc1qgl8v0kwa4mu6w6a63pdukjjgvtp9l0y95guhaa;bc1qfdvn4vfgmew52hgs8sh36askpc9wvfsm0t6766;bc1qnz97ty2ucx3kwxhmp970778ur5msxvpknsthdl;bc1q7vf4s8vh4rlh2dmkfllzes4vnkzlzrc9dlcwve;bc1pvxlf6plwkrwmgrdm2sns8ndypnf5sctm8u3u8v9p8y6f0p44rntzpft7pq;bc1qn9qt0mp3jy4deq7psc5z5eyncvya50u4rkxerd;bc1q6pkn44vuzzumhtlleepwdw079ks8ygtyyh4z00;bc1qa9rg9d5260ykudmpyfzq5rgzpl7279qjckegrr;3ipfsCdvtNPNbdKQHYr2xPci9G44cHvRF8;bc1qaalgj8qc0xcvmsqcczk9m4vp45drkyja07mnwq;bc1qjxd8nx63twj3wl00r2fjv8ygvvr3523nqnk59x;bc1qpy96sgraywxrzsnwhk9er427ljlnkcu8prvw9s;1LvDw3fRezUMxCGhBXWvHHkxA4ZHJVT8Eu;3XHntSNaTTHGqxwM4zgjHWQb6tpGaMgDf5;bc1qt57rkhexv9ldeu0guwqj770twd8yuy44tkw2wu;18aR1SqjjW3E2NhCAwaERtUBdmDbayfU8F;1A6t3cw5N8rNNxzGVkghkLG5QhNKg4nSs1;3JSyPxs8JjykBXbfgFYKyKHfSJxfcrwcEj;14QxBQzwGyvhw1WkmpgiRSs4qoshw4QwCY;3xY79hCrdCsLze2fs3f1Zq1g7TJAtMsTFd;bc1qsh0z8d6920flqyyr6sd5h3dq0nfkjl0czd2s4g;3NJyvECYmJiniQzUDNdF43JzMemmSA2tEo;bc1qm6mhnyhjzm65u02mw0m9ydu77rlr3xl62r0rcy;3Y1jWxnbKWSTDCtM6Xi4szBi5kaHC7FimW,188393;114220;55533;126742;34021;47861;282000;38794;71761;249647;139039;7259;18012;889;112668;67100;16298;358157;85263;31303;78487;128663;8964;36304;185931;69581;89403;64099;5074;20484;66664;26528;5795;209756;449149;178114;217332;31315;365635;24789;341905;594888;140598;448856;95278;33965;64935;101768;8578;110071;449061;23834;177815;269576;325215;364233;83309
e0968e29d0736a2c1052dfa30387a530574d515bddbe458e65238925fad41971,bc1p6q5mq3vt99f659uw6gslflpzvy238hmsuk4u2zj9ngv8qjhaq05axtrk70;1L8wAszBfdzwu9v1r4tmsmd5qCGK8sqj1Z;bc1pdq9qj7s7kwpfv72mfp3sux0zexfzesfycqkdpe0mfyrc8lulu0myt6s2ff,1968947;1014818;100042,bc1qkent2w2estdtaze6l06m8jjkqulary4w44y6ks;1Bt4bFr4m4R7Kw72NLUGtDkTfoEucpi7xH,667736;2404908
d320fde6b9ebc9ebed8624abde4cbe2be3d076ede7dc624dbdf3be9b65a1883e,bc1qms4qhk8nwh79xac5dujzpur02kkc50qqaa9xmc,23399660,1nW4T8t3WAF5dGUqf2fHsqwuAdA5UxXgnu;bc1qf0q83k00gfuq609yt80vxkcvaepm9a6nr3ts27,13370560;9969557
85301bf4140d16f1a0dc785488f98607c99342192995062300b243f3127aec46,bc1qy8tvj73fyxfp6meycj98ag3qrqtf57svz8we9v,2449089,1jKpx2uiGKs8ss2Zj3qt85TFM31rmuqosw;3ceigWrJKeGypfxY7X1gmCupRDM4BV2MVA;bc1q6hn4rtt2e7ny4rxy4qkd0nu3jep5wv49ux4ra8,1495754;373339;577005
2ff3bfed8d4f8388734899962bcc378865f5002acbe2ea4418717fc557db7849,3sYji51U5zoXeqjFsLXVs8kwhXLLvi17Qm,35619599,bc1qzg40h0venvlfxswxpw5fvlz0w58jggf9et6j39;bc1pynmx9ty7sltfh0kq04w6ryhq3pgauv3zzspt2a5mw3phdp3x34fnvmfrng,450237;35168362
72e99fc999ff3915844b84d6764b15ca59b73b3de2477b923daac945b294ab30,32mzfE4xztGTkwej8gB5UyexzbwBynvHyT,5016319,bc1qkwn6t3ehshnldyamxk5s36hlasr2rzfa4earqy;bc1qt8jl5csk8ymhw743wlqkwvtqnm059vrnkkpeak,1887939;3127161
001f236059b68f4db5f4276955e09f80f4fbf4836ff282bc0e9a8362b581c24d,3eb9cuVpkfX3KZt76aQ9sboXuECBRZyEfZ,5327453,bc1qn2v2d9evedgjjmduv8qmg4dxan9slq65pcchdn;bc1p4zz4k8r8x33glg5jw6k428s2jyqeuwzymcwahqq88afank2m8u36ak6dpn,164888;5136103
d221d831032014b064cccd2028fee8f2e4f6ddd34a86428e89fcceabe67525c6,bc1qs538v2mpm4cva7jzuxdhvevvy40fyd9fpd3k00,836976,bc1qa53vn0pw6flruqcnuranyuehjch8ky5qds78t6;bc1qw7t9um43q8lpxr6u57a62qquk2pe30vmyrutyq,378520;455278
ae5403800bf53b43392429a87c7e5f6c3b3479e584107c18137735f35e005662,bc1p62gt09jggwf53rmknucd2jf4txheqx54su4706nrm0d8ky3us4smrx4k4y,305816,bc1qp5cjksq9dkp092g0qjw4h5czzryra3h3skz5va;3vgTaeVeYVYij4sJXiJVs4X5MiWDiCncZf,89499;215441
ad3c9de34d3d436b987415a97947208d370e36931c3812cef5c28430e89d0889,3USTdVe6F7nt3P7mQ14urtoFmqWZT4QhZ3,5845900,1LKHXmH8SZM9gaxx7qVNhStEwf9NjixCKY;bc1qatjxge9l3z0vghcduncc595ws024w6zzhdd57r,768943;5050069
0e0a80528e6a6c7b9e998caa5d0140b4e3609db2cce340fb808a4724c998f884,bc1qyfkgg590f20njc0znsm4kvuxjmllfgr7hjw4zg,532813,3gCZB53BRsiVhQ9oPjTX8AQ8sAuG4MbvhP,530279
57f349b9fab830b1d76af067e4b3d97e4d56d4744a37aa14c9e787b1f5fae0ad,3rPBtPzdHhDaHA6NmMR3HqYKwXN19yD2mp,4745165,bc1q8vgcwy39z4h39cc8qjcw97fwcgalhm7udsag9s;bc1ql0rww46m43lcx339ytegk2p2qhjtruwtugemwx,3836934;895742
5cb8a870564ace59da6ae0f28982cda8a322f05cfabf0461ca15f86e9eac1a15,3CdxinxFe9Z4U6Z3bWQ7gdfGsZCMfoMevR,20218362,bc1qgp30mrsey8kmhne0k4w4hlutvs4u9s9qv45u00;bc1q3f9e2p6pydzp4mev8hza6vygjmz99l54x4gr5j,15133494;5035655
87187e859063feea927abb06ba68d5de61a5a51123be688c05711120ba2a4892,bc1q5a44r27s6q5z55rk5qazfnprhuh2h08csd00xp,534549,bc1qk3md9gthh8q2scgqnlt9w05jyy9hfe03gzwyfq;bc1qv44vmgqq5hkw45aj6ttvwzgam3g0tyq4v9fw3x,476391;57236
68a78a4ae8d4d86e8b4b965075336b56fbf8d08b619e2420640c12fdb7e6f73b,1PNQCe6UHjwoAKS2s4GzkS9Ps1privvY1C,1229702,bc1qx4ems7ymda8xzmr82ncdww36rhegrfw9e8pvcp,1227113
84a993f3ac472b460a271c3520328db19c501a70b9e33f6e413816d4e775dba5,bc1q3w0udczrapu4jy48ucyqh9weq7zc0hpj08hd0z;bc1qtwvwqmma0nnf787462835xvllufl6atz54su90,4971750;9569529,bc1q96fszvfxgt5dlhjf3jy2smka0tf6nmwup7y5wn;1QCctYW5c7sZs7jwYtcFr4jhx6zgeGxjiC,1058513;13434666
2df644c182ceea74f4bde4ec3741dd700309b2743eb7fe78de556b5747808ddb,bc1qgmtxn5w5kypflyu97n694h4vd4qdrav2avrta8,5289222,bc1qtrm444cd5tml049r7q3ghxpqhlhn8scmdkrnnu;3waSzPc1EB7kq3gt6ctE2dvSu4b4JWWnD7,1154194;4123478
adb0d2c0428295649bc86c41e540498b6c7df6aa9a2030f7b95635efbb9ff24d,11ZDVAL98mgNDfaLbMVFc1kEUf1p58YTJ1;bc1q6405fumq5srqhahqh3dvs2lx5x84wfwc4s7pxl,4782498;7210,bc1qxxk2d287ar7evehc3ufm4w7dmtmqg5eeqw8avn,4787947
e0a9bd8530737abd623e2bb88bdeb4688967a57381fe5c45846e386021f7f951,bc1q5wynhqk2mzcjnmgqcjtw6jtvutl74cwxu8uy3f,153296,bc1p9xfxycu8ppph92qqyxq2s5qqwyqk2vxsdd96egsf8mq8td7dqhl0ca52w8;bc1qu0c3z7ryqltv7zfzfrj3kf7tkxarag79uq35cm,42499;110780
0614702afe29d8ee0cc247f7e78abd46854080ce69834f69f823b192e1b4ef6e,bc1qs932zcpfzg3mtzutmga6x6asqnhh3m3ge4tgye,268857,bc1qjku385xkvygfc72dt0w6u2tz0w73wn9ptnaavw;bc1q8pkffhqh0qh4vysaphacrdfpccytcvn5sqc3mr,207456;60396
4dda3839ba119311eff150be5cd27d92faa3a077874bb5906b37a66368c000ac,3jFQgGbZb9pXqBfyM7HKCPFyqv9NEpjHpn,6764462,bc1q438364tjwr6zsukfsrhqdx56gwkcwx6hrd24nv;bc1q0vpl6737k05jukdhg5ay2ary4z4z9es2m72ceg,1124464;5633301
91353377de73b482476150df4190b9793afb3a613aa2684234fc850fd8089d42,bc1qtpav4ujltpgctflc4ylxjy86llwdw55g6vyvn0;33M8be5sDAHLLKX74nhRoC6KRtQyxUaLDz,3833491;364025,bc1qltrcnc6rl6ht5vmt837g452qcvvcd7s8lc40f9;3NwXt5LPcHeLc7f7GFu4HhiTwVUzEQhzB6;bc1qpx6jrzsk9wwcgmnck2w65fqjyqtydt0p3m2wgf,2321848;175361;1687739
9035de15fff719ffed12446820e1c966268883e6cc5511eb2bdf6363d82a8f7a,1VQjDHLm9ecx4RLuBv3RdGU1d1WCPmspfE;1qtRr4WfRyN4b37hHA7om2YXvAscwDEVfo,20681284;2776763,bc1q5drnpusycym3k9tw20yk2y5qz3a6wpntce00hu;1Uv8RvfXdu13GdBqyZmiWzMfsP2KyRum1w,2877705;20468543
335db657376eee40ec88b120b69c256267417e4ae9e5298b94f50b778938ee7f,34cy1mcmV1mwncFjTibk4VUZrwdXNo6wYb,19839732,bc1q0jl7vt486y4d6x4pc9jjge4qn8j2ejzhh896fe;1HPjbACaapz9LdJUCaYrxym63GdA5bPmU2,18371860;1396435
809d4700dd46b552092280c7d7df7bfee289be49d02e2a7200d2f4401aea61c7,bc1qesycequns3u6uxmng5v3ty496ejrc7662e67ed,4046836,bc1qw9qpd03enxx86ru9alwkez3g0jqyrmfjp722ss;bc1qmxrx9mq8c85fmt84geergelwh46dpu80nvs2qk,1967104;2062918
fa2593bfaa712757fd1907704713b13d68c12bf7b2b9e75bea39c5a39cd8ee60,bc1q6f23re49emqeaz92qnz0akjq7wkql926pa62z4,833681,1D3AbRMdTGDusJCq3mBT8cRNSf56JjvaV5;bc1pnwqdyfgtv7z08q3f02rkey7wfj7krj4vgjaqyj2ycns5vwt6ux5487yec9;bc1qqxes29rgw26am6ayvlxyrdq2c4tmzpj5n6n9el,300935;455994;73830
b40cac6c218ed1f68e4cf5e85115242e70bce7f898c04f6a1eebbdcac5b429ef,bc1p00x29t20g7rjructjmrjq2mp2h0hyypnseva4mmwpqgc3eqzpmartuwe9l;bc1qxna5hfcuqd2wlsr2t83w7744myas0f99clcheq,89479;104357,bc1qf988crf5pc0xj8fq0kfdn825n5x8rjuhat0hpw;bc1qz6cdmd98mty8qrvzppexwjc9xaqtctz64n8a96,118913;73974
85ebec9c1372ffe3de1139d20735e4d7581d00faf8902a7e01583a5f8b71dffc,bc1q9uqlejz0qjk905ew2025wvrzwkhlgr6tf7muu2;3whwdVM7XMXBnvEjVjo3rGXRV57gVnu4Jm,1189219;4581253,bc1q2ez9ps92yjwjycxp5anrx4maze6yhlr3ctza3m;3ibeyvYWKatucV2r7XxgxiX9LXgQJybtyL,595667;5163468
cbf61f60a33dc8daa204c6a1bea53645127d4ccb02c47eb0c06db8af95769dc2,bc1q9agmv2jv0ac46vnwk9n6pnrryzu70ffu34e8fp;bc1qr4hy08mcpz47djszpu0j400hg4v6v3ml6c3f5f,1065998;2986433,38kUJKvhmvyZh7qTuqWrYWkaQ6txdb5ox7;bc1qsqlx274dk00qtls6u9a89fxnss0a2tev0793mr,1691893;2355466
ff15d87d3b95775b27f0f533383471da413c78a06c0e5df04a0a937da1e702df,bc1qq37hwyr5fr9cvyt58klqrm4ednan40fe39k869,1219713,bc1qm54n83l5fpflvlsr2dxncp402cmq9e23vsjx8e;16VxHcPSAN2JgsYtW92SusYiZXFNV4uxXe;bc1qsl2hyu9rf9plzhp9452572z7zy7kjfdx3ch74g,636196;63308;515793
84e8eb2b8a469089ded0dba013d68fb6644c23772f1e287eb2282553eb78c744,3U6tTC4NWUtFAeeLBNGJVTDUdfboG4jk53,321051,1atbjMT1Nq4YfJrkh3KzG4RtPvKgQA9NYe;bc1q3sjf3q9qndvxk04knjy40yxf4uykfa5082vndt,295582;25229
ee8d28637e258d9c940b5634d9ac032c11abfc2c24acdd86d2d504966b08c83e,bc1qvnxg3n80v6vxssewcyre0sme9dpv8s5q2gpvnn,2553940,bc1qn5vp0jgcxcqr09xsptrfc2wdlr8p9q0432k52k;bc1q7y50qqnqfwrfrtwa8uudm8pluzxpw8t9lr98r0,578001;1965713
c4e05b14a1d0bf6740472640326190a2bdab45fde4d1d612e986842e75e39706,1qWUxELiYhPDfkUa6p9EZiNRPuVXwWY8ux,6075140,bc1qh8pkkhwmw6la3sursdunenud8fhn4e9yx2rf7r;bc1qaszumejl8xd44fyekkygxhrarve32k7rq5auzg,65277;5982282
0d32287c09a49d19559d154fb1fb199f6abd4f8025e48a49510db1423136de0c,bc1qlkc4yraqng6szfszue9v6gfsczuchlz6qn7hav,161952,bc1qz8826n6g8yh5cxkm8u07cdh6rnhjdu94awhx3k;3f1owU1FEmYhrgSXXoVqWuuuHKa78Cjkh7,113947;47708
a98ae10f5756a1c44eb8166e744c66f3c8dc175c2cbb937ba156b905f95213bb,bc1qnx3gqp97sexgfvxj65vj3afnqvd7fmzw0jklqy,8026080,1cMzEUgikZ3iDaBvS2HYFgZ11ZrZzuAeXr;bc1qunfy46rvd4n9sjjw68fm2dum0yuxzy7vtlj322;bc1qlphfwzgt84kg6kyq49l05p7cmk0hce46tpkeht;bc1q979kvpwtynhscxpuj5yyfxncpdkg2k0wtxyaxh;bc1q30wg0xjhnrhps60qaxrj5he8zs7cmwd4umltpr;bc1q7anyjrzd7sz5qta58pytt2ntn9clc2dqdcfynm;bc1qjendewuapkqrck5qyx48k8khgxdmvevkumzv79;bc1qjv978n0g76xdhhnjkejjztr5hzmaszc6xmj4t4;bc1pt75yk98tg552k27k47pegsd724eju4gk5kn9sjxs5jsrkvhxp2wgu9fgy3;16vck5aoYY4DbrBS7rGyqa8p5m3Hg4Y1Fj;bc1qud4nra06xvqwq6y47dvfhdtjgqkeynr826r0a5;3m3xa9KSHUSbb1MPwXCTuzwg59fKjKvhW2;17c8tRRAb86ZpjKoWUvMJ9zqGRv2vfRBo2;3inQ2tX7PkCRsemEf3YNZDDZPUDFJZcHSo;bc1psffxsq2gh49lqevc3l7eekvnv7t2ycprsxpl7emhqka2fd2256987dl2nr;3DaNL4H517823iiaxqXvH3K7Cpek6u9cHm;bc1qt3fdyh23gjypp4vqys4dw0hjpjw8wttcnf84nm;bc1qwzvex9l6l39u535x4562clwytrzm2hyqzxsa0w;3yiCrgmBg6XTipbPjnpFH1XRs1kHdj8Upj;1KhtREV8tKyHmpSmfCmKBzABh5FNS6wuFw;3oFWREr21hcJekZ73EtMHC2UFLn2DGChmt;bc1p4hl387nfesr3plmtxlrlhqaldmw2cv6j4gcvmf3sua6cylcdeyqx3mpq7r;bc1qcvuz2fwxq4ff34w6zsx5tg8fwtgkhe2fkw9dj8;3VMSWd1F7Ao8PcMiVtNbnhyVk8bzZB17af;1F1V6zreXyyiRAq1EQRUWsPA3g4nWLva3f;bc1q4j56nccfy0jh8f5r2sax9xuzj3vls9v78dzmxr;1PoAy9mWd5wRHfSGo3vcoXuPqD4Rt5XJZo;bc1qptqythcfpw6mzl28h6xr8gaj0jyyrk3pwmusc2;3AFbAF7RrQAq4ZYSgYw9gMH7D4w21j2PJC;3uL4RGR2sseXs28Zuiph9EmDgr6xzfJJKj;bc1qqvejpzjt2rzfkmf3wmvxkhcrvqmwzydtpna4vm;bc1q8ufrpx5xjr0hydlszhcccc7v44sn8mwy3v8u4y;15PCXB74FKPkxNhbR7aGRJxKa6mTtDjXUd;bc1qyjtefykfxn9ls5rqhq334khp3hvl9alv8r7wsz;bc1qfxdujzf4ufrg2x0cr0r28mqxpdl95jjvya87rc;bc1qwwdfywk2wjq5ft9cq8xk5q99qprr9g8r74a7ym;bc1qctr3uqnjavenk8vrgp3r4y5l3q3yzhghag42yn;3gBxrTzn3ohGjy2TmVmKqKk7YWHrwCdhjs;bc1q5sa4z768yfhl27alzrugs5ryhntaqdd2jjhylz;bc1qcvlx5ydpcwvenld38jmeq53kp7j8d5qhalzq23;1awSbvDmNshwobKTtv6QEoAFrRfEnQusSg;bc1qhqtc9dlswd6q2d9kac0s6f67klwhvags049esu;39iUmVCttazsbwymqLkk4qmAegZAAmaxSe;3ZZfjvVLnxPEyq77hn5RqtkpET6TsnJiP3;bc1qksre5ca8ag4tulfm3tphdx775nfc8gv2d37nef;bc1qugva8kzl0w0846czzsa5dpv9kznugavq7ueuqp;bc1q3u7z5dqvprnqv30qhppf87hm8gv25gp04e5myq;bc1q7n6eq6u7m2xtaasmx6pewefzduyf2jf565u0z5;3zdX6FnZECxLSf7nEVCks1FRubekW6aCGe;bc1pmsn2pdrznhh6f9k2ytwny6vnju5gg3qj2n5s65emjlkdlsnkly6r3sx7j8;3ZZboAJhdiAD1kjmwRaDgyrLYyUuRUZ9u9;bc1qwjswspjcptkrd6jnx5v4gs9v8vshsue3r560sw;1TWwnGi6kiPYJKN23L14k8Ej6CwdhiQuMv;bc1qdcp4unf5tt3ezc5w79mq3rs0lr448qnd3scc3j;3fsc82RhH2YShkvnzRMvuVgGTL8ZXka4z1;bc1q3xmktx6etnu5aj2ah5d0zmza5u94wpzxcznj9y;bc1qjswkl4frm9w54766dqwkf5yqw0r7tjy889nsrs;bc1qhlqgxzr9atw7lugv0v2qw4j8ygy2q3hlzfjgk6;bc1pu4d7tg9fyysq8yqj5k7f36wd65w6ac9r3wmz4n6ll9s7dl6u58l4z6j36a;3TEagpxCyMmE6MSffqevx1x16JL8uh158n;bc1q85leqas32k5xneu6sugrfvjv3d6nqf9jwewxqx;bc1qauxmuqjzqdur02tanr0wmdlpeel227twcyu4sn;bc1q02t6rhn6x02r3r4a9q4vgvl0z5pl6940tauf07;bc1qr96qfvkxssjhcwr74u7jzftm8krgs5hlc60y4s;bc1qtn224y0xkqrsjnggs2qsmqq0mkllgsyx65p49x;1jyAbj29XFaxmU5muHXkNerLE3oPwhBpaN;1DYp5k7xZ1G2ni5ypzFRwExjDJVFZ6xQfB,166246;65320;8921;192957;42404;71442;145734;50924;7339;59004;364206;129340;140261;126058;27958;68276;175152;13468;41017;40750;71276;495273;8806;92142;24907;444713;15152;65124;168715;153632;69231;53608;63865;38670;28959;83135;39401;42705;134737;435840;116606;10093;9902;381111;44455;12170;115155;123134;131744;39207;1918;422470;36399;142017;154520;118648;47287;39844;114723;253346;369499;14105;21195;364860;168068;270344;28532
ab8e0ba378cee426a864383756be9ff53d905231e798c35ac0ba16e57ee997d8,bc1qazk85yl3xdrhky0f8zzqsymsrrxd936605r3ul,213388,bc1q0jt55mq4dlnpx5w6xhacd9qzwf63xj44te0c24;bc1qym6g4k8ryjqw7l9r3x6twq44ejrk8gawa9se3q,159968;53382
2cc119ef6b89d80a518107968d5bf57d4cce6a26c707d51a83ccc6b25957d37f,bc1qwf3esyqd70dg5nzt8jc95amljplkvutw07c94x,35704129,3qChCEECUN1e2oM3Z6GrXmCofsQSvpEZQK;3DUT8PAXBZCGUeYdfzubqZrBWrQJD47vtx;bc1qa53ezu5l7gz2avc9ywgp5w6cu9wcazw2le3dwc,20672884;2358378;12599485
0e7c780cb6a478528fb1a75a8a6d7aa01a3ca39c15366c0654342b7beccfc5c3,bc1qaj8vl2a7uslk7pyrsa3mv928gzmc79p8yd5jya;3WsKACubqeyVdUU1NaGa91o9guiw3pNAvJ;bc1qwdqm9qhwjnqeg243q597dmnw940muxsk02wphv,1147269;848556;1887220,bc1qcpaatfyqe2n7rlsc3alnv7l6fwg32r6ydaz9t8;3LF4EdKYCBkLfMhE4aFcDvWDLJfCxtoEEB,2533028;1332227
ec44338820f40bb62f326e00b2b3813cc01e516d8cce00c0fde249d27a196e72,bc1qq9kdwlejr07q2q9xq48mlpqpj6r3p76ur7qm3a,16692550,1vkT7vQqh45NoJSAVUndtzX6EaWVK3xc9w;14nwtjMpbQZVo4uAv9UQ27hM634DBJJs3H;bc1q9r7axtset6xc0zr3eucag93st4wmjuq8j55jk4;bc1q6ykvf6sry3vexvg54jwl5kjjytfhh22cv4z9qm;bc1pv6mmy3d63cfmdp00sjsvms0f86nahus2eyc3pjv99l23mke8hezhztyfs4;bc1qzgc7n9adzjwk8fwdt9a4hqr4lhlurd3604at53;bc1qr7c77ps2zmc3q6q4t0p237p5rczcfylkzpdvd7;bc1qx3hn3cjk4d7pjm75kjr9u9k4nrerx5uvg8z9qq;bc1qqft5mpcxq6v3h43e8zjxs03agzcyme0pyyr3jy;bc1pdqyqhxj9m2ynksckrypjmuz44ukxqyd8uknw9hpul76uqx8vscljgpqete;3z22C3vtDqTsTeb8cgXe2f6a8NmJcYh6z7;bc1ql5zyg2mdzn6uc5hdt6wyv4qtnmfsrxgdgpwa7s;3F3RtXp59vvBZT4bpCmWBRqBi9nUP3JTT6;bc1q3txlus5cczle6fj0kmcr9gkh9re3fwv9j9mkf0;3YtatqACWGn4egNL6TtRoWNQmYt13rhtfy;1dZMM1Qcd6qvezFzSGBSnHozFz37GTea6A;bc1p5r5z0xusp4zc0fcq5aav43f0aljcpe53ktw3ajmznzlp26vjr67064xsyn;16EJXAmRh4EmheiThVe5VKmyAzVC2pTXg9;1QruQydba2eRkBtyQnjbALp9U25C9pWt6h;bc1qfzv4m5p00uj5fkgepars6j9ducue8clvgsddhq;bc1qm92k7qfuxhxrv0usvn8d3natpmfk8fwgtfem5x;3iHB6yZziQfZLTf4kAamjaTBKC2n34ZsvT;1wHwqNVLc8vvBJFFZ9WYYyxmRcABv6G2dM;1RQg4hMG4cvPKbBBFH3sgBN7K1ypPSHxxS;3YHa7X6eFY7YkC2FZVckXQ4TskcBSJr5qv;1S4rqpBfCTUFntnDBqaNFHByLisCyFU3e3;bc1qwvp6m2xmgweqd577xzwd6mykp4kna6jtrq9686;bc1qv7szcqcc7e2wu79zn3f8vk7xtt3yxsys6msw79;bc1qv8zkel2qfmha2m2c2v77ep3v6t60yj6nyef8ah;bc1ql9rwvfrv2e3pesz4edm5mhzyry3ufec8wfmfjk;bc1qcdaqy2prtaw4cxk96fzcqnyrcvqnj9rqffahdk;bc1qkfcxqp8caarnmc4w2gk92cnyetttyzq0m2q6j9;3EhpAaHidgnBjbdwnUk19F2JsaVFLSxnz8;1k238ziSN7VPHL1McKNfofAyvAqwtYgvSF;1ZPbT51cUEpUq4LpTiJfKEoBiDH1rBCXdS;bc1q9cez253rg4fagcuv33yspzfg5m0p54578s27gd;bc1qskuwtcd46792nqa7ak70kfsa7r7w63jx5auu8t;3EJ7d168sBGhjsxc7bArUyQxVXdZ4utoAt;bc1q9knm0r07932753mptyjz6keezslt4dv0w4qufu;bc1qdhvuztf7l2cy7lcd7ejudde6pw9er6qr8jkd4f;1XP3xi156nuCt5dVEvB2bfm1QCVV2WY9PZ;bc1qj55g8w8x37g9wzenak25e06a27lv4dwld0yxhv;1dwis7kuw3jv9Dte4XeJ4rUw9HKBCuYTJe;1kHnyTj5R54Pmj6vWaqBcLvegSVo392Ux9;bc1qy6wnheszsjun6mwzsyn53u0vrttsq45rsplldz;bc1qqdtvrv59423t39r9s7sx2gr8raj9uw8xyuetz7;bc1q5qq2zc9nftk0nw7t25sgdjryf6yr7y9fn30668;bc1qdt4aecztyykyy6nr07qz9pthmkw5g3n8krjj3t;bc1qt45equq2fxynp32qj2402cd849num9q8vmzx3s;bc1qypgsflk9cg6fl0uwwceum76z5plcc5m48mpgs2;3sa3VZEkYWjnDYecn3ZMtJSGJCXJYeh2EK;bc1ppqyzn2ht64cvs9cwpyaau575evwgja8ff9y9x66aq4xyqff5qtfg6997un;bc1qs00g8gw4gaeg86lay3y4jf33h7tvt3du574j77;bc1qqe46zd8c5vxr9mhegcvf2muv42kq405ghzuhjr;bc1pyhfs20n4lfcffd4j2wp0egf2wgr499nz3tln7szkt6knfpsdjew37ph4dc;13ES9PJ9f1NMe8QgAYijaMn5pQiBJ9ANJW;38g2phQRKuCDJGbzvownNkp22XMtAUtHJZ;1F5wCD7fkvQpmbVGwZm3xcrP8PUf82KgG6;bc1p8ufvhgkk36ftwz7fe8hhglhthrp6lys5yrrpz7saakf5q52n7qr329zycy;bc1qyvrtyw0vqpw3kxqrp4gjt2gmhx4lachscng2v6;1ivAs9GEz5pMJpEooCbqEJv8XvDLoG9nDv;bc1qzd9l8w2kc2f6led3crgrkf98sm9p2fq0faucgy;bc1q7hs5qhnqgyamd485dx5sy34ylmqkryrh90nstj;bc1q29h00h6qsm2jlnepfkv4qhf97cpwugrw4tqrp3;bc1qjpdqsx56ztxj6lz5r6cygln8zt6xlmrjvnttfn;bc1qhwp322vghdtrdq9x8xahtawury73q480jq2ye7;1CXuUZ6PRLsvDPJxsXLk3C5adSvKeqjBux;bc1q7cjxy2j9xlj58rn747tzh257je97p3rkwun2pp;1xC6KdTe2ocuyp5az18J4tfhhPBBD7a5Lr;bc1p6h4apgvqluuajxnk99m7epflc0m2cragqrzu0euyz082t4fuhd4a0tgr59;bc1q9jgsmvsfv53gw8n3j5zdl7ay9ysz66qr367ycu;bc1qzvw2lz202wpr84qc6v54j4ycggah8glp2zaefe,152318;343555;2431;237954;253943;271360;74064;334626;25616;59399;561137;358742;3699;76314;64500;84412;76024;17257;164173;352684;249447;298664;22620;808803;487313;437069;462807;721335;210037;59737;256367;363030;357919;196986;18954;123967;677662;234716;206586;83697;122837;603287;293479;413832;161912;265927;76317;326713;149123;156194;280084;735906;17679;465477;92441;156853;5922;95733;186677;15453;180549;699968;29767;386438;140879;284581;80566;46440;46749;19538;54889;291687
de80ddaf6604fa1e3b0091cfd3baae80ebf93d394234679286941bd9097c94a1,3GtipHHYcmP5bs5SF1k6VLKtV948LLAVhQ;bc1qwfgwkspmj2kyp2qecv3xu4wuxp0xrlgsl7w8el,299923;2326693,bc1qh9yjd8f0m503lmldlwhhq7a2htltnrgya8y3pw;1q89FRRJ9dDHqxGEuayyAoBMZSAuxBXfg9,1476939;1145692
6e50992aeabe75e23a1c038155cb5db85a51bb594aef931a275554b1bcfc12a9,bc1qn4ntwjk0tfsgm2t46y84wd9dw7qsk2ddeezmuf,80648,3kHjhhAvZzFdJVShp4RUPmaGp6V8i7T2ao;bc1pqhjz5h6huvj2lnkq9kmgqj2er0xxnjw6f6xd790xze8se50u2de6t4v8a4,64966;15346
a5169ac6ff976314b939e711c99879bca6f39a3ac7ba15c5dc9005a92b2a2b34,3ukk8W6PQTqgBGyVRnVMGiYPX3GSnMYPgB;bc1qn2rzguz3ha69jquewxxyvkdjc4hs5x0qj08rlc,85398;121652,3khZ3miCuu4XwuJq2sLzSmQUtyRnF7TCaY;bc1q6yew7y5f7v063wgfzdqk7e0a50gxlhtqpcegx2;bc1qh60g6tk9xmqlkgcwjdk8amyktmze57s63k3yge,116272;85802;4442
3fe15aaa7008e535658c9f728088b77ef074fceb661c55e011c13984dc84ec4c,3A5bTuic2ckGh1EVcvVfKSqiR3itNzpeGF,78688,bc1qdtk08hqy5020yg76jxtk0wm3yz8lw8hxu5clpp;bc1qnn7ask0nqxdqwwvg7p9vte9qgsf5zhpsyxscx0,7783;70703
bba2ce7e052c85ce65b2864a718b701a75e8e66708f5790738223ff9a96257de,1cV5Yk5tD2YDaZ2vPMP69LU8LJ93qTyRbV,2786199,bc1qkkt4d655dxf7mlqh7etdd2xyzrk476gs4plmnp;bc1qe0q389l9y57ymtyg6frkljym2lwnspfnw0yxq0,2345232;434692
f38431f43a11c3f9c311cd1ce25c76101e16f7c51200ba428b6a9f1f156128c7,1Hw3cZWHMnCVTEXrdK7d6BaBdbeiuE3M32,4047869,bc1pdr64x32s4ep5umncg4nltu0ydvpd4hwya0jrg95sl6uz4dfvulprxu09vy;bc1qstateklyus6f3ekay2vj3sx7yrqndz9k34ua7t,2726533;1307167
9bc39477e69dd25323ef243db39d3e18f4cc93104fbc4aa3d00d7b6131aebe0c,bc1qtg96strdrazltnwjk9ahery9k9n3hvrt2gkdqt,8466548,bc1qr0jneg0mv54wqwlgrqxtsvxqzck0jlyudkr7xy,8444338
12c0914a216bfcbe28bba8e45859e88f582852394950468f37af34d736b3b663,bc1qxlee504zmayjz05e8v9c93vprryflvfg5nds93,7548873,bc1qy5w56k40gtecrftfshqvl7f88vdfreagntuwt8,7541988
a21c08675f5a37fe5cb28c35fe7993198a1ec52ab04acea4a53d80119f85d7af,3HRnoRZKbwz97UzSGP2xX6Pb9w3f5TBu3o,779155,bc1qt2mekch9ma7q0czhnurrr3k7enkp5s0gtnuvk3;1KQzTExwbLjkMVCre3WQdAAjVQ5SHbYPuD,597399;179695
51aa4ee1e597b77021e139424a644d21252951baef169f4e77a991074a41147d,bc1qu34m6kmqw6pl5d8rh50k0vgn4yjxpa69x38cpj,648900,1xqi3XS9UdqHH7nbybAfaPA6A5Tnh6dvn4;3e33KyAA7RffdKDXfE4kocmioc1cvkjqQS,46387;601703
b492a32308d209b8bf4cb84e9e79a66fb39ff87ac9ae7aa466168154838a2b95,bc1qlf5jfpyym4nac0qsuw8zgf3kd7t0wwcxzhsvux,50414,bc1qy2dswmp2ect7zz73hw8eu29frynsns86ygsxfh;bc1qnpw9yhqcxqqll8ym5gugar4wf3wtgaqthmc65g,24939;25336
3e6d7eb69ccb8cfa2151dcefb2bcb5692670ad93bda3d4d41ba09b627501ca1f,1GwacQN96cEwSLd93vHZKnohZ4vsrDWdNy,28005,bc1q06f9e0ux4l6ks9m7luu85z7ewuwp8k2w5dcx6m;bc1qdtjjqv5q8rw2ur22md797dy9e7sdh0x8zrnkkc,18777;9168
fcb49b0fd2da830596097aeb0bbafe641091f16195fc4c2bdbafd7e413321c73,bc1q9mlezxsasss600zqjpj75cqa5lt0zndu3jkulz,188933,1DMB11NqtjxCbtdsBMMWULcGTSHptDkpkT;3ebtSextSXcKK9dYBV7zqMRvHb7Renqvsb,21823;166778
5f58fb5b4063ab741395ac06df6a207532088c48b2ecca57be9d8f20654fcf6a,bc1q4xfsz97jtf7plquaurreygavxpj8jjj5y0fa8n,2004223,bc1pzyxn4mpke36lczvjt6l8n6yplxc5x7y3jkr49fya72kf3d4ecctjkxxmg8;3kiiAniftcPBX4RbD767MHgdzL2Whbs8ZD,486451;1508775
5b6a2917e99a47f4cb90119449135394c59d31f4eaaf8488d14ba903f64f32bf,3QrapxWF7q9DKuZZj5sPuYX87G6kvur4oT,227255656,1guYkd59WttqozAn5M4M9BT9sepppF1yCp,226533145
e112df5eb363fef2347782db7eb96b1464014adfbb9f1e9226c3d9584589e82c,bc1qgmme02ctxjaylwjtdvynlwxq2g78dc7j0le0q3,130100,1KWZqxcKEHgzquKrRKQTZi2KHkZFNMqHMt,129626
0799d59136924b1596615096e81307d8e83d723b97251fe98ea870e0f3d6be89,14VHSNo7s4CaGSBBa26Lh2PrhiW1NBe88s;bc1qyfpvj74q5pyxpvj9svj22v6yqm3awtnk76e7qp,1081390;13896363,bc1qlnaj5tlsssytmkucp5579esrzrs2cvulm83ztj;bc1q5sdw5m9lmk33kse376w0j0a2ajhw538n0kj63e,10813047;4138722
b9c8dff321641b81080fc1d82ec043188f3d1071730ff4da32365075a19cc3fe,bc1q5nk63hv6qgvsj0frt2g8lvl9cndcvhc43w4sq3,1004248,bc1qale9p0c4jyvya4ks02vvz5fm4m2jt8q0dlysfx;35TnYieiZQHkA9h6vYGAWXUNqUhT1vHU8Q,232571;771204
5e3f696a093efc5af2ee9278c1b64c81f24d2ef0de471e95805d709f54483c85,1tCT9paDvaAkk6LHQnJTgQ1FoAtW6BX9PZ;bc1qcm4hysmpthgmk55hj574qhnhepfyrma2z9n5jk,9311596;6562365,bc1qtg4w3tujmgytakry3dek2jqpnxt7fzxgrr8vrk;bc1pl6xaq70m9qa0pa4gyv7kc33je2jrpveldu0pxl33yt34pez0fvp85zpqyz,976882;14820193
96ecf290703b0781ade71d68f3281d17d1f3da1a8fe3b91dc8bde91b1e515a90,bc1q776atseds0870wmf92n0sdeyp62vyyvsl7xxzl,13443,1ZqUDWHMU8uYTLNLbHf7cZNUSBN84CHRc7;bc1qjk6350hfufl4lnzmd50gq8gw5687cvfx5dfhvz,1181;12207
e3f79342c0e1e1860896bd1cb5a936263db8142bebd27c5e3038bd0a5167d5b2,3nte1cfYoiLa3tBR5htnYQpn4Qu2JRMpaf,337484,bc1qa5hkmwtddjzf32gzv0x0rg70z28hd7d6k5x9em;1MsfCRe6o8KcPq7zocL33rDYD9eM1Noiwy,45026;291808
5b01acca4084ffa3eac03ce4d4c066e578585bfc2cde56d2a8c067b9e2a41f9c,1DqSTFKFCgL3xAXL4QcCybsJqYEopCpoLb,111375,3VjQ9sT1DhXNTs7q9BVQTvNLTiX5ZmRWAT;bc1qrsuq9684nh72xssygkh6pnz2h9z3fk69470usf,110255;750
642604413ffb7e88a023c35f11d3d0c06a9a54b182efaece85f273fc36cf2afb,bc1qemqp4wf5pht0ktw9efvwdfayrfjl095qzsw98n,803728,1VFvyvZrm9vZY2hxqFcfTV1CdmDtuBbvRo;bc1p7cl3gft5daamnks0la0lxtmef6l94atfcypddy8k52yjppz0vevum5krd5,520993;279486
4bba643214155c04e3a30ede8282e0af1ca39ba6ddf52398878c32e17beea968,bc1qutyeaw5vmppeue9xcrwcclll22nytyg59krnlv,1187021,bc1qudewhf64w69e6ptx39mvc4urhkh0hwesvjmw83;bc1pp3ju73kse40suj5qqt9mwnnahhwv8aps7mrkxtm6strwkquk4kxc4w43mh,618085;565422
fabc7b4634d8b437e6f20f3c762045b01b2f46d867b48360a3e879e867f61968,bc1q0whss3wykjv9cxlmzwju0p49x3ga34w0wjsvg0;1pfaox6pmmSdaCt5Q8SxmVhcp6WAYHGFdZ,2729217;214877,3h5axGy5LvTARKCQ67VjErNXKhX4HpS4W7;bc1qj3rxa5jns0n09g6yk7edw2xhedlr4ksjax6h7e,2580477;354371
0fe2fa9fea3d6e652cd09a683101825db50b90ed945e5c75042d07c4998bc615,1kh5neY3KTsLP7tncjPDuVvvyNKhdeN8Fg,2450996,3AVHuvTr35hu74S6XvDd5aYUtffbPCqAVF;3W9bupsxfdPqu9cupySQccHKMgEEGxrCmx,1126360;1315278
d833d25d449ede1c16b540a61c7769297204d3c460dcc46394ea1219421da75d,bc1qrju6rsc7a9ns5nf7nj0r2ut8ma2ts4s5sua4p6;172EQfR3xee7MEkXMG1oEfBqkUnGmt5HEa,1859828;152504,1QdNJYHsHkNdQgf9pE7T55a23JK5rqVVo1;bc1qqr7n59s99t3thqcc7zxl38syh2kll3dnkh98ej,1604990;402467
456bd91ea02fef0c64d8b7b92607bf6d384b8788c41a79583e37936e5966f16c,bc1qqpq4axlkmr2wtkhhxx0hjdpys4vkarylp5kghy,2665371,3VqLZq8AJiuuzN8ixUaJe9xMRpFA8tqnZe;bc1qarczexwuns6g6p97sh2sgfg56q8gksh686h4zt,810083;1851867
8030c4f0392d2344a00dc4336431f5893d84a1910c078b64669cf8dfb3a3554b,bc1pqguhtsj9fd8a9zngpmzm48j85zu5u4kkp5y0stw955z0fe8p7cl6v9duj7;1CvVwnGp8ofkpDMSwe4tSriAWYdGgxtHPQ,195729;25104755,1VjuxovnKAoWJT2nWqxJewgLYE5tWx1GBW;bc1q4p2ku4q22030fvynrgdfa5lw7v4ral9g5vhchz,10173758;15022311
f315e351c164cfc82908b1c0b2dc512c777414fbbe36d23f79fbaa43d55b1dd1,bc1qjgene3jpgsehryczr6fupdmwj84mgdpmu3f4ey,1463908,bc1q9u3xqek7z799nuxcljnkaputcm90wpteaaaz3c;3ZoiGqFH1SRgAtWfj4CmykmkQ8b5zgYZ1Q,810450;648746
7db707c08046849428dd239ae5e34767ed220ca5d98f40ebe50cba9b6561a38b,bc1pt0d07n09aplygu4dh9zyfxnrwu9pnzy5afltczh08y8sxn22gvmexkkesg,1082024,39YVhtfnCXwmYZSLAFCSuCCux8xpjR97ZR;1ZeuEDRp5cPXKntqxW94J6QgMZRzKY2fxP,806655;274101
3bb78d0ba4a21fb8d7bb942be1ec3e2f50fc5fee172e31f3d22953a79328e2a7,bc1qj9knnk3j7suwcnt57vxjhrrvs9u6pqnw3yk7jf,5001542,bc1qht7tlcg6kay0gz0encdfp0d7lcrrcvhvxzq35n;1cCRScksJt63gmZsJ8SgwSMe1J1uVdGLF7,357582;4638859
f0526a73f674740b02b35f32458e0c4499de4e63b707c6f5a3dd62f09e351455,bc1qrxeglmkgaqmn498cn2p9k5tm94nkj7fv9nsl9g,5493592,11TD3SLvNWrzbYjAvCEDvNwjxDHxwAoT9r;1Wj2Uv5qVKxx1CAreAbCxB6waHwGL6vHHH,4930228;561976
cca33771b9a33d2aa17f240c29df900e02e35dda81e5fec6b32faa6097f680f3,bc1qmvcv55e23gexc6fqvu8cytrdcyymkjjtptgkut;bc1pygae347a59q4tj90ctcrqj808lje9ekfc4ds3fvh8a2qvuad55fe0rc67q,410005;1374817,1C7ZearZaeUVajyb4WohmYjaLcanLJY7Gz;bc1qphur0m0rzrgvs6h37re9yv4we698h9d8lp7j63,259703;1519108
9b4d8e813262b23b1b4a916553a04606f68eff8fbd2a9ea35c2f39799a8fe890,bc1pzlzqss5ymdncqmwss82f3utxrudyuz5ukdlz7azgmmrz5facxjzj03zygn;bc1q45mhdnrm47u9722c0eutpscw5yxxjj6rh9qmny,2350446;2263248,bc1q859pvhe87lpvyd0267f2t2ydz8g20uhquj9zps;bc1q0pwju6pl4stw3tdhl73hl428apuxuauknv6qfk,4262397;345206
12e8ac893445cb6f27a536ec37fd6c08e44fd0306721e2ec372feebeb3f45fb3,bc1qkz6ujfgeyuhz88nqlp9yw2gjc64twfm45vxa92,12271592,bc1q8kfv0ar5h8y6tzzz06hklwfvjnmfv9zuruzg8h;15eLD9TLoKRHpcMS8v1fQfAVNrzBHxK1TJ;bc1qxk8yz0fyl8vgqtkp3s79rpp9u39kmf5w7t628v,2883985;8929514;408359
be6ef43fcb112e72260f77317b4561257720e1133cfb8cc120ec6ea91d599d94,bc1q2cc6463uu26s83z8jlp4akulljfa2um0zhuk39,237396,bc1qagghmygahesuc6cftnvszt9g5g8aycwxd3tkzj;bc1q3v5920nwv2cdya09gnzyf7786c9cpp94na54t3,11456;225764
1480c132bf5bbd29f00cbbf9b1954fd20297a6be902266c24266125d1d4f86a3,bc1qzs22kkywkty2jdlxnuwp60sxj4cmysrree8as5,31908841,bc1q5qx04gfpmlj9z6wpffy57058z098hwr7kk6eu5;3vsLfkmcyxtVMnBMUVK5pUGSgMV7vKuarg,357721;31550120
d67499370cf50d0f1c1e406b2be1c5d7cc9171479fdb810e18b44979cb79cb8f,3rBp7NL1GrYWfLA3LRMuJi9UAcEJjWupun,21056788,bc1qafpnvvf7ppxllfh9q4jplz06fvz8x2cfd2ljx6;1JFkLNfbgZ34tM4kSxMeqTVzLAR1AbYWR1,208676;20822067
cc3d651594840638cfab6bda4d9eb33fb92f364a5b0e8f549ddb0c82c927ea31,1NaC4GCgnzWmJqkJU6TjdpeKjifQL9mVHw,10250351,1ZqgXc7PMBdGG4YStwcnE1f62vj6PZGWbJ;1rJjn975ZgupfV2z1xVicY8pJRV4WmPVSH,7083724;3134229
e6525ef1c1f1e2fc4d40b646d75860dbbeb3b2a6b9780611475fcc93fd956b84,bc1q4p7uh56h7z0a68avj77wdf8k20tqqw809ff5nk,68346315,bc1ppu2032wkc8qe9q0hyx3ywrdv00fs3f3m0k5s5kcxzygtumap6gryfjqt4c;bc1qdfq03pjpkq93ks8x5e654kzdc0m7cydnz8yg02;bc1ql9smkdm9ua77l47p7w3g65jzcg3sjph8dsmdnr,17241450;36286777;14557825
7b0a6d716d59d75093dd9a443e6fe4b006e43f652ee52a20c4944fc99e6b972b,376gTQ86LUF6Tmppb2PSLBJUfKmqETRgtQ,2508758,bc1qu322d4lpz33tf5sptwdzdu20f99alvals7crup;bc1plhpvzxnys4e4cx30y5ceef8gupcjrepu75zl7l45yg6ezw9ym7ug3rpqyc,1447996;1057909
b058c315d17cbc0d1cf690a721faff0dc237916575f87a45607070a744b82832,3cXs4WqLpauyTgtnejkBuLCJzfTwrRaYEg,18032,bc1q7gzuwtahmned0td7mcya82hpejy0t0mea04pcg;bc1qcm6u5h5ye4cjrg2k2xw703l0au4jslhjhecvk3,16935;1032
d7e13d2ea5c198339461aa7b3c5d060ab94cda28f541f4592dec2531e92936af,bc1q5ept8v6waggj99paeumddc6eg7g9smkdsqxxc0,144666,1Fvsorme7FC9umkzZwBdxNGSZS7cmghjTF;bc1q642lt3esal0kv0ay3lw8qrz4tx38ll22pq6jxs,30068;113916
2fed5fbf818b19555fe083ef36fc39235ab64c643a30c79f15cb964191aadd28,3pc5pNmesNj6Uw16AvFc8bih8PBew9ZsmZ,79419730,376TavmyzmwJ6YVCBN8YwxN5T6VXxyHujJ;36zXUhhwbh7wqjeDcB22bAJ5JBg1TUUodh,389312;79029418
b2438550ec380610d573676d75b0a7d4d525ad0ecdf7305d42e37f68ccd83a06,1c3BpW5BZ5ymTwqZto5XzkaDcqZBcpHWgv,87258,bc1qr5d9cd85cdx2j66dumkuxek49kgspddclacjd2;bc1qthaj55gjhzlf7c8033aedqpan667aacnp357zn,45762;41420
63ac9a46d03db5c16a7be127fe2295ce2a9c943e8d6c56eaf60a6868cbab5e8b,bc1qsp6q9ak4faa7ss5dt3pz6sgncc33u5sad2qfl5,6819278,bc1qk09pwsa97khjpcu37s4j8wwanquc2zk3k0mn6d;bc1q7mftsdsp4t0sgjltcqh7ua3fhcs42pcdtumjlu,2568964;4234422
449cb0b908be4c81cce3d9a084d442ea922caabb6060be72f551e4ecfdefe230,bc1qhaww7r338t2urqr7nvyaex93rtgygyga9nscld,3423445,bc1qx3l9fhnn5gnxar3a9sx6xee7t9l2ea5a3npwcv,3411367
4f263b9990dd69d5cd54578867ea6c33e7dc3e7eeed087dcc94cfac41cc204bf,31oZdQoCQZ29bS7T1ZLTiDvDCipmNYMRuw;bc1qf6chw0t3w52vcve6f60jwxczwtwu87k6x66gmm,17222622;169308,3u65ZRWp9py8VaFVCTZ3E3rt4yrFQg8ij6;3EFFkmBfRnUGArPpfSwSxifcsQa5LWvQMJ;bc1q3cl7f7ph6l6m48ek5hrngwsk8sh599n9zt8fpw,2159270;10999481;4197189
b7e2171143eea6c70f9358cf8c6cd6a4134ec62804f0475af232efc985426bb1,bc1qxkgyluucgsaqu4v3k0u03vrj75aclt464q7c2z;bc1q8m5754tw3wj8v63ukcnqusjxtcu9l203s0uyzu,549156449;37118,bc1qeemcardrvn42fxh0zj6k4gcys0xgvydzu4rhnp;1cv8rJHH8PVVhYoptXWFy1r1o8FkbA9dyJ,30390065;518608676
bafd1b16ad17ac7ced8115cdc048866557d88ab33e955da27ecbdd7a8f5e2072,bc1qhl67hxwm3je4skxa3rkv63rm9zftx4jqyxrg64,11137310,bc1qz2s2490eucpfk7tfd7h7sk99dpvxz906wwdvec;bc1qu2kpgun3ttpalnmdts70rv3j3m43zj73qwr54y,7383865;3704254
cb800129a5f020e5195b2c7ca7670a279493e826b5e44c8bb8b5619203fbb583,bc1qsvq9dgmagrz884w96qa8e737cwh3pgqdu3qvj6,862044,1XZjbGrf4SWsMA53YPyhCsVYVy5w2HMApc;3yNHdDPYQwRkDpS6NQnqbREpgGzob7Bugc,147906;710936
20a4539d0060a97f0960d30af6d29b59a77b62ab5533d82bbd35f67935ceddf3,bc1qykw5efhrgfsdsh4tpvpvjgawqpeemawctavzm5;17DeoazpUqEqWP1MQEWXQmLT47UnnvPbiZ;bc1qseeesf7337cylw4hnw4xhfmsp7g0g2mwzns22x,1837207;1995350;6203895,3Sph4bPDnS3WYA96qKXxSsDbEBnpQ51S5v,9987579
ca50bdfe6adc4adf75538e76cfd6ba619acaa12504434285c677422e9dfaf93f,3W4ue42du2JB1UuCzwXBomxih4gQBSrBYS;1TdJWwyzS26nDJoNFgAzb3AUAqjjanaHWs,428112;811846,3sRZXsKAeGcw9oKtwaWFKNgysHYZjXAVQk,1233909
5c8a19414fb132a6506ef89f32722e41a577e036901914a6f4dc8d3f5bbcba34,bc1quc6nty5s8hp3cq28t8f3fa4yfl00e9sd7thqty;bc1q8qu86ydc9pn37a8hru3f8066d9eje36xc57mzn,796737;270179,bc1qkc2m0q9ufplrcxc2lsq807reswfztht3c3a77l;1fkbvsnhaxRaubQC2wtunm8vdYbzber6FF;bc1q782ar0wa60m95992cf8n85lw36wq553mvyhnyw,223319;245785;597333
920e4d7e07b210dfd6b096066d1e38974b6e2b800c12af524b726ec1d82ffa2b,bc1qh5tmxg4lrgfjxrjjngzg7v34zurcjj6gynrzlw,720456,bc1qxgdqsjrm0s0s8ee8gnrmpkh4crmz2pa0gmmnst;bc1p8prk4c4usmz6du96nrcfgl8deqk76nxl3qep5vadu56tug72sezppylt2t,210147;506801
6d472b946fc8e27b1c124a475b662f2c645dd0e66b6484e356178de8c6f3d46d,3uajfmQh1ZcZJhBATagNEJa7NtjmKQ1vyB,741926,bc1qvmqngaysltec5v677266j87l0rs07s79urdhet;bc1qu242tr4j4yt22surl3sjcsahghrcpw449xv93u,388722;350227
c0f330a9be8f7ffcd4ce6fc0728ab373c0a725983fecf40d19bccec99d3e31a4,bc1qhj6mxm9p6q9w9x3v4avt4dyylvucc2pqm3nz3t,257817,3G4qYD7rSXcKcyfK3EEpBCuGibHV8Ab42R;bc1qdft06aflsxt6mseafjqum8uy9dxu9p3wx8nrwc,55155;201784
723f9ade2744f6fa00fce3fb45e175e634472171f6b1c68af3ac4dcbd226f302,bc1qt02v9727xrrg3vz2hm60kajjj3pqtf88tjmna5;11pT4AXLnvJd7YZJp1p5Sv5HkHXFWNXyrA,90018;7006624,bc1p7r86kp3fetsh3ds7fwkc4wtp2tsnp2x20n0f3436nuf9pfe4n987ckyaq7;3YRuxvAQUwGUoTuFfzTzyG1nDyj156ZgFm,817493;6273052
55f41123c5debff6f96aa299131399d125f6f1801e50bddb632dd0361833261d,bc1q602jzr0jyrayp025nu76dufkpyx9c2c3kewlk9,562146,bc1q50y2st5s3fnwc2nfkvj9wawn0a27ap4v5056ft;bc1q46078xhs866z2cxkra8l0fl7gjnxykfjmqqa3q,81233;478642
2cd391e6059738df2ea20aa78ce90f585b4d2fad5ed22e250abd4376bcc4e7b3,bc1qr9w8l5vuclcqnn7ufg4zt77umj45jg7qp5dmkd,69372,bc1p5klsf22s2arqccgge7mql93alu0f3vnzzdusxw8mu7xg95p5f0xwr72kyn;bc1qw8wl47zwcyuqphut3v6aywxyfr69twl8jwt8wt,8471;60728
479bf9a780f0041fb8d506bf254eeb601c857e0f8c9e9d74972ff6430127aa45,bc1p6gn9sw2r85uf4tjr29dlxndsagyxcgstx67u7777avmztsku3g0w4q9n64,5738592,3CKAM47xzRmxVVeRx6r53VZuQVyukftCea;1e3d3dyU739sg9NtTEGr54m2EGyemj9cFd,2692094;3044321
48925e67a8439984d54a432d5f735e34c66573e092470097855471b6892f1d3a,3Tdh9pffPK7uNn6GYecdSpTraYwFLAzN28;bc1q7f3f6wcrpwh33d343lrgp7fmxsjm25u0luxwkw,11512537;4701449,bc1qctwxe39hrcz83cw9ufvhlyl92fu58v4c4nydr0;1oY1NZjGyPAsAwPj7JpnoELnqDyMJAvA45,5293013;10850850
29a5ba7142210a5453eb486b32160f5ee1e929628c5e69c13ed23d442628bd5b,bc1pf6xhtv97c4ptu2lzcnwl43vplnd2vzdw3ez0wucr3yea6t6p4qypazwyqg;37QC2d9cMfjq3DnmFnw7QT7DtMtUFWYqeK,688474;6519550,3AromgGmtDbrQmJtfDbMtf9vz2oiRXDidj;bc1qgxzumeqv2u3jegc07ngxzl6du3jcx5l866u7lx;1jLqkiWy14EtAdmNaTHnc5oR4UYQxpJS77,1789891;3604010;1806509
b57756fb982559c61bf321a542869a47ca8bbfde2bdadcf10de2a4960459a94c,bc1qypesy7memzk9y0umt29a2f82e9yxmr0vcrf6h3,8063824,bc1qnzaf3dukra8gwqrxl9qffx3yezp0ukmp0t0u7l;1ndNknc9i2ZJvSFgbKozXevgJXzK3ZHMs1,3191973;4854970
4f16ddd44f33b01899298df4ff3b1d75c418f1a29eee7fb2cfe688934f47aabe,bc1px5kn4p3ksmttnc56fk5ayjaakn4v3pp97v5j9jwd7nwzdu3ve5llw77mtu;1CKVgdNyBjjgy8JtzZJwVW96HjSkPAVVMQ,577801;2030719,bc1qw3h6tq6t52vxmqapklqugrdhqnpzsw5ne4f5fw;bc1q799lnf0838zv82tcequ5stqr9anc0qzkyu7s8g,1024496;1576358
ad82700f5fd91cc26d1d4b50989fd5a95805f8904accc945b62bc8af2c753b45,bc1qhryl9kx9p5z4a6fnnepqa67ygprhy8lgh0a5jt,97712,bc1pv677a36lvazeg89zda3kjkz37065ranahwcfg74g0hay6a4xertqdk545q;bc1qgfcsujtk97j7fyp5jf4tl685jxa030ygrlcuxl,85511;12013
2d5b49fde0370e094f5ce72d9fc60960ab880d2a0c35662edfc2fc50a6ee9c13,bc1pe2nqqnj0s2709eyt70gq6cvddq6dgy8hqc5zmthccrw70m6zy665s6v9nu,195379,bc1qzndc8c9xsxup5x4h4cv37wp84c8dj2vuj66p3q;bc1q0rfmppns9fc5c708auxuetrjczfmclmqaugeuh,163664;31520
9763b6289f8db0d87e874f7526eb6ca3d0953bbe3d05f9f5a14d055cf3d40c94,bc1q9835gg9arl8fp6fn2lvkdtgurr5cnawfc5a7ng;bc1qsype8qqu87qgwy0xhw7x5d2h05fnsa2hnrw86v,287766;131962,bc1q9nc0fwfu6tnausdesjqztm7cd3xv6hn2znlz6f;bc1pxzv02qxclans39txn0hvls4lcajd9xglrl692lugg5qwyzz6r9juvawjkd;bc1qxxtpjeaxjj7t0n04kv96ctagnf6aqedp6zle8d,311813;89340;17762
de81639c4c18be91c32be00fd1e65c202bed29aa68d3a7368321afda869b641d,bc1qzmczkgress6jgwzrhvqql200v9gtrtzlay5dl2,1869315,3T2tQHPFqViJ3jNLg7Cmb3RkPjbxdorvnx;bc1qn6gcqwnrwu2d529tpscthda3u2zcak9fd70mz3,273705;1588132
ddd6dbbf963cc70f2d60098d2d4feb0463cdd0d48abc84e07dd353bf2d35242d,3GBnDJSgpmkuuNDdfNMt8qVuKyJVCPE3Ct,584612,bc1qetlm93dxr94p348fqx95vjyhhy8dg2yksde0n6;1KrD5625QhX1b4qxt7NrmwztHMPaQNEHdB,186;583613
4e24e939d7bd259e0620f549becf346657d0e5caf239f9fd19934c3f60139284,bc1q8t88m2h9st835qggu35rz4ypp49n55axnkpxrt;3J5g9o7L9zEPyRDF7uREj98xPiNnWQsZmF,3533637;336174,1PXmKPXaRgMmjoizAWCEwsayTb83U8jm9i;3err4eyUiEqEwabNQBA1KTCfj2no9skAXy,3144969;715764
c9cbba60f5f9b4a4c60cfb42ede1a6f32ce9487d6835da764833ffa1a4578d60,bc1qrnt4ertakx7fd5t4swxlj9hdzaxhvu6h5sdhqg,3007962,1V4TZrawhZ1rJoSEE2qWa4HVwcTPKjy4VH;bc1qt68q4g27aykmaqlkps45h97afsscacc8j5pnm0;bc1px4vf0ghzzpgxmapzc58stgqpyxqctksf8hfnhhteuqaw7tx2glya8pehmk,1220122;823735;963212
c43a9fb9d2b682f9ecc924eaaf24a30f4945408aaffe578e9b337ffc0c0497d8,bc1qmd4q3h3ltne5v3p4dgqws2y635xvcrfzwm26f3;37q7egKhb5Ah6S1z3X7K93aMhb3Ypxe2RW,28977743;796882,bc1q33m3hn83gppwmd4n749mgrjr549mjr8m72hf5q;bc1q3unrn8palp4ywxgz5fpfsquutghpcc7t536gyf,16155169;13593938
f47321ab97371794c2c7715c3e65a30296598d695e37e3469555ecc34cc5159e,bc1pkz4urrdlsg8m02kl36esp9v85xndzhaqpnvfxn2sq3ur70fhwc98q7lenv,419787,bc1q9sjnsxscx57d28qnnq4yzspj7cegg72y5sytxx;bc1qpmyhytjzx9h4rfwkj6z3lurlss7rzugqrvetr8;3FgBFCNZtpJ6t1i563BiUvBEpAKxkTgF4B,175120;28943;213979
93b5d38bf5dd28b87267f679de5402e2957f74022e93252559bb757387a661ab,bc1pp9rzkx4rvxrn80v0jf5jaetufg2ryc0hnee4fccm5nawqdch7pcg7z8p5w,19320466,bc1qlym6zwczwlet57ve8qr6e4hujmd5f85mpf9j7e;bc1qhnmeums6vlpd6dxgh7cnanaw6rmwp04qhz73qf,14869414;4390885
f0a66145f7f962738a82af2eefa20231f84f95a9a3285ae47b643d0e228042a9,bc1q7qs95klx82mnfq35982j2wnmzkmecs7tgjf93c,1346033,bc1q27ucam75vs479wxtw0yn6sydmmekf3vj6s5tx9,1343009
7927ddb0a9f50510f43e08bcb1a6dad5e2c18e0b957fc5b7c4622e4907d7f2f1,bc1q4afqkap45w2pz5pvlnpa7sqx3umpp0fll7yd9n,431796,bc1pn8e22wgf695wg8e9g8xlx85rga0uklna8ustxdtmlhn8hqvw57d2d323gf,430803
676d2ecb6b494537ac4dadc3878f689a0085103a02003c41b34749898ea30cae,1Uvq3E9DjU9USfHjoizJm1nSvnCUfSMCak,1979504,3NLANHBZd78DR8MmfK12UqpmPVN4gkWhCQ;14PFiQobKdNicre5UqmTNQK6M2XgB1Fjh4,563673;1412906
f9f1e4990afb1a6fc97698e916d410f73ff53fa87ef619927134c2b8a64fabe9,bc1qfqgz2le82z5gddluq3zga5xqhy6jjtlzw9kr3j;bc1q5tmjslxjym3wvjnq3c2ev6upy7c2cw602l05te,201393;412227,bc1pgwmenv3zukqvttuqc2l8vdd7sfcgr84c5e970q5nezyp7fqvfvgcj3mjar;bc1q08pz0p9d8g79fadgzcur3d5rwrftnezlgestvd,117914;493321
f809e3e9bb6f195a09caf2bdae6dc4d8470f46037b1d206e7d79bae5745cb087,1gZNTvCde3HNhK4HGNQ7QdCFPodAA2wHEw,2463040,bc1qj7x9hmex9uc7lccwnxd0ruju3mp2ypmc9xty6t;1tpTMbWgH9Ywi7TnxDF3HZkWv19SfZ8sRr;bc1qp6ytga5ggpx5gfvp8qqdl577cdrm3q8mr2qn0w,91380;25818;2340920
4a687e90f05b8a8d349edaba678025394115c71d8044e36cb528e65e65960535,1Gih67KgLfQSDzRX3qiogB42EvunTkThhz,294944,3YyXyueABzss82JvP7PQt17TNRvbuPPmRV;3uCiNkkx5Kp4xT2xZdnzncjirQBNLcu8yt,220311;74559
07fb6435d4d584ebe2467d60a467e3a1b455963eaba6cfaf44c96ad9778d9e46,1csPNNynGAGX28Mfoh9QX1RvgyJ7mzNXNG;1x5wXoMLvHb7azqDubSfSfc4rhbikR3isg,108078;28239608,bc1pe7u4dfr6k04asxdult9m3kdkgg5g3jd80fzcxgmkxee7hnnj8xch0qnd9e;bc1q0tyg0gylp4dvdwvawcqkfpyhe5t3ty83rkjw3f,11053721;17247021
5c376c35e7e7a7960983eb9b8612fff9b4cb51293a69e4785e48e7a35f7a37f6,1pWW2KXU1jFgSCCWJTaW7TDsMrNdddH6tR,53178719,bc1q6yh8hj8csvmz52pegxjy6442nj9axhwt9hamtt;bc1qz2cj02krq0ssccgy23fjmzcs39s9jgtg8fdygz,42010;53135709
8dd734462f6b1fa7414772b1d6e0d192624bfe88e19309d88711c2eaf11536b5,bc1qmjppmfwtfmpvvgcyadl7ya99mt963y3ndc7ue2;1Pwi2wNq7xoGNWMErycafnHS8aau1XzDek,175365;169062,bc1q0kenut4z6907adh65a8qehrs7sq2m8xw408ygw;3fdnC5rFJQJDFb5vwe3UmNuVvohF8HXPSM,2791;339975
8c6574ad628d514d85afef8239b2581478910ebeacffd9fc15773d772c0a15da,3e2tXX6RLFfQReaV7xZpQYBgNbPszYjz7B;bc1ptlhc4ek5s0vqwpjhtkwdyxwu007e8plhedfd98tj2wr7xtvvuq48zs6lkp,359345;759870,3L27K8ExfPyC1pmigLS4sSy69aMDb6rfL3;bc1qs6g2lf55mhm8xz87w2nf75te3r25hr2fe8uxjx,467129;649545
dd1b1662b020254ebebb01e458e9718c91d1b1464599910c8f8d480bba81acc8,bc1q8mvyq56jr6uyt2ceqppf207dg8gcyvyyj3a73s;bc1qshuxcczewgx5g7yzpjkekygmrkneef9yg3pgqm,471244;119444,1yqdaFHrds4sXycE1WTV6ZQKm3VRiPoF6B;bc1qzp7c566g8p8rlsprhlk52udm6slasv2xyeq7wh;bc1qezd3n4rfwsgv7383a5m4zaf2kluktygrcjgr6h,110852;168374;308715
17ceeceba43015313a4e44e743ddf8ae83ca1d39c82172c66520496a400a9496,bc1pjmw5xqcvws4l9f6gux4c5xw0grwhjmupcan45t6y2kcs47462908truh6q,1076906,bc1q5e9st29wdlscjevpnk5j0y3g6ux34knyp37v6v;bc1qr37nld7lkntt5j2wcz5rwycrkg2tur09aa7lj5,330720;743431
58fa41725d3670c23db071805a902db9c8f101cbb94f920c4934e03b0f2b960b,bc1q3p8tf7usfdj725uhkzts6gtyrwascg6nnu4ptt,3171633,bc1qdnsqe56fl84atn2h9tq4sgyeyjvyfjgewv9ndy;bc1q5sgx2dz9f0f8rq8e2ny6up3vevzslnqft8nrz6,849041;2310558
36d7a77a93ab5b0591c903b85da40d1de38d3cd1a11f4b703aaec42ee7a448a4,bc1q38sv8puru05qnzcu938f43laalagqu34n7s4qd;3nYLzmuS5dr6682CJeasTGNDWiMeMLw5iv,4286118;128690,3Rj9RF1gwsSmFSKGvFqXA4CbtRLmzX2FMf;1d7HJt12FtVnKEHARgtPVQDEbbzqNKPRtA,848190;3557281
a2e039102f2797a415ee3a1f369de9ed462f586ceaca0cd8458f6daa766f965d,bc1qd2kpyv7tmvsqzl5fy4jfsehr94s8fkqkq9e6dx;bc1qtw8vgna9denh3zfzah2nkl9eze6uhmemvxr30u,11654935;131585,bc1qnsgusqd45gtsfxp7h96skrpjgv9jl3m0ckxpwk;bc1q5w0rtgjehhwaldvhwz0umn45cgl4vrwgwke67n;bc1q4thazn5gpqhpjjtkemrwvla84uxpwz0tlaeyd0,2983297;2879498;5906858
473be744059b2c965e9e63a0f5b63db59c023708cdb2e2624d8e1f0583f29a7a,bc1pmvxa4uv3mrmgndu5pc76v34qzaxxcqt2zk5zexula74fq7e9j2tj2n3jla,82069997,bc1qn7jzslrtj80kp993zmu4j4uch0udzkrf9leh5k;bc1q5vtv0wljewzf8kzklsk0nx0kkzurw6sym36edy;bc1q6ndgtrrzzrfsnkaj2rv8qmce70ar3lnxmvtydt;bc1qwchfrgxdggaj95v7h5pjwhj8nw5y69hsk0r468;bc1qyz2vvr67fj5rnwxg3k5xrzj6ajvnt7jswhv0s6;bc1qeemy32kxylqlh6rw53g7axee873n49h0jxtpf3;bc1qvvv230cmlvtv6svhgt3cnp5alpm5exyxcjfz4h;bc1q5fppj4k5hgjl47wxqchgxstuq9jsln22p9zvl2;bc1qx0yswn5s8zf4n8neyvrman2kclgkweehmh3pc0;bc1q8um7690np89ug86y637204j6ly7hx4xd8dpcut;bc1q06nypa6z05z3awngkxa7zpa086rkjawclh8veq;bc1qhdalmxfuvgemmyuxc2n370tddpexw4le8z9upu;bc1q3seapff5phuxsk6tv72vhk443jt2ucdevdqq7u;bc1qqwuchqhu58ynu3g8r5s0ew97ge6z5udv2sgjrz;bc1qa66dvhtgwn2wvftc0zt8hl5vgde2a4wylmkyvu;bc1qqe6qjrh05d5f38yh4st9hxrj64mmlvffqd5s75;bc1qzzfadhz3al3amszj2revnqq274e9jan2z00xk9;bc1p0dnrrurc8vkngcyw73zmf8vrrmp70lt3zd0fyhtrj6wd2kydwrgg8s2gqc;1xETPufFcyzGaDv48bqzHxT9wrxPu8eTeY;bc1q8akuq67xjssvqgqfnss7vrhx0dx448mgwelea0;11q2ycdPbKrT2fJmg5sbCr7a6B2Er45TfN,513076;5334247;3045775;1364352;2727449;1432616;3642057;2285509;721594;498004;3178629;9348818;1693505;5305165;4318354;10773882;6911195;3359075;4299205;9186379;2049032
87d3c457e22323f3407a5c8a3ff04c09c7c0996083b35e1663d7852cf0bb261e,1FaDGCa977aprndxtdTtKGvEZeSpHSMUBy,716612,bc1quylcgwenxdxx4cuet6wyjt4gyrg2ltr0aqlue3,713638
89cceb4c80070c5f8910639370f9201d767fdcd236e5161438a08a8688a3a8aa,3KN1A6K55VfsX8gVTcw1Tu2NmSNftPzEvr,153861,bc1qmjvjfcc9mxa7f3r0900hrr26udvrk8dnzx37kh;bc1q4sfvafvuy4w727pg40ajuucsykr5agd2ugravs,118873;34233
c66892c66084749f86f788ce969dc462ba868e59e4253c52fbcf601eafb2ff00,bc1q3yzzxzq9hzd03xe8gn6nvmvn2p8zsq5xn2n05g,990300,3VNUrKV4B58hnipt4VXuiXBMiri4msasai;3YcE4gdD69Dqt9kqRSK2Tx1pAamsf47sKL,580036;410007
ed6261673c3358e92521fcf56dfffb729bd9bdaf2bc4c7f8a7b2920d6d026f14,1b43FPgu5VdhNrXBiwjuT6yw5uXBobW9r8,36729,bc1qtuchhkeaf8fsvyxdc7vsll0qed45ahzhds7pu6;bc1qh05y0fmj3rh335sk9dhhfrlemv0rqussgjnvn2,10734;25822
b7b70909b996f1a5125139e133745d9bf232d5e0b44eb6d420a9a03791fb7ae3,bc1pc6229zjhvaka5aypvp5a92uu8504ye9n7qk0c757n9dqcwa8ajj2x8xr25,3853486,bc1qt9tmrjv20zgcupgc5rq5qdyk3xtdvh33x5kenf;1LXpXRn4WT9GpYR7jXFfn6udX3LnobdLwR;bc1q9vysan5w86nmdln8veuk4ejw2fgvwe08ztl08p,3081010;372784;391164
00f3ab5e5a4521bc0304778dfa92fddd43cf0a87b9baaa140ba844a3969a875a,bc1qy67y5z52ve60h90dphurgqg7lqs4dp9ra8jud9,3660485,1xy4KkEeGnUwncD8gGxMuZrQcJojBVA6Xy;bc1q262f4nmfv58ptdy27vtpxglwwuv88m5r2wxe3y,2410739;1244844
0e8e4bde7b88fc356687ac3ded3ecb58c5ac1cfe107919292fd0c23a55096f82,3coY9T2kKic5ymxAdxTbiHpK2kVbDCPyRS;bc1qse6zyg07j30n0fca5turk3tawamcv9f5uq5phl,83202;15857,3fDU26wsZrRYMs42kXsdw6EeUEJsZHmJ5X;bc1qgt0n53kx6a67697v7sh584mrcfln9ntwr42h0e,79559;19314
1e3c46c1e33dfa0611f6529941f683f7db40599e0433cc81ade913fc2c50edbd,bc1q76yhtne5gp6drfecce67vj2zgug49j83y4zd58,623311,3uY9WotFbcP62nD3k5prGEU5W8DrTQNfCr,621824
b6361933b71ffb3a797f8a995bd54fc7d008bce28cc052f4026cfef8074dbe2f,153x9vpBG791QumuCc77MFiMBG3uhXfSWY;bc1p9g4zef3qwe46ydkwnjf3dg7y6gryhhpg36ryr8kn2ddw0z8275njcltfmn,13263460;476240,bc1qjmq3uawuamvz5wcp0gjzmm6xqrjmwvf8275pre;bc1qcjqtpsavqnhdp5ex4seqe972ry856d2ax2fdg9,6038771;7644104
f21c4086d0ac09fcdfb847d509105657bb1a2ce44b659cad76988809f9c39e0d,bc1qy29fkmkymz4slpmhy2q03n25r3q42lctkhj6xc,2355214,bc1q2fztkyyswwqj5lkrctqay6ak4v25zc8dvacapn;3sgnNBT9UR8RnF7hg2jrNgQTsQaChJDzs1;3XprJkwP5w7cVAPdhkF7Wjw5JKVyEthQpW,1129919;916939;307742
9e3710a527f7563028bde1f437d75e6069199dcb74f946a48c50fb574f1360ed,bc1qhevl9x27g7447t0qz597zkp24letnt80yz63lx,60270243,3shxGvt8ndS3RcyzDLak9ZkQWQcN4pyZt8;bc1qqaqhmm9uzzqxmfy6kcadca57fkzkeeyqr9egdq;bc1q54vgkx9ps92s0m5u4e20u65yvpdrhg3gfhs8xk,40400014;2283639;17414534
9159145f46b350025b7d2c804ffb3e38d0e965cf54ca5a7509b21e56e985497c,bc1q6xxw7wtfggvqxq6tfzrfyu255vz4qe5up80jr8,1723145,3NzN1b6UHnHK1buTYXwsFkiH4ZZnvjVRMu;3riNW8Cn3rYa5pcWbAmEZ44qNyM59JgdKo,609349;1112975
6bec4612f580078ed601301895e2554b88a7c4e06d7c09dac369acb0dee76124,bc1qr0gnp6vdp2nr76kqeh7735ptd9yk6evlp8s5p2,3187756,bc1q8z27wrppy4u0hyncfvkuyv8mavark0zdduyl6g;3oJHS3V8Ew7C5QisuCERUxxHSsifNLVtrq,2124885;1049827
f53a60dbd5b3c83137c406aa4ccfa2e9825448c58567174358a0b4b381aa231e,388Boy5ADdxvgEEnopwvoae81KstMbDifj,141694,bc1qls0jpyjp2ncv83cxk9fvg3c96rh5umaq579n7d;3bNimrhemrdC1qCXJeQpzeWgVbx91Bg6n9,132255;8955
2f4cfc423203d9134eef069794fef5e06a27517a1c982e87686d8cd3acb608fc,1H6x3X2XR6AukA7M36u55KDxuy9RvkQuEg,33728,bc1q0mp5vxgqgf9g0dfrur9lelckypkh0lw4hyhsmc;bc1qyj7yh4uhfp6d6tf9mvvmxd35qxucfznkg8wyqr,32896;802
b16927e7b91cd18c1f4124290ca091831faf7cbe026325f2dfca424785c28c03,bc1q6hst4rcwwzlgkkeln6jmzqlvf5rajl2m3sgvjl,1633448,3nesJYtgYeiN5LvZJnDWMWpF29Zgv4KW9J;1rwieBhGyoW7CUD5HRJ7ryyxQzmiYMbcDk,565741;1065691
058087d8d55fcba241c3d7c6ad2c9141e31a6653f64b36c6b5bba67049397cd2,bc1qr222w547avh55arufhgl9csgh5q26z7fgsaxq4;bc1p42q5xxxg7njh20ewvlr3vpghm9v6avh0zvmdq70y6dkhugzhjzudqa5p3e;bc1pajdvdvyusn227mxlmmx53t70j7fwq0a7yrk86tl30uex6p3kledmjpems3,9214735;1887055;4806335,3PjtNcgDnvfKtLsGiHqeyk91PjApXaDaMk;bc1qrgvefqlssz8r4fx3qw0yf8qjhf98qzahz38ekn,4280826;11576613
e17c09f8cd0fc4455585c62ff44566119d938ac45cb851520d16dbe3ab8e84dd,bc1q95uwkrvheuzs7zcg0mhmhu7zt8sysk6exyguse,31101319,bc1qwnrqwgemnjx9ewtntq6ey6f6p50xq7e9qrga4k;1hsuyr28Lzwpk8uxn2N71NS3d5WETMW3qK,2517894;28454668
4e9075b150ad5a00e1dedf0bbbde9e774c54ef1cf57f4160887d1fb55025cd15,1iaLwTahbe9czCV46bxNLegPsWdNH9KcAT,440101,14o9gLtagbzUJaCtN9rkwRshFkFcstcwi3;bc1pfmdjf57vljapnftryrql0j53d40z8de8qgmt9lns3w2tme4g90ce73y83r,71114;368012
cfab937e9c85dc3e22c6b311a5ab40a740b8c301a2fdfde523c9095f4cc2bc90,bc1qsj8rf6063r02kf8f0cl5jhcmt8jy0r8qpt8wle,132277374,bc1q3a3s2n3fe2a7ac30naespvcw4nhuknk7yzy2mp;bc1q3h6eskjenuxm0gamnhjsdmy2mx4pr5r0wlcnjg,90319500;41744709
984c87be3e41be203acf148f2915eeb05757275d16ecc5eb428991cefa8a78d7,3Xje9CujrJTEBKbVkgXf7NxmKJaycorfFC,5833,3gS5E4rjYKd9UKP4dHeoiokhn12rPWSP92;bc1qfng4zryjvf3gqhv0f4qk5du4uwf66d2z8hjmd9,3102;2730
8e517e159f88eb9619490e65d129a772d2cb311bc9b6f9dd9ca552cd13ed3d80,unknown,0,1ZRL9wkuyfC7MzGbCZ1KaoHMXsBhEXBw8w;bc1qn9j7gykwr72yut0z73mpetuc2y4nggr3djtesf,13954362;2432147
e7ecf89d91ced9cd502b02e27784727a0632f69dc6c1fed7abc38000114356e1,bc1q6adgavnd3u8ksqdn8jh6tpxle4uf7s788q0dlv;bc1qrumd53as0vxrd43dgpm8dlkzrvum64ypa2n86r,113819;32571941,3W4PiUx6kuzj3q2frX57xbfa2jSbHa1DUf;bc1pra8cra5kufqp9kh5h8gsxml2w4c5hglwmakaz47ehrzheakv6kxuvghaup,1432119;31140174
faef043c3c107d88c3ca5405a0cd99bc274c286fbe0600a71a5eac3c53fcd92f,1okpw5KqH2c3SCWZyhw6pKAmLUkpocGyak,10233949,bc1qwrvds2r4cfv7qm924zga9szwffnvdajlx5rxzk;3MnSoptkmGLpzDUMtmRwEG7RaTD5dBAtKZ,3240693;6981066
48cf4680bf5c96a7839ea5db8b119902be4b92f7e9a3b8141e5191b70813a064,bc1qz7lfu4m0xdtzmcpy5xvperdcl8gzu65wcjdlhd,658869,bc1qgw34a5x82p509g94zzl75suc6aq8whk2xhmslr;bc1qf6p3xwtwzkntycut0a62uphgnfm8g7ujkpwgcn,632024;24334
c78fd48618095bbcbc1d7d52b3b43fc7230f95a4ac51185b145ed1f7ab12746e,bc1q5ffj0csdnsqayd63r3wl7jkv2lcftsk4mnvz0k,107049,162nabvTaGLTLqF3VvKiJCDSU629UzcoU1;1iBJJeUrsM8wyrQ5QbryUmxb2qpN892EQF,57821;49208
5da8ad7872cafe7f2d75a736cc447b0a439b5faa59c4879051c7e16d2785f52c,3KiBUxMWP9AP4Bm13d4k7ycmSsu1jRVLTu,16627809,bc1qlkqgf2xve7pdw6axvtta9yrwvqyegwhxwpmezu;bc1qhmwarwscz5e3hz46dqpw0tzf8q6m0zp2xty743,220922;16405887
9edc33c1c4735cbce1c93a3660fdbf1cfb0fe6de81cf9905c033bcff0c0abbb0,1uLvTN68JHhhwv4XAhYiJRhHAADnfVbnJ1,353509,bc1q93uch9wsvxrs5rmnje4s2vwpwz6ecsz89ryfdl;bc1px73t4vrcp3e60jwmkga6ympjapprrhxu02d9fpr4hkhuxm0a4e9nauq4fk,125244;226541
cca98f08de4ce79d399c33bb33457cd74ed522cb854be756ec45d86f884a48ad,36an9AeFeNRVj4ZhorTLq91TqZ5jFp1ZZr;bc1q6p6pkyvf03qyq60kkk92raks59g3f2rc2m9wrz,366661;972433,bc1qzrw07yct8xwj8znf8pchelw2448s72ssegw5sd;bc1qamjxj52vy8fjpawylsmhkysnu946jvmz2mgpxv;bc1qypdkxvqupa2aahagy88lhj3ce8a637zn073yqu,826872;483655;28173
2be2867ed8edcd1b91d05c7bc345bb18a635e451d25faa58c074f43d6adc17b6,3v3XmSFbpVrsxmA57AQNkSDYnrpVN5mtWx,310723,bc1qsvzkslc4n88re68w3rgtvn6mpexrdqpe6uvszj,310631
14fb8b7bbda69dc9ef414ff378d0e2bdfdc25e80cee690439863977eb04718dc,bc1qjk0j58swwt4ls0ujwmqme4wvtkc865rwf8x5l3,8968112,bc1pgmzglvu9xtlq7kmmjc6afs02e9af6rd8efcayxzfsmk78z3j9q2g6qhq2k;bc1qlkx74pvlm6k08rx3n77kcu09avzkufgkwfpg4x;bc1p6hzhqnsf3tn8x32azwnfd2yy7xnsl2pmh7dt3m9vmr4yyxc5j5sd454zx6,1535769;5896366;1511166
c9c7fc176d6f697faa562b739ebeb26ce242da99fd63b783657820e1dee3a9f1,15xfmmz9xMRGQm4r48HK5gpwGFq4R5gQvw;3udiUyjbfFj9XZp1uYxxTzK3g1Yc7ts5PF,340974;1383128,3nouDwcChnrX4Yb5ihiVeKaBDuECPbxnpY;1SDQr3ofTdoU6VEts4whp68uZfHxxmpkis,897311;823018
e000da834e2367b27ab7a6aeec50fba09f54c2c2838d1f17f1b0ef741b7cb666,bc1qvmm7pnmu08wykwtg9eyd85m606s5r759cc782x,963829,bc1qrr8l6sp99wc0dgun5zqj5m8wer68fqzjjrvg0q;bc1q4qfhasksjglukmq8crjupxx6rns03zekav2vt0,922791;39347
26c985987f7ca1cdbdda40fb37c580c26212255f092828afa292de8ee96903f2,bc1qaxdsmn52d6sv0zfnngvj98w677q0m878x3kgjw,200128,bc1qn6xhasvxzyqghe9dfxzr6ajjwx4vja5uk3a36q;3tbzVpUhbVRhmADpuToHxpRcZAFcNbVXo2,107538;92519
508e3c5233c707d512cb2105db126aa2fa2939d5154a66173afb6213c9d3702f,1UM8RXY4U7YGrmY27Mqe9iXpfBYHo2oat4,101229,bc1ql4zfygl2dgh0wp3qt7sg3ty2x2js4ym3jxvvdq;bc1qwfh7n3tajt0hvmll279cuemlnlqyvvc0vgs2mp,53912;47023
1badfa5afdd6c95c7c4f64d6eb0a7fb3da87f85580d52d2d8064f6c3abe94b0a,bc1qy2m30srltc3lppennuwt3apwy83wyah2sdrpeq,1496765,bc1q50h98npy7hd8wj8klcfgz8ynggk7y6jc4lhpa7;bc1qhngdhv6swm8xnk0du7l9x8y9xpaththpu6puj7,688143;806505
39d385436f6c8c99cf4838415dd8f702b563ab03533c62f1ecc217e222ed6e39,bc1q9h4v7fkpe5j9cmp8nmt3xfgwer2rjmln6levry,18159528,bc1qdsm7x6te6gv9c6ry2w22ef7ec7lw5xzxpttplj;1oiDisrxeqWWgWPq5r3fNczURoymKFeGg5,476470;17682058
0ec652a733899a7e98651f3fb422803312083de8288ab5f3c4feedc598864278,bc1qxs809xh596j4dnsz6c8qs5j5e45l0p9k9c3gpu,1649704,bc1qlt7gfwsa682vp0svaxw3mk3uwn7wrxq58c9ld6;bc1q94my9mmmuw4dr6cj20fgvnrnrnmq587puf7pqn,284807;1359096
e5a302404bed6189d840a9908e68b5116b9329b00b23cd92a9e7ebd21e1fb288,3JweFoT8aS4JprzdibkHEo26nmp1bUESov,643686,bc1qpjuadfmzdq0at087ttazf9f6hj5pjq2x6fpgfr;17VqykydtC3ovGFQbTPSeVu9pxtopVa24g,423159;219737
66398ac9e323066bed8e7ff28d92da0f561f9e14e1ee21e7d5eb5c409557986e,3TjwfNe8STTxvKDrjtvsCTgwPNpR6MjVij,4073635,bc1qtnyku7el8m302utyq8rs2xxv2t5wsalr2tmhdw;bc1p6fgjtlasts5hg7n29ne9jz56xcqpcak8q9s4tc54hslrnhmtmjw6lvstvl,3145110;914682
72f926b5b48fd1afa0a69351abdf18c7d89afd3f46769d6fd47ee9bfb5d61b18,bc1pn7ea55h9ylaw97vzaegfq9fcmlnmlsau6gquuvu5xhnav3xmek7ml2ky9s,19833004,3TmCioRPTkD5VxifUiHHHY6ajpbvSmd3Tp;bc1qlmfwwhe5nzxefg8epp5n9e2nhzsk7my5t8p803,336338;19468381
d57f22c6d162bf182be25685eab16a04a27960643ed6bacff45780e2a792572f,bc1qvcy6sr535jhh3ux2l5ff5jt8gpxhw3wad7drqe,122596,bc1qfrpaudnq8mvhg7ksp28a8qxu44pkwd7hfjzshu;bc1pvd055wllsh6z0fe5c0kmf3y0r85acd65pttaxurxhzp686046gh0m7e08s;bc1qhqxyvuze6kewryym3ffguvmepa0nk6etxf0v68,54750;37347;29899
277ab64b40952fde49fc237eacf38f84f7c0324edcc55e1155bc739125492dc6,bc1qwmlxug8uxygclleqrnjx05455cw79my4hx8jt8;bc1qqechhttkapg2pe45xcqyeq4w04dtpffmac96cx,115329484;349660,3AAtmQ3DBSAHRb2w35apG57W9B9zFHXxNF;bc1qtw7de8p2khqp4wajakjep9ca3qnq5em2cfxhul,67158943;48275558
972c0415659e484a92b8873c4b387206fb08a17850e38e687e1008835d060a0d,bc1qmmcrg7ny2ftjm3nyd0yk8qe3jlwd85wn2ycv3e,7695067,1oLSpspPHk4XjLRsi8X9Hch6FeS695Tn37;3MS9PRqDgwYMgAHMXMx2hLFLoLxTCoGSKg,7591318;82007
3c0df8524cf05b8506dc015dc149327c413535f39f728cdb2cbb127edf3127c3,bc1qn0tc4860zad5606q4wjfe2tlzvuz3rvr9kqkex;3MxPLXzQ9k6qQQyWPEA2D6ZnSSiB9MU5cg,3561372;179040,bc1qzze6su2yex499rq0pruchtkpl4z6ccmxup7hsv,3726011
a0a88a323541960aa7a42fcf8a86c3ad438f60aebb5db06146a342418b469e79,18AULv8DZXfuqa24cVutGpvrSuVodseRsM;bc1q7ayhqsznnq32ha3sa2atxah84jmpv0ssuusyu2,310521;7281133,1MFoo8iANb8xo5wtm2T45icizqd9vx79Jp;bc1py6p7l343ew3qlta4ceqm8tuggd07knr7fnhq0yk8t9r5849cjkjfd8xzvq,4212134;3366696
4ffafb2deecb89c9d7316df744f288678f540a88da73e2a04932ec505b57fad1,bc1qzj5g32dl4j5nvjex5sdrp63vc9p2733ratn5rv,2965186,bc1ptq2j7k9e9swxqdjnmxed2pl9lu5lh0d42ymh03rteetaqsygh54rzj4xwy;bc1q7jrnur0v94hmrxtkmhxlflad55klvklt3z6g83,1875921;1080608
76ddd449507cec9ec4a8d64ee9a112471f30551fb0cdcd6bb77562d59011a73d,3RFNCiVNRSmXy3oau591UDiGM6kB2YM7Sn;bc1qrkl7zxacksg5t4lyl8rv28tkhx99jl9ghw4crr,147225;5471100,bc1q3hk6f9qqu62wkxnmcf8843qwte2yp56frc9wxj;3gkaUm7ntByrFqhBdP5n4ahZweT5yDZRD3,4748064;852483
cac44332dfb8d7f0828d50b047278831792298cd283a193794268b3041446470,bc1qc9gy3xduqlja4420qs4agd2yvx3g9geezz888t,10280644,bc1qs05fg64wwnnlm973w0adt9wqr00udmf6kvhhss;bc1pfy403w7ahqc4lhv5mnpkescu9zdyj7uqwktj6h3gxpfzts8nhxpe7wg0l0,7814602;2462747
3e63a4eb1ad0df57c81a0472c5453e3fbd8bce464e76ecd01ecf6938d2c78d25,bc1p03nqkcz3c5epw7kxqqygdeka89zlgdeqn40k4r82hh3rwrdxlr2sqcglu6,2305651,bc1q0p9lq9cq4c3j677lhdcd3mu3q3hm80ezvxg889;bc1qcfzl5e6kws878kpzc9gp2pns5vphzgvhfclnlu;bc1qr258udypcscz5z28z984x6gqntshmhzaee6n02,1987704;43736;270228
49280ea7d773edcceac9043a9a55427aec1da667ee8d6513b3f5d4ed9f97a91f,bc1qs9kztcjdsqz3zawpvmjhp8t5vyy5ygftr57aeg,141251,3EKKVTGZEH4uNE5p27KATKpBhsaG3jZr71,140857
3ccde2cfeb313e0f2095598bcc7d529ffa6cea07ff9fdb9ea9b49f94c2788ebf,bc1qr3w8u58emke7qy7fwp0yjexs375jkwjnr08mu5,54999693,bc1qshmh7pnxqa77g90yz6f8vw0gltuc4m8py5ayed;bc1pvrfvuuvg94e55p2xjhxhqnle3xvr2f8g3rm6rfv74jk5qp093rclfs5043,1251491;53482554
d3101a8062f3e1c47e2394de0cbe7f4e28b7ce7dd0758dc0d914b8c61b306b0f,bc1qc9etl87dcaqkudm4cpgdmzzeljgnc3atxjele0,256230,34URzp5fN2EACcAwJVeff7EADpmmgrjmGH;bc1prc5ac36clqqr2scrnrededrzy86ul7klpvuy2rag5q97zu7epqzctxeyjp,176137;79954
bc86e7b8b0b39efd3e85e5a758f594cade52d68084e5849375b0c8bccbf7a20c,bc1quwq85aeszmtu68qg22tq668dfrpw4pdeemfmr7;bc1pdn03gul0vrjycgt3wj5rszkhf7r0jnyzdgkv0zpntu9m53g8ed90rdxxut,1203807;2906948,bc1qlxa4lk9esnd8t0ccd8euhv79arw8u367p77hy8;bc1qxx2mg3uvyqnw0u653zcqe9cgyjkuexejdwn955,1575308;2529126
2a5f45262cdda77aea7e704a1ab8f07f20884a8a0921d86c32972fe6f8e08950,bc1qr9c48zwk8zzmjmzp2h0626pe0mzdh982txrfya;bc1q5rr9j5mtnq4d37wn75yccr9040gervh7kmu4w3,277530;12793759,bc1qzv99wffweza4yz4y0s2k4rm4yxelftcmgujcha;bc1qvc6yx0v7ktsd7kl39fzkeddaansnlqfnt6zspm,12968254;41142
f356a886336f3e6cc6324f8b4debe944bf4ab3f82daf603797eb8dcc0415e68b,bc1qkl79vdmct57qgpekfavhg7863c9dhe3gkq8eaz,61465301,bc1q2mjuzqg5e6m8rufdk0rsrae5xzmzyftundm775;bc1qdczkp82x9ljyv4dj2u9gawsxyy7w9kp47zxxwh,331496;61132805
efd1ab4ecd04202e5100cd50661106a228a5247a15448e6d3b2d51e5bcf83b6d,bc1q8s45dm20zgrqwvn9gme5xycvxssqxv42zuxwgn,12909438,3n7iwYKKwGMr3CgfVfJng1CVaeeE3KAVaJ;bc1p37pm3k6p7237ns64c5g9z9re9q4z90hqw6fcay23fd2yprcvs865uchtq3,159537;12711069
edcb8280a09099f83dcabbc21bb69856204f5a77ce143f9af3ceeac93b27da31,3yntGyJgR5bF8SZ7yMXGm99hMoAWHrHjk4,21267078,bc1qurqh8dkhz9quk8t02lw4jwl4k0cwaz92vcmsws;3BXmtamEu1vjVcNKAYNJDqMLFMurfoZhCS,15774160;5432790
c07bfd7325b203c88aa5b1142d574f3bb9acc3576697b1cec568ebed9ce266f7,bc1qdqghay46w3f6jke2ce6sus3kl72uc9lva8p56n,1910531,bc1qqyeaen3xuekvc9q34uutn3zc9n8emedvvftn2e;1gTNerRNMwsKnL7B1mSMRieimeSGRZrHPL,539572;1369799
2686d7da301f227a7ebf5a838834d79d966f273736402db484d56f32793cabf6,bc1qmtdvt2me424sq263sqtjhjgnvz4fgyqd3gkhjs;bc1qegueg3p74eg76g4aftjy3tck44ud74e87vm43h,4381839;89767,bc1qlplmzeu76syrjvc9e9v9t7xqt8qze9q094fvy8;1vMWwVzktbcKkFjSRmsoz5AKssmthBoX1i,1295553;3175323
c3e3bfe06f4061f8d540391cad1c2ec19134cca365862b96e890466cd63743a1,bc1q4y7vxfd6s7da00p6d08pkrz40wcxvwj83hexlt;bc1q23z6uga22udt68qds8fzuw4yg7cch66r8xvuas;3m8NzB9wawq7wUdMyEzho11tD7KSksu2g7,264154;214613;1277049,bc1q20x9nyxad74jdchms7p4ls356mhay8juzl9tcx;bc1q0vydshh0k630lwrzg8kyqqscsmxf4cjur987l2,592613;1158305
5d3897a229332a6d331ff48df8e4236f976ce5ba1cbdc75001866ee02cc22db8,bc1qgd0dq3p6q79s6np7ney6547srr5flmpehewzer,6022974,3qDpTT7ZwFE1czAyD1FfZjb4ZZu1eV5ZBx;1C95YJd6c2Ah4q3UFCphjNyqcg3vjq7HAN;1aczG8D3kXUFWF9rNocfyFZ1GjwpPPqHkD;bc1qxz0lmm6gm6krdmjpluck999t6mcey66s5mxl9y;1DDXQn34jLq62G7ruPW8HVH1ozFt6sGq7L;bc1qj5ng9qvndwxvm573auvd68hydsr4x03n2vnlkh;bc1q4t9tgvv6v80eje0g5egu8h7wuxfr3w65evfnl9;1uFJc2c4U7fsHeoANQF7VY7tdzxem45MQ9;bc1qe74s26c0wkdr9d38z5n7eegwe8ax0t8d57k255;bc1qhxnpwyat4f56hda4a8xnnuxr72x0ramyauexxe;1gr4qR1ZxZvgCBLu98wBH6nFPBVSxAg2zC;bc1qvyrxtv4rk79d0kpgyqwv3srkqxwrshx4heaag6;bc1qv2e845zvxwkur9trkcux00uzfnyks22ttf3p40;bc1qg85kj6473yj3qnwsl5p838rx0px4994xepn7p3;3PhRnVac2EoUY2iKGr9zu5VbuTPCykEsRQ;1nk2ZGpsTTKMvwyRGTBt9vZYn5v4FGcaxB;3JCC5s4jknSVXSfyugqaHBL9fvxw8rK4Ed;bc1q78067yy6n4ew4wlf4frwjyptrguvfmhgndrs9w;bc1qtdag3qhtqxe53tecve4cygjd88wskqemgaav07;bc1q9a4fm7qdwgyzad709s2ehwxm64erf0dt56n5e4;3JMixsnQBneVhanSLS4ixKT1bCrFGkmNwW;bc1qzv4e4tgjuzcua9sxqagv9y564yj8k4xkq4lesj;bc1qn8pp7hnqld5tyf0ucrlgynln36gvafps06zfa0;bc1q6vcuxsqm7q9zk7pj65av9jd4ckrh88t0m0d9dc;bc1qj5z8n64l2k7h2xvrtmqe7gvfxz3483ter5ndpz;3ByayrG4kZazvDJLFpZpthX3jXvDcpnWQv;3ifywdZKHdd7kGKhmKie5VXuTZVN8RDxvS;bc1pp4ucfm394zaxz8z7zqlw9a3clsf04kaajvtgu0l9kp9x2zmj6hk8mwsdk5;bc1qkak39703a5lk0h6zj48z600v2rjp42f4r96g7g;bc1qdk5kg37nev0vhh6ttr8aahh8nduucwqr4tselx;bc1qklscevxtxt6u36je4wxejznh8fd4q4d7tgyd90;3Fky4f63eRsoBYdqcRbxVp5hA1ayvVQgui;1ACsKxvEbigxC6BMrHQmNUnttf2gWzZBzD;bc1qfa6tt4cnur03c8hxq0mhtyw3lc9vhhstpy0yms;3JGoayWMAXi2txYFyoeqjECWgCJq7pw2Nt;bc1pyfaykccal26j9cq7hlqgn63ypq4h7mt8djahf896epzwjv2cwfsdjys89m;bc1qcg9eunjjfg20a34enmyuvn0dclfpeuhxp55d9u;1T8sxdVwaN7UZ7qBvs2fHqPufGSUpZuRao;bc1qklfvr4uffvssdyvkx6a946ytra4fx0mhqkhwqp;35vLePNZuEbpuHyxXTwicroKs9vhU2Md9e;3KSNZM9f6XFvR9k9ooaiwsEuBqAMzd3NBQ;bc1q33eemxrlsgn5xdaapra8lxhv9pw65xkeduhmhy;1uFE1cyWFgTKs9SEn1Dx3nnnanpUGa2dn5;bc1qm2s50t9pwg8hs5ne2v7rxnhzhpkzk2defjukk5;3XiK7bZSMJbaqzDzvap1DBvpjZZSEVeNvw;1ZvpuTS99BHihRbYr1pFkxFvHVKoQNaaw5;bc1qzqa0szxac9cfywhdq5mmsype3kjhxfa7khmnkn;bc1qxcxu86zp8l9dfaxsxakfvzjcrt7w057u0yhrd5;bc1qsyl3q8dx8nyh9v9r36qmeur0zq0tah8dwlys30;1BYpn3kWuGDn8h1oHcbcgs6QRtVTQYzmUv;bc1qaflxdjq3r9yxguvyd9u4xhlh78u030qxmzlcz5;bc1qdd7n0l8mtaveyse805pqnm7f9e3e6rq8yanu5w;bc1ql3l4hdqzegqvwqgfxqagm48hvan02cttzmhwlt;bc1q2qhap59az8yspxueyxpf505rv3r77kplnr7aee;bc1p60v2zejfj2tfswny2mzz6lew3ejs7yxsrzczrmpaxcps3hhwhdmt52mq5a;bc1p8nqxwq3cd39eqx4e3l45f4ndw434a5cc6vmzgylydengzydg7xfe0mkyg4;bc1q48kta7n4uunvtzdl886rdltt58c6h5hsd269ue;bc1ql6k0h02wlnz24p6s58sw0tgd06utvpcs74095d;bc1qtutsctj58wucrewadd62g49wukzge43m04zv7t,10708;40589;10907;20891;468870;63013;81455;221980;581564;93793;179631;42489;39161;55305;119797;123018;40639;15341;107397;14738;92713;126879;129426;150274;221338;74377;140613;103605;22169;2792;35933;62807;103024;203564;23444;14397;355209;12270;69866;94529;83656;9654;6301;11962;94535;84353;28571;108979;184068;4557;73986;125449;31204;39475;102056;244914;178182;93900;140602
c13b78f5baedc46160bfcf36c6256209190237bf3e1f8b65e6f8d8915ce4ff97,bc1q7ycx3j3rjkngrv7hrdhrzpqdckd2qcferhd99m,365782,bc1qzd2ss452ezcanv6f9quhv9lwwu4jcs2y23qde2;1Wk9DWLcvryiuNGsuFm6yUFGWsqb6YkSTx,54114;310795
c1fb5b5637f7f8349cf44a7ecb9ed3a00ba095a2d8e93e6a31cdffdb521a36e5,bc1q2w0f6txepelqhp0r87zxlewlzk8lypyw8v5v8y,569002,bc1qytty7jm22850sdzjcvdraytt4pjpy5n6mygceg;bc1qk7f0dcj22wj2ltm52qs040zwvedhr4zzjfygzj,425415;141392
012c94abe0e1ee16c2f6b7091cdae44371db8892a9a541360ac23ac6aa83a6fd,unknown,0,bc1p0erpqncf8pvznaww39rf0m8kvez4jddhd0rtu0l7w3yr3e70322lz4p9a8;bc1pd7fk23txvd7z0vnur0x22e8jl0l4gpx8upvk70zm2xuzqkmwrpc8msfq0v,467398;410298
14cfbac085f9f5f3dc3c169d4dccfea391ce21f79d4600f983cbdf3f0ee553ea,bc1qndyu4hzjku73r7ecv0f5rgn2nmwm8xw4389v3v;bc1qkh6vhqh25kutw4nwlfd4l6jc8u5txc3wlnt8dk,1859931;169799,bc1qaz6tulm0z7ydvnvfv962d6rns7p60cahp84x7z;bc1qyeg7rnt4ektuy9nzhrmc4eae6y06hdl3rvsgmt,1779704;240182
857321c8829f64f862959a38f96db7690a15eddbcfbcbb745fe553135a2f8cf0,1YsLUx2RaZSBMpon7CZMGradadwsrXZAC4,3006647,18dZW5Q1Z8zdXTAcs4mtWPDwzf4uVWZqBX;bc1q47r9z29uu0re37wgc0955l6uma28qck7z6n5xp,1730356;1261290
2432311dea7752bc8b9c190a04a85c71b5377b56e2d3b0223ea053d56b7640fd,bc1qmw52ed7tkku8pp4sfq93ux2lw2t5ycuv43yh6t,169491,bc1qp8207z2zha4rz3s7xsrhla0lzsa3gyrvxhq37t;3gHciVnfjfGZ5NMnib97R9iyTcTyDn46t8,88154;80586
6d1214d1f46c1620d6cbbfc08f4cca8241c7eceb677d68bea65406da6eea3498,bc1q7a0x9krhm08n4skk8lfvvr0lj6dygdj4n2kgqh,420096,1KrCWUVHKT1BBC8xTq3HAi5yPcwS8ZF496;bc1ppsrfsx7ldysry55spx4fd8lftgx0aqgczqtlnmhacs7crjj2dcapftta34,305211;113167
6048688b894912831625796f19f7f44f0057cea8023c1ef9c30edc060ef02ce6,bc1qwj37cfdr9lvl7ddpmnxk8qpszq86s7nzj56mtw;bc1q5uqxyjz2927vvp46ystx369sgkegrxla7d24sr;bc1q58vpcxpxy7xqxqqcc3qpfp3n2d2sugf2lxntnm,1715989;159757165;406539,15ZmRiPhKMBPstCUmyprDv66XhKFjkSmSm;bc1qh8qqh74w9knc2sw8cc85kzw2ahl48nsfrc2d6t,89473607;71928458
65b24fb4ea480d3cdd643858913bc18011b5a092d85acdc682c60c135137ddac,bc1qpqpy3a3enq06x4wvep9mu0lwuv36psuu9xudlj,3308253,bc1qt7w7f2sazr70x5use2sj0jmwnleqtmemndyec9;bc1pqk7ap4zsczu0ug29vxndpacrdt7e5n6syjkgdekxzkgzkaq8jwe9tp72ph,230786;3073750
024e77dbf48b408d854780c0442d461e0300f46866b01f1c3cea1e4804f68b33,bc1qt2erj9xw9wyvtu6anf6xddk9r6m05ka24ar36c,280255,bc1qmfpx6keecpc08hwt7nfkx8untc39qyupapvvfu;3YJJEwLbyS7zF1xEH7FYP3Xve2pAwKtiJ2,57818;221616
3731a5efd38f14e8d5e163da1289fff56a09cc9e45785e65ed018d0bcb85dbf7,bc1qsk4cj9x8wg59ah20kmsyyxsr4nhdazkyqta2aw,6737990,bc1pq78ukpvgdc0mctvqaq8w69dvj7ljf95d3fnsfq25lww42n94ezjrnlv530,6724232
b505568e53da840c3d8d257b4d5fb37645a29bcc4b342514c7ff44036904a425,bc1pk9yq5guvkdtwg5u06z2g0hn9fd8whdn3l0kqs6v9d5p5xzl809uk2ckrf9,1588214,bc1qak4de57fzcl0pdx6dqs4lmvvm8fntuyg4ucw98;3ozqEpmAaMpPica737JZqx2rPPw1KfBd9i,1450093;134594
96565a0a717f789d0f3a2e954b06f7b6d8dfea72a41cb8d999e62a38673a789b,bc1qujskgepsaf93a96mc89hx2vhrkpexpl43q7ann;bc1qfr7xvfayp90uzp998mzy0k27vf4sgtr9wfn0vp,13322374;2267739,bc1qxegqr043nzdrjjsjaxfmm82prs5x79h4e79zuw;bc1qtfvt7w4ur20rkty9mtg32xhf5rgn4mdgsw5nvc,6146802;9435626
ac100c7cbadc4e1e59d7e2960b443f487e6ec06f016073eed0031b44e6593abc,bc1qfnhmnsua439yzqly78rjvxkgage2qjfrc33g54;3on249ZiihQaRFT778791A7ymqvgnwiRvY,1777935;986885,3W8Ztrpb42qvvcqbp5wjpa3DAHZsji92zE;1bEKjXxpwH6gxQ96z25erHL3kXvwHFVQ3r,1023002;1739856
811c2244976e6d37cb402024775352d26f9b8dcd5e8d92713c6d26034a1c73e6,bc1q3yfcv5ej3h3tdpadlm3kvpk0hjma6wc6tjktjz,37962173,bc1qxwzm5yrygsfswxycncyhgaenk3wjx7r8xtfget;39HAiAqfMu7U4Bfy5qmxvs3W5LnmgTGRsb,167146;37794027
6e679b11bb77d39f7e9b7f20741d26c5a1b2c9c6bd22de737fc53301d97d21a6,bc1q3wzxl85h6mv6k9v6hnaru6dl4a84z5r45uxjds,236319,bc1qy436qqkpzmc8cputc5jxxanx9umh92pra8raua;bc1q05xenp5pwg25ac9xpajnpmqe0emq6t2njc20kx,56631;179066
3c9bf68f7d39153f72f8039c0cd6b52e70712d77057113f8b7c5bd8d01a0d423,bc1pgsyn4a7qcfrahua7h2ztelwwxa50j6g2xgzpxv63ulnlk4ccgkzt5xh909,311804,bc1qsrt3jd7gufzmwqq56dp7xm9pz7dpu95ewk9yyy;bc1qg29yw8qgrlrygrfvnhdz6qkddzhfys2efcruny,212444;98656
9fdfadeba9f75075b3ba8b087437f033baf867b25c50e9b7efed7f18b4b8a87a,bc1qw6nntu4plxtp0kg4cxltzkv3u07fwm802gd4ng,537050,bc1qaxhlqz3q7huv8z22yc99jmd9nr2mdmq6ztw9su;3khxjvzYf2FPhGL2ZG18g82mL2AjABQDLh,355359;179262
5c02057d0a079501c1c0f2608a340fca72416f30f2bc2549e4bb4dde68b16fad,bc1p2s4h8td2p7tdz7v3xgx4f9e7s6h9athkmfxkzgm6sj86d0tgzkvy9kuxn8,2818420,bc1q4t705kkax9gv6t6827sgnvtkz5pf24d9f8ycnn,2810017
4600d341012463092ec45ab85de91f8646c2f14c67b1acbcec16e96312cc8e3e,unknown,0,bc1qwfyvtcels4tup4mheeelc2wlqr57atazhf5nqu;bc1pzh6g8u0qjr9v5y2d40rvfzgarws6t7d6fnpenpn6gwutnllf053a4mcjq8,3579876;2097146
8fb06682f70861373500f00c6ee3ecde43acf4c4cc579c9c3983473edede2a90,bc1qzj75xhywmehc4zy0p9m34rf3xusmn3pwuay6cr;bc1qdfya8c69lvmnt7n0qespvz8mjr7sh8af5s7yd3;bc1qzs9hjm8ygup6amff33537ea9evurxagsrhcscg,10882275;81790;3304028,bc1qg9yexjd0exjgkv2t9zdgc4z7um39tcp28qxfuy;bc1q45rgjpzs5ceypnlhwwfy848659japtxpq248px,11460102;2762822
0229c17a4be730d3b1aa91bd95866ae567a88ec7c495e5b8b3fbca5689299c3c,bc1p2pjmmzk2u74clu3py29zwwg6ex0pyt0q0dakwj0qs89tdykl8n9muy5n09,1594332,bc1pxa75s4lfgfchgty5c6hw5ulv830yevueltfhgpyxucukk7sj5plm6pzyfa;bc1qarmqg3dnhggvyqmmxgaz7x03ug38frs0hgw69k,1479882;112518
45a4f3f42ee7106948ad8394d92fa8cef2426cc9c0411499f8c21ce1def47799,bc1qns63g6m0hs89zpc333m6ey36uue40d74j3zhdq,28839422,bc1qlsglpax7ztkyn4fgrw7gr5shj0sppv98e0pdgg;bc1qcjpxj3rzl0dqwm5r2txz4fzgfac3zmrpspsdnj,9108056;19702415
ac4d6bb2cdcfaa698a38f5ef3d30c3540a7660e06206690969a2e816b04ca9b0,3W2dFpVq9ZzrQadVXCuSCw8HRMvkDnjqws,3432,3SKaTv2MMNfMwYsnMUktf9gRthwrSLEjr2;1DYnaN3nXvVvc8homzn1n8B8UQ9A9NDe4t,3154;271
a13f9b416b26c87d9e1dcb745c22f8136f9f39bb13e3761498fed69323fab818,bc1q0y0y2guckyqwdngw69aldj09yjmf3q0tcktyhk,72998105,bc1qf05r322x3lg957fu0ttzrvdnmwdjxdrwmy5rte,72965354
a0f481231ea28cccd3a9137619f255c9a7abf076c765a920569381e1925d07fd,1VPs9jgTq2EWMgUZBdVy5BiB32LUHyM8jE,3590931,3WZtHmHPnvyq5LQJkkBb5icVGPVtxS858C;3SDDP6mvWaDMek5poS6tSoKdMM1P844XEx,2498230;1091485
09c42ce5953854e1877614856fbe4b50244bfb67f1e97f26b56fa83441e5d33f,unknown,0,bc1pg6aqfcvtq5huxqzxmup4fmkzucyraygfvfn65n5anhtrqfgulxvzwmsa0l;bc1qmc0k38yaxdr7h5w8s7zr78l3xd0lew8vhvk0js,21647;1353983
fbf9e2817d511883c6e4c3783ad8b3e4370191cfd7e67e4072e2f7d3c60bb867,3UrTe8XmwJ91mBtiABRk3ytCLTVTA6CKyQ;bc1qtg2dk2yq9rrlx4597nde6rhcdury3we8h4xma7,45469;1527587,bc1qhdt9zx8l06trfll6nk5lrn52u0sagtancwew60;1b7JkzCJfkKwqz6QxE2Ctb3pwK4YsSvMP7,1253078;317060
5b4e0080ae50c3e9868a36d1ddab9d68055dec3e83e069c908d3e3130caa7454,bc1q08l6daas3yhz6qjmw7sr5z42lmv48cmvn6lqtz;bc1qzgl2q8sj92mauzqcfps7wfnrq2n9ud00pwsd2k,8500462;17831,bc1qqg3wcfakpc0dpnckgkexhjy24dmvf4d9xv58ma;3RkuHDoY2wnRTexgky8pEMsz881yAdKxbn,32066;8482171
f6c873b2241bd427ae7062479df86e1ec801724307bd6f1bc70f15b3a3d856ef,bc1qq48jmu3q8etf9dh5mgme6uc44dzu9s0u8wjtlg,6113,3QMBbh39eXRmM9VZJ9i6aVnHoSP2y1mxPB;bc1q69pdtmxm3n9s4wx9vjpew5sxt64tq0tcu2jptj,4137;1974
9a1592a35604d5ecd372b7ed8c09297424a780b5f86a808685e1c7b2bb7ad394,11Yt4dhkFzgzNXVWNbsDRaV2pW3YpXoqH8,629779,bc1p78whn9t4utj02yjpmzsl0tszjfc2d8msuj69tnmhpr05gv99alyplfwalc;bc1qwggssy5s863d7ka9k76pmywm6n33rnmv8hvu6t;bc1qydje5jzjchgmn3mz2e83y0x6dnj4dzs2laygz4,375208;108983;143674
4c298802404f2f0b1879a21f98944dd50aed650ab194f1e9162cf379aaa3be32,bc1qdzynatvc95anpaw6emtxc5f2j3ad22m7rd3l6g,3244261,bc1pf8q9mawy7cr5ks9exkmkvz7p2jhwfva7y59tsvx3spkxzyxg2eketylmqy,3233166
71809f34387a6030f28dc20443700a6b9cb5da254f431399c76998fd1c282eb3,bc1q8e9ce203x08qvsy63tya5u6a9zx93lgvcq6eks,412242,bc1q30w26dmcfkkwtcglkp5y28vtmundvp8vme0cvq;3euwfxfZm1r3N1has1dqEufpHmkqX6mRBW;bc1qfcvc6a7cv9p5upgamcwzypm8gwjfjyh056xu59,59383;77657;275012
c72e7dd7a2ad69c3019b463b8bdc3ac024ed6c3d350765c4d5a22adba94ffdb0,bc1qf9lg6gdldcu77e2qw9nf8yqltfyrrd4j7xp85c;bc1pu5yxz88qh9fzjw09x5knyexa3vrj9qxt7rlatsz4zduyrrz8mkxzssrrxw;bc1qfn6d2vptpc6v0fydxkxg742qw6fzl3h5p0uanl,1316444;1332271;440837,bc1qq7r6zaayx347mypzhpq7c2a0e8fuvdsrsjhgr0;3Dcm95b5RVBitCJNVtts4zLUYK1fV7YQua,2930250;152791
0a82660965d45018197cac2627a5804f26a3189b756edd05ee0396748f2a2caf,bc1qc630r2l3pykr7tazk7acs2r5xs4fk4hv87kwrz;bc1p3k97eq3dwvrhrwfd9wlczartkmx9j2fvm5zcz2djcr524nweddkgn0mzdf,77270;397078,bc1pp2ve25c5whryh5dkdn9ufpza709dlyzqjnl2n0tyevrlnvnd72fjlyt48u;35yHmmCfcAGD1LoKT63RyjjFAUjFXNmmbs,247337;225619
cb03021cf82fbcd3322ba098130429ebd39eed7f371628aded2e4ca42d5d7bb4,bc1qulqummymdxqqx6eggszu05kd2kp0pan5ghg62k;bc1papc9tr88vedpmah3r2r8kxzddugm92e2efd4pmzfmgc952e85qndv4flew,29453207;244968,bc1p3dsau5tsuzhec249vrr9m6dd63egh6p9xazm4c98vw98x8h94euas3f2x0,29634694
1c4db9401dfa551f3f00951d43bf8ddc3e55b4b038ddb2b94381266439ab856e,bc1qmnrgnykgy4ln2svjn2t7ry68cv2zkx598z7khz,2810260,bc1p39q52jrl6rps3undtjdw7npa9qmf6paeckww8ldggg3k3jt4d8k5lpkgu4;3JTp1zWWSPYKYnqTN4HAYPWjUsfzmMGRMy,319713;2476543
b54a15ca6d36e78f278775d5e0da7d460d375c42d709a053bb7535490975d132,bc1q0c4d83uzpmn73mhzcue8ddjkzlwmgnde808z56,18554018,bc1q7yszfkuwtxefprr420j5jgdmfaj44v0kclllax;bc1plapgk2p4g2j2523flkyg34ylcja7gvd37wecx9jrge0n7t6nurr6prktr2,10185122;8323055
d12dc23f4d49888db95710aae62d15f7372804f38f00c448040d5981b6996f02,bc1qp3datmg5j9vtg2lzyk9kp2t97czcce5qxw89dw,116136,3XbyDKVv2KkVeJtVtbwpzeXVMoYKhWHSUr;1V7kBzbUg3rJsFQqThYfucrnaFfJ85gkGN,51265;64767
65e7f39ef2b120c301da3d944d3c7b0ee7e7b3e3d6a01a18888a5c7d4e0b7b11,1tB6N76X6g15NUDkuXzTqDq7WBG81YsfJP,13381033,1zUkm8hRQfuXJSb8vCwXkU6VR323KcyRLu;bc1qaclt0e8egyzx0zhlv7jmalap3cpd6wkrl6swve,2710488;10632234
d5c9812df093019419c076495d6cc47af85a5ece30abebb5f296047ba5bd033e,bc1p6eqalwypan2gaedq27lew69q4w6s0s3j6kpp4mvg09p29qek9jdj3wjkl3,345173,bc1qg8ralrqlgdrh25pcn46qtshyjydr32600urlfz;3YFxgZEAbD3HUzPaJ1FLHogeC8yXa6ouXF,200979;142916
465e18a8832182f4abbc862c0ee1daa08e15e6d910269ba2316b467ca51bb031,bc1qqnh9lp69d6wjytr38lxr9pyuhcl3qlwn34v5ne,44858777,3qqwt9u9GGEx5YMZw5LvM3XY5yrr7h1SkP;bc1qxuqaxqnssf35gwz0sw6xjds8z4ktl08jxyz25z,43903774;837600
18b62015a58d700e49a552444b8cd94647916011fec03cf9ce5e817617e8457d,1iqoByjFqvnghvrq49UL7MNJLu9ckVGFDk,63040,bc1q5enkl76lu85ucetfzs3efaj4yd7acjkpax0k3z;bc1qaut8u3j0djny02tuypx8g84fnjxt5ykagnrj7y,1685;61121
9f30844d1cb65817cfac61f7fd358aa24fdc58d21a4f2dee15620d73e8803a71,1hVu2PNugEU2gh2cs4VKLzDCs5Lx4SLbgK;bc1q6sz6da27wa03qf82mrkde90ppv522wmt3wcqe5,202311;1062696,bc1q6lxrgrv3z59y4jr93xtx32wtcmfxe4gugt40lc;bc1pz0qaer45sn0a865mct5wmmvwp82uxyz0l9szcjhdr80jyrqgqapgmavuyh,762292;498710
4ebb5341e26f10dfddc06bb48c8b434fb2dca2ef79d32d6205af9a1f3d991471,bc1qvhnwlepcpftyg3eume5dz258fr8r5lk42jhyy5,1901491,bc1qn0vdxhfuqvf3dk9qelulklrpyagqkmezj07sfz;3Kf7vkqoLWZt6MbgeyvknapskyNBpL6mbt,669246;1223756
7d85e44d6402ffa6be5d1ddda0de4f36ae6dae4324cc35a1acf22fef8fd69f7b,unknown,0,1Duz1yE17NR8oetvb161BXizcSHLv7hxug;bc1q54gd44hnfnk60s63zqua6tvdznhduutg87m0p0,8310778;1952179
46d5cd41ddad8e52953030b2d49597c785131e378507d39a42afbc4b4781accd,bc1qzr9gfd2j950zwwew0sgry872rn78g3vcp4ggdc,235448,bc1p6rjm4kszt7m8j9r9xprckv7gs7peq5tar84kj44hpy7aczg62dz2elunue;bc1qsdvhgjeah3aa8yqthvfp2kwgzfpsqhg3almwfv,144302;90482
879f819eeb1d20910b072a3954c155346459d96f158f4baf86cdec4cb0ad515e,1vddWTpK4TWC45SrkvSPHxwcbX2d1zQNcV,142561,376MAdS27C2Ttyjs7FrG5FtpcoESYJ2uPi,142485
42af4ed5a9aed6402c2d958e2d3526573aab1ea6f43adf8d8173947473968b31,bc1qy3g2pjet4uq53zsg3mgsjcz42822tp3rt25gpx,285496,1UyPtnYdtU8TjL5Nse3heYk7f8fetdCpiZ;bc1q5ll2ue25pdxh0m3uj47yz5safqxxcftzw6nahe,3737;280594
f7946f8e545fcbe76cdcbb1d8f4c73e2f1eb7d1e8e3e38bc53c943bab0531eb4,1sQusia11AV14VAmL167ScGtDDdxsKLvR1,52776,bc1q9katz509qhap6ptgvlpcw39txjvzcel6wkpq0u;bc1pc2jf6rvgx2x6guvpnu7e4q4jzkawrtkhy4ahuwejf9lvdth64f8yv5whnv,5704;46825
a387d46b7d0df9570d0ebd2ac1a1bc9fcd1fc5e9258cfd343992924c538b950c,bc1qjgdaf2x5q09rtjcqvvq987emgnszj0lj3p4s4n;bc1qkk5c9pd9z34zczyzk564tzkmn9kj4zztf4ex4g,54113019;5433814,1TERzU2GSW5k2Nnxs6X89VVEz4tjqppGt9;bc1qnp705p6st2s69saapra88kzh7vuv67xyx5wrrj,18792555;40550185
dc9be053d6e9abf095096a3260b55d2eab05e7079603067f00df7ddbedd0dca9,bc1qksp648v95m9vxsxp6nvwdlu30lddtzrn8zhzcd;bc1qjk94fypedne5nlr88j3qnslnlq7mfckmjj0a8d,2355562;763026,bc1quk4m9h33w4pjlkhacf45vv28vhmz5ldwfchw4v;1nHTbqFhS787RZbkDuKBg8kRkJfZYkFBnM,1951037;1163324
54c7033b6beb00cd4d590b79223846fb7c57f43559a7596135016a52a0d5fbe0,1ySVjZh2sXRUTCMjB27jPzLuNmXySgfUnq;3WzVvhmnM6Hbn1iAhSL994j4CG6muuUdb1,124825;5489550,bc1pmmqaumlt3pn72se9qpq9chzxxxmtwtuhke8u8nsevju8dk2asulckmajz6;1psqm65u7LaAX4AmkPh6QGh9aHUW2YDXsk,4429546;1163413
2b75056e0a973b5aa7b72d1861c46cbdc60bbe89a0c3602d319774e3af4a6922,1nNPs6YMw9f533uVj13ccyYt1P3uA4Kd7R,1287296,bc1q6epteekd35fm3cnt0vg8ac0lql6me4zfssy9wf;3KV9KdvbTC6VxarZYbQHUQMEAPygsGznLP,245828;1035444
d3812753c6935133e4094467ba09beae9ed4bb8d9aa2dda8a4fcb60071fc1ef2,bc1q4k06f3h3xclf8w2fga9k93e8z6s2e455hljxmx;1vPHWjtWwLMvhkGApBH1vKePX93qNwfnSt,1502656;993888,bc1qk2w32cf7vgspayem52vfvhv4gc3d60tjjqqefg;bc1q0arrf6gdwgpetrrffsq45wsdptlyya55g7pnqv,1147933;1346762
45c8bf8ef3a076fb55bba13f5b4fe2853a003bbb9852d1d1896125fa9e75c5cc,1n2m3h4oJZ2xyWueizNhpzJVMgxYz6Szpp,2768618,bc1qj5xwve90sgdze70c9gjw23fke8hxl205mfqq4v;bc1qcgu94k0yspu2j2xgyxknazmpw9zgw22vte8vu5,1108960;1652537
4acc42fc97535cd36c55261666dd30459feeb0b892d56d6e8416aa855eb608e9,1MxeveojT1fTnW2Ybd1atZfKRU7rzCpah9,441203,bc1pkgkjje0hd4e6ztxl4t9rjy7tv5cv3lpsnkweqpmj6rpkgl0deqyl6ls6qd;bc1q4hnyth84cqm9f8e8yfwrchg88vd0ejwlveh5vz,55713;384863
ca08a564e8ce776c3cf1c79fac39b3eab4dc97e2ab788506572cd24a8d2022a0,bc1qw7wmxcna2pu04e6ye3z3rayne6973h6yke9q50;bc1qxp8cshd4kekrvy9vlz7hz7j7pwrlw4vjhhtzja,70536;2794299,bc1qsdz3jjwecr6yfykwge8q7hlmgut7dl0e8fzmn0;bc1qz00pd0er00lytazpjm7vwvgec8rttwdu9prdql,172839;2679831
9821ca0abddf9402bdc1eea03df0734c50a2968440cf86e1cadb949743de2b07,3xtNPEZvJBgkcm1vipHAudEr3pVrFfQ995,2050587,3GmcQkD5JjcGiQDhFZ8sm29z8Yft16iULQ;1MX21AKkVgysbMRRL8RMj4J3QKU4WCrq29,1746930;302824
64fdb1daf30fc80b913d4ef191275e9343d57edb1df78ad9e4d4bd0bbfb7de66,bc1qtsvgq9erhel4a3c9dktyteyvlhe78fzvua5sjf,2017404,bc1qe55dhre8n7v4s3hwps6m4p9j26y57hn0hhej6q;3ufWhouV5XqX92w55767UgiS9wM7X3RfeA,1009771;1004441
d05ed812227e5d29c2ba8b5341b687fdc8656df2e8ba72c493363ef4e2d59a19,bc1qz706cygc4t2ntzagxmkhq05x8gxday6hc6h56h;3bEqm1T5j121Kp9N1s9bH8JZ1BD8sfEuGe,1840374;2333711,bc1q59uv7ns2uax85wnjeldj90mrp9qrscd6gxljmu;bc1q8wdfy8g40cjrc4rhfxn56emfxe7xs2cyxzwwgl,1527451;2632256
25cb65d78c7d827a59346715e39e86f3813178a16669a5852b8ccf4fae616756,bc1pldqe5zhe0v8fyxrz6d5j3u6h6crttydnh00cmsgyzzwt4j8df70vyutpp6,27362006,bc1qphzha2938dx4rcc8z5hrfshkzqmfmhxvkuw4n9;bc1q8dt0w9amr0mahsk35u0l0jzl79mc4ujl4k686r,305187;27055819
3b294f99e2eed54fd0edca45f4aa9a700aaa982cd4fcc1b5229bb74584683578,3CNJ7ou7NtMGUgkzNThNLADWnjWaFbr8ca,585324,bc1q5aaydpsel7ckpne4rmay9sz66ysz3ynn04wvjf;bc1pahxjv85mfz7leudnqq9akxs58uavkgmrummcdtp63gn0we04fmy4gurn99,542429;40535
5a9eabc6d922814bc94bc72b660dc2db7090221cd87c3609c2e32c77bd83e07a,bc1qvtndkk2x7tu765l07pur6hclzm7mr8an4vp65y,11662893,3agAZzryjHK7mo8meGdW5z5hXgtPovA93j;3h7YTajdw2RPAgiYaiNq9Cztx7YXYCJfPw;bc1qakgshwem453f7rzp5ae27ntch6y0p5hllmqpka;1nrJtyD7xA9au99jtzbFPtCu3Xh3qwu2Me;bc1q75l26fmargc5zw5p2z8hr3v76zdlf2hv0mkdav;bc1qxplyz9xfp4znpe4gsxq2wmzz78a83rjamc36s9;bc1qrlut26ta9ytuhqmx5ay5kufvlzhmyrzxvhray0;bc1q4jq2789xk77ed4jf63g7unrq9h84jq2hrz89h9;bc1qgekgf7fjjgv8ma029m59668l5zu37dmxghy3w4;1TPCZ9tRoXQzNWe18Mrxy8QTmhcPPqY2FE;bc1q8y86q9ztysllmnnpue8dd0q3dj59vhyssz2q7z;bc1qmn4lzl9djxsskxcssl0m0vqtq3vcw04yaujdg8;bc1q055u0efmxnpvjgeujavhg58mlrqzcm4q4ydamv;bc1qr4eg3lpmpr68jtrunuzfx9ja0xpv6lxt4yflmn;1zX4z8KpBTmP1Bpg6seXkuoxW2J3YsmTB2;bc1qpr9du7fcjw6a97d8d7zwsgtjjfexkwhpz6u5ss;bc1qmuxwpyr5x45x0p02dym90l9w0wces0dcnh8pe7;bc1qh0k2tsvhvrw9kz3zs7dy7l2kmssluhh4emth5r;bc1q54a4n0s268sc96u8gdu5jp26q2ultjwfszv8ry;3ourxfUTgdKGhNs8ekfTXKezR8xymqtWfU;19hzCS5iPdVUmuE9BQvbnsvPn9UXBkxfRz;bc1qfe6thx84m4w9vym0pfknnnrz4etrx8lj08zp8s;3K941zJxxtmSU2JcDWKsj6SUqEYtMUxr3r;bc1qxrlq9y6e665euzj2c88kfm0u8h5g060ruu9swc;bc1q3fwmx9ncqrwz40a3ca0xjy269hxpsf257ktxxx;38WQB5axJKRnCkuvis2Wy6Dt8bEDM6vEDY;bc1qe0qpew7fmer4ue34jevknlql2z9k4cn2ukces0;bc1qwh046fm7mwcw5ux4f5hywa7glkc8u78tm90jag;bc1qhf7y4t64t23fqaeuk58lw8svyr2dnexgcgqc64;bc1qqyyyfl8qadhcmdlmy3clqw94q3v4ze4h530k77;bc1q9y5mnhg2t9dngw88e3myxlyqcshlgzumzekgfc;bc1qgkvhdddft34lwga9wszunhtp5evhe5vdwymy94;bc1qnsvsquuskvw5jznurkwxj9g8l95qwwfk5undvx;bc1px0dcraxcxtfc2zmyn3rzlhgp62sk5wsu4flacfqn0yn08hk5vwj35l9cdt;3AW9RCN5rE3soxQkEjp9BU46YxMbP9dUeA;bc1qpkpx5026wnl64cv7seq4j88jve7j5u45txcxsj;bc1puhqs06eza0s5k4kjpmlu75a9n9ycr2pzwqdhnp5wra33mea5zulhtp2l2c;bc1q7d0k5v4jj5lv0lws56gf8cmez3g2mdm60wzjl2;bc1q7cxngvt4t767u024us00mx6gtf0e84nl249vt8;bc1qkhpf9fnx03q8stz6d3fe3rnwepjlm5tepfup5n;bc1ptphayh86l023zhc96h80h9qpez4dfhukq64e6k4990m8r9zr0kg3sgn2qs;17a4Z3VDiD1GVzS8pvWUs9sCo2yNfqE4tg;bc1qgjz70yacdkc7xuggv0d3c6unzre55wt4f4f7p9;bc1qdkgs7mmc4jkgd3vaeczcl7gw47tjslqykgeagx;1yzj1pgsEpWtDTnFoGvFU8kUw3n9J6cKAa;bc1qt4pqvu4ly3y78gqantmprmr3qzx3qmv2ydt242;bc1qjg2az3c8saxuxn2extwfnu05nqx9mtxftnuwnj;bc1q338awavmgv6carcfmwpk8zqvrsqca3yew075rx;3uGTGbwe6vwgMCU3HCYdTrjruPaTm89As4;bc1qps9r4r2hc5h6hp4cvytsen902x02psg8t22mfs;3voWwGfHgHDbuB6JMr2ESDbKkrt3rVwWEP;1UjViygjuJyGiwVdhN85hq6FQbeA48kNkk;37L1678hUtCPF5ArtNvp8f9ByZMrpQAHco;bc1qwrpa7wgrkuw52mdx6tn88m9p6wmypvjuvac05e;bc1qez9z5rrjsnh7n4j3yl8x5mle0rkkeyzqzj4xgg;bc1q47mdc06ya2apavwpas3luzcq8hng6927nknm9s;bc1q3mt7cy8j2mzzrnyegnnzlma5f96sf9dq4az0gl;bc1q6d5mgf9067t868f98p6g0slqhfqxajfn73737l;bc1qts0gc6chq4m3r0nkjp5yxscp6rn4ev0u8ckce3;bc1qhfag0gccd29sx3zn99a3qaagg6uqsg9fsnhy8e;bc1qsavdgrzsj7m3dmv4g80cd39e8c0lc7pl4ev7ht;bc1qe0waz96jt9mjs78js2ttn9xevdprcf6fl59epe;bc1q8t892k5xl9d322gkmczxydgzvfurz4tlvr4f55;bc1qhu8nwyux2w3gx46zzklhjqxusyx33h0pfdq9na;1b4rQrjrhVGEbA2onJppf3gNdmCAiUtEna;bc1paehnrfwk0ljv8z0pjrp0v5gwpfja3pq256yng26dzazt8xn02crs0x64ll;bc1q3lkrylzmff8ye3e4pv9td9l0e9kelqa62udlal;bc1q9whr66srzx5y8ytja43srr2rnapjmnrrdjr8nw;bc1q0hmqn2pahfq9qnduxyd05xkm7dvqg4uxln490f;bc1q7mz5rjkyfmg58r589wpgy5rhln3qjeka6qdt0q;1N7cP6mTMS92Y3z8v7hpzM4dJANHkLoTa5;bc1qv6gd7fxmquu8jxc686t4zw384tl8c72xeftswm;bc1qf6w32jyt47txj3je5vn6cr2zd2t6gwvmma3vmw;bc1qjljxj4pwsgkfxj2p93jgs7vewujtfjqqnq5ucn;bc1qgysg3h2wcrjjey8c2e2sh5pkm9fxldyrnahpj6,443239;58045;158047;202883;243268;424241;54636;284681;20556;177741;197218;164846;42330;300463;26925;8025;184006;93937;275310;70392;26824;263585;115894;30532;185518;104180;134971;89946;256860;257587;179903;16214;265748;161846;173837;65650;307796;188138;17389;76265;316621;7038;473853;165498;145285;45927;41646;414658;51565;217482;72706;21830;1568;114400;541634;67063;64333;61396;107016;84582;308564;102524;103184;21681;590958;41875;11092;158406;131716;78088;79852;223816;31707;249845;152312
260ecb7bb98d5815ffe586824d26f361c043ab00723152cc296cc319e2748c3b,bc1qtq4w6s6968ar645mz3y4duevx4epx20l0scs6d,6689357,3TFAVcx9wR3k8peNpaznjj5uGT9gJ7nvfi;bc1phh8v9nz7xz63m8c6wf8j2f5t6hxxdg5zpxqq7zpvz9ul2rjwhddwp3wyh7,1995912;4675965
7c6c48d762cd8fc87c32b018d947490b9d34ee778859a2156ae3da859a7f1942,1RicQx8b7viXNyPP9nvbEitGGR1ZNri7CK;37n4LhPyvsq7UdX3xnkeYkxPEnpG72V8ai;3BreuHEbzGM89wCSkVh2zmJMvbumYgN53g,229488;761711;4154149,bc1q9lay7fr9h56f2kukj9j07ntfptjntc8utqjwxf;bc1qfe5jflc5h9wulh2mgz5chtmevwdzcdv468ssvt,1524210;3619243
d708f1e74b60c2f54009437df1e5cb48a159a58d1bdf1d208d8fba5d77cce8ea,bc1qxyff9jnawffzghyyy9fj5f2kc3rph5j4rgaz27,287977,bc1qsw83w4geuaqdrjckppt43v4t9ll0sktqwmarcw,287779
e174cd21790a50b2da451302265badd23aec8d514c3083ec3ce76078c0e793d2,bc1qfkwjjkxntdj00mng2xkq6g83wx09dsafgfq7w6;bc1qanld5edrw2700yrud8ntcl73xk0hhnvqvflmyc,3411149;164341,bc1qdee7elhhcdtkdvfaj5yygwqj7fqgh802m4kc8n;bc1qara9rp3942zmr50npkpa8qqrr5d2svywl0vx4l;bc1qlcdwezm0cdprhylp9ktxw8d92u5nlzdkawm7a9,818180;895873;1852101
7e27d932b4b91628efd9648d6ec7d4e0c9cf1f8aa4cac46b4af61c8da6320c37,bc1qmqpv2uvrm0vgxqfa53guqrck2sq5c57r2wppxy;bc1q7a6dkc7cqnp9ecyv9sdy90tec75aplulvzef9m,836509;14734249,bc1qplsj6rqrd47pgm8f2qkhn4urwfzxyfjemsephh;bc1qgnxpegscgcjzpnx24f9l40rree5yla43ugpq7y,5328940;10214225
bb5adbc789c16b5ba0ab4dfb14bc781a45e1e501980be10a13b7c269edb1e06b,bc1qlj6m083xfqs2ehth4thzhhhrlvzfvjjz25hfqj,490681,bc1p9lvwj7p9gy7zz8zn5g937ek9rj66ptuekmsr6v4hf6umngqv36s7dp7h4d;bc1qupvjlvcqt968xc2jl3vvk56lnvzuqzz2vkqye2,3211;485338
998006fb4d843ce4ca2f99a17a1cb5642474c5de22b787a415460673f93bf17f,bc1q485qgxducz2zhym7rpnfyh40g66ys0hz8hkpju,2290234,3VVxP1p13CGBc6bQkk2JQPTSiECiwkubUo;bc1q543ap8z569zj0mg85cygsxsyc86h3de8yvfxan;bc1qfe92hsk6qgu8kc5ajhwzk7wgkzsjdqz7dwx6vu,110448;298720;1872368
166852c734c13774c466eb7472232a230354f5e0fb9124b90f8ad6d4ff498839,bc1qd4kgr6954gl5dugaqeswt5mpg757993jwvqsfs;bc1pzs3nfnp55jy3fd3yvu7a75ml98f8g5ytmpl8qqqvpytg7wffzl9mtfp6hs,1176219;170974,bc1qfr5mrv85gy2gc6p8c3k97re6zhajptuvw7j5y5,1347013
1f3df630a1429b8f322e399993f9da7a04351f1b325b4f5a751e049b1563b1de,bc1qwxmkncpqc0fuz4jvm0wr0wn46ac740erfx7w78,16305546,bc1q8fljqzhu5vjkrsfqy6fc430p253a6d5t9vr3mh;1j4TDHs85cV34r661zqaZDV2N88Pm7F1kB,16271426;5537
75a76c825fb6d6032bd3f5f648bc8a4507112a0348b3969a7411568015cf18c1,bc1qmccqwccz4wk9d2drcktdfkujas6uutt8txvmuw,1925654,bc1q69kf3zceg5ep7y2j6d46ntjdcl5mlu2xwwy93a;3G24v2nvtom39vBNtLD1HAqyDsd66YBTxY,1025163;897549
063cb240fd26b79197748b5ec4e24c715c2d20b811fbf4b7d8aa31066e08badc,3P1TSaQRBLtoWK7nk3mUELFghGouywpFpb;3PoqJsRYtsYgFctp17nHLWaHcpkKwDm4kD,84830;18936,bc1q8s2kwuet5p290xq465g3xp8kmlyxvtf7f8e0pr;bc1pa4f3eszy8cy2twvwkj6aka6m4d93w4whnx3gtk64n2kn26zjkk7cpzgmfw;bc1qnrjxxz3fsf3v8ee5ea3zqw3h30cagtxpm7dfcy,91327;1850;10523
686a184732b8c9c51bf8fe15bce45687aa0b5b5d24fdc264428534370657567d,3uG2xyGa2jvn9Zhb2NZiwpZGaxM8NTfLDx,1012426,bc1qj28ql2klqpf40ytkymau39849l9frf2rywg5nt;bc1qudrvvynmddmzu4j73u6k6na9zqze0x5uga5r9d,931848;79661
4c6a414d3fceca4a574a11f3fcef1aa554bb285b46476e4e2951134f60a5bbb8,bc1qmtsqc3yzplq22g4jgx0swynr882apxnddql0v4,3172411,bc1qldzqr348ng2cky0n74u3rvqmlcmmg0zzd0kv9f;bc1qkvmk4fewqzg309hredr8gwdlnjz4gj9x2kk4h3,80330;3083297
c935325e104b53227a705009d47e5f0b1eb44cd5560217390549e6fafeedb3b7,bc1ph0xhwfcstdd6em362xyte40u7qljauc7lx6f9r8sezjysqksehtpm0k5vf,471821,bc1qltus9wfsekvuykeypfvaaflfx07z0vlcsmdece;bc1p08h8ddhwu0sefl5mqhmc3zesxjws9pp58mu0haqqv85q4z030e5sjaacar,468143;3240
d30a85c1cc8af781532f11b9d0dc044dea7dc49c15bf23306c124c880daa1757,bc1qz8pjuregnhrt55myeg7hmhgysg9wlp24nzgy8a,334883,bc1qvexg8r84a9zcu95ks9aes7g8hn0ftesg2shm02;bc1qknrhzjjssg6edvduve385py3m8daqyw05m9wtx,162641;171734
30c064a821addb9247f23ec69c7674e6c1e16f3c9ff9618d511a98816d6e72e1,bc1q7etpz3m9yjv0fdnvqm8ktw24zfm8d8h9m3249f,202444,34xsUL5DvtQWLVWNf39Rtq6hfjCNGmFp8t;bc1q464dgqcm5svwpvylluvr8jkfv3l0yfg97gvcjw,66675;135063
6b78bc320911bd55998e760a2c6fd4d2e03c5d24bb620dc5e95c84ea044c4b18,1u47psNEmTcgMjdTXcdY6B7ATACMx8YnNN,5843012,3FrHf5b8fYmH5iA97hFNF4ggoxckxZk4Qe;bc1p6yztjmnrz4d40fgxuc82hpx6tr9swzk98ldwcm4z6g3k5ltqf9hzz3dyak,5233280;604687
f732fb03d2a32f2d9c77f84399df2bedab514b1025ebd77e66ecedacada8e636,bc1q8833kq2cr8crxsf9vpgy9vg9zac797jjz5lakk,500012867,1MrccLdcjHWUAVCZ3c6gAHKCgheDEhyecm;3CRz2NtM91dupMx1enpcwZgDqC95Xfyeiv,500000000;8257
c34ebc3639bab2b36fe0e21b8f69b68445718620d7a69e07a94e3d9e3b875f99,bc1qr4k9h5mkzt0u80mw96c3snv5hp7js8yxlqa3v3,16208619,bc1q7vncsme8jsepwag0etyw9ygpnf3qaltussmu8j;1WUWVfyiAfHyRdVqPqnDLpBzuGLdRXaT1M,1510058;14693778
d0bdef5485014360c2119ef7d2654d58889c2d4eaf36490a34d74198636780da,bc1pk6fkhmgrvj0akpq5thmxrujw7qyg07nplg9zvjrucnqq53ha4hwvprnwa6;bc1qu6gcyc0epk7px3ug5ykfa2hkw5d0788cx2gcgx;1RkPMhc1znRmAkr4gNiWYA1o43ankSgpS9,3665988;919614;2695078,bc1q02da4yk4k6ynce74f6zvysw8f2a8ydv6sanknu;bc1qp00ga3an8xapq3ymvt8e0702v85z0y6zjaad8k,6491524;784550
5273c90e72b10f32332807176f2ec57d83a85507d0468cda563e5816ef59c709,bc1pngmhv6twtmcjfakl97aptg4teyyztr5vr7mhl77krfjg88ryqclr7rwtu8;18TpQ794j8kFJDsWbTQDvzUjjyW7f7CFQ6,400825;114422,bc1qtavq2wx4daspwsakvvl9l6ys0yy3r9kf7k5nfp;bc1qua4p5l7em08t3gc4vgzzc7nwdzrwtwhyz8p3dd,271307;243519
f44aec727fcf49514f2b9878cb8cbcab49817c04f0bd321756533fd779888488,bc1qkx50xjaecmatklxsluuxqxz87jyrenwemwr4ee;3RGP9FVPpHbW1EmD9av7fPxBjKUNrM8uGa,3188689;98835,bc1p00lm7yh97h30mwn4pe40a2lfuthrwadkyqjju4pztcu6zhqkave3qxsghs;3FqR89VF8jXb9CkMQcGMZgi9XyAW7v3kNA,2400032;876923
35a098eca72c43adbd4015dcc1658b835cbfeba9d6e869bbfa2a72960376001d,bc1qf6laz9fmjwq0efxt0tsv3hf3rmfzehqj8t4st8,131141,3LQtYco7Y4DZ9BLdbQb3E68XZAAnEQmaY4;bc1q40nhza6wxezlaj95ht2aycujs8tt3xewvhfzxe,51453;79429
e5062bbdaf570902e736544492f205152d724830a4a8570b9891261aad95c8ac,bc1qs4s99wkeaaxcpt4znguujrjyky0jp7sg0d6dtl,12821674,bc1qj89y3wp99mety3x9v0fvshgtja3jeqtywk8x8f;3HVVQ8UZcRAqR5MPDSz8hfEWy5RbJneJjH,2629579;10147080
19c10f5baedf7f66dab0dfbd86ce60689580a5c5e854209f218d20bf5ef3f08e,bc1quycztljkv7uhamgum8r2adrjk8m4epauke80pf,34202290,bc1q2ya9vzjkxwkye8nrxfzz69crh2d386trh8wz3a;bc1qvg5kg4mhk7qcauzyha3pr8m5tt0m4ha67v2e9x,21480081;12584558
e41acaca4680104cb163ba906ffe9afda17b9a39a0fa602f19c36309434d8c31,bc1qy6ljkx3jzwjnsscwtvn0rzzfsphvg3z7rr8s8g;bc1qa5763l7n3n46evk4s9pexj4pps02986py6zas6,130626;11924703,bc1qm4v2sh0tax27hudsar2u6zyhtp23ks3869egvk;bc1qtrnak0mg8jtnp00ursallucc3jmp7czfea7v2n,9322013;2728817
54ac88b525a39a50cd1655f4a4bde0bf611d6cddd2301d477a009b1d21494a0c,bc1qvxsjx8kfgx3u4k383lm6yxdt9fkgpkvyf742z2,487039,3v5t48EjGXhMJWMuyTyXRanhQkAMbhpoVu,486777
1bf2c190d5b1c2eb3439b92826d34cf1b3a11584f18a79716b941be7b05afd21,bc1q38tchrlda54qlusq4djcszx3x5u6qd365k34vy,248034,bc1qm4pejctujcsjjdgd9hlacfh0nl79sp5a2e3ce9;bc1qvh2p0merxrf4jmtax2yj5dcyhfaes8r9se5mu7,30663;217196
c44d8a9de2207d4dc55d76b94a9ecd7769f5a1a5745006ed0a6f5858f8f6b25e,bc1qhezkhqa8h487sxg276k5k6djwfqfqp2h5zpf7y,4526464,bc1qkqc79wml2stvmeqepkcr5aa46y4fzf2atz8utm;bc1qddkwvdql7ptfsn4rfsgghfzv09y0lmz9aq7myn;bc1pwzcr47kw03z9r34fktsml5zlh00kuxptpnyach3rvjys8az3y0t4hymx5d,2611538;976977;925370
4f5b645b085d8aba5c37c3c799d95450607ac490a02a18eec6ebf25b553106c7,bc1qu3zfkz39e3chdycp8rnxfgt4l6k995ujn35elt,239359,bc1qkzpgs7dc4fhencylh09zz35a9a3u5t056t3gns;bc1p2rl7m6hcwu0ksw7ywpjy5ez6emh3e0w8tqlnen4n53gnwg8rxwxvdh4rcg,109726;128534
96f8d775d50fa6b601b072890817d30c4575cfcd3bbc1614481b3b56b829542b,bc1pvvhgtc5j5y5ecqma7essv28h4fkjdwdwyv0y2g3n9gcdf3s97370h8yygu;364eFMduZmSdcb1idx4gHpn5mHANxY2rGt,8040739;1955212,bc1qud6vh2uk4dkqg4uw9q9wagqwn67qjajfx6gw00;3NtDgftQhxyQuqa8TyShifczCa5CwfdsT3,3217962;6774559
cce01beed9f0c498d469ab61c332d5543b1fba97c4a1df960d9aa23763c0fa4c,3JRcL9fHRD4QWa7Di19QJdmGHxtHeKDM3d,903262,bc1py5l89ngud757wak782yk3u9r3hfpq9j973ewq090qy0k3yzuph6h5ez0x2;bc1q2mj0d0cflrcecp40e9s5jrt8vaaqz0tqyspwzy,763718;137939
43785eecf3febe4adc256cf114bf7e687d9c575db669189c9ba3a094005e99c2,bc1q6639g6zar0eygyqtq8mdpzq6utsccncd2tzgce,5804021,bc1pmhgg6zt0af9w68taqw4e73fgngnvgy5e763u5gsy8uy3agf2r2ynjy9nvc;bc1q6uqffanndwnzml8gqk6aeudkyzecztuek8qxuy,2134587;3642986
a6b7eebe17fece3376f31e7bcaa782abc62161d5bf72f59be15e2070fbaca1c3,bc1qghex6s2d0shx8aqjmv425lvd7zwyk62d8tmvhe;bc1q55de3lxta4m6rlqqsrme5mnpeq802mgf356dre,12022119;776022,3AR5eyB396uQjBwbZEf37V9bBgq7mWXdXN;bc1qknr6kpufywuzt99ekdyl4dajmwm2kgltr2k08m,4575754;8198327
6ab2e1e25a73799f2ec9fa764386f6ca1779b91c972cc45fec849f651d869e5f,bc1qdksyqln94vsrphsnmas8pe32wjtw8ufd4c8yvg,2838202,bc1qftyrl4lq7n5efnrsjp0lldl4fv4xur8v999hgt;bc1q564x5lan4x6ezh5hzkflr3tleacky6m4dyxdcy,263075;2569349
fadf049826e1352d47d13fe6901b6048f74f6bfe2f184914e576598bdb107769,bc1qsx25n4sdkfctktar0ndhuxppwk6s9r5l3uetqh,2569647,bc1qy76yc9uf5lgxz0f68vzz0d9lmlv7nsnsfnkfam;bc1q3huszfrprtfz32fnhzaarl04yfl9hmnndd643d,780288;1779671
26ea8a3b6cdc39e453af6e3738076e2bb459c1c1c8b0255f4c2d6564c409d9ed,bc1qkvzmd2vaunltl7mdfmxwqt5a0r97dqsre6qze3,70931,bc1qzw3x7rzuyp5jej5wqpm874e4u8kejltj3wu0r5;3cHKVYrH47hjfrHwBoonViGDuF2dBD5z2E,47942;22880
e365499b9745a46082f4f3f8b69ec6507d82b3e06726f49193bdc0c56b14cd39,bc1q2q5uwqckljjvh3tmdxnr7we7jf2jju494tjpz3,1861825,bc1qc09wzjtwf2jqygx9ux8ccye45glyu52l9wg5re;bc1qdl46cdgpv4l8rts5r2337lcm7twlncms030p2m;bc1q0pqgj7av732p9kv8dmk76hfshaxjufhytvgt4h,1342829;237491;274794
7d1ce4d2fb20754d7ae5ed1e343dd3f4219d29dc82a51877f53b69b72905c7e4,3wwventVWFpxtx9gymLsZ6Apg8sCiDtzXT;bc1ptv30qjn6jse2mh3qrgzarfffkj83ad3pynrkd2aekfrwvpq6pu3yl2wds4,158322;6555823,bc1q2t0rhn98yg5pfmg6x555gw46cu84u3hxq2cgw5;bc1q7x79f3l3mqujwmmqku2gxu9kny6jt8gh0aa7dm,2435486;4263290
f1b352d7a01b8868217bb55668c2665e0c0fb00f0693085d10fb2c4c76c5f360,bc1p7x0fyxnuyqsp35mjewpf6d5xl6vx69plrtens3wqpldyyefaj2nln3lqcg,8207915,3n955eP7ZHg1CJh1L5Zn37Hd5bjV6ScBvn,8184948
3fb503cf84cbdf2714f599e0f740450f24e7bf187d235fa4b515c21c62b93abb,bc1py49lq0lljlk7cqa9tvsnh6atf9wxmdu6ttpx45ly8t3k7kezp28v6vwz60;bc1qgxd85eq5fcgjf54uvh75e6z8vh87qkg7p2r3js,3032710;7095759,bc1qvl3h637tkne007x22wv5ygw0v24x3a7yc8j3q8;bc1qjavenamlxd2v7rep2lf3c7mx83en3624462qq6,6762425;3316622
8f0d9cc5941af3c2f92469ff90e0bd6c309e3794cb49a127bef2541452cc1792,1dBTAxjH5Fog3W7S2DFddiUBJrBBNuSjX9,51693709,3R7pct5EQiXr9QCLLPrvrhPo9pXxA4gfNu;bc1q7hw0rpk7a4xk57wgfgkveu8ytlfh77fu4gvdmu;bc1qtgslfudphe6am0vyljk564u9hnyv8u8fldmt6g;bc1q7chvxup06n67k5az29pcjx5zzddeeq93a56wg8;bc1qupprfmcxf4ml0yy7qzwztn3dmszqvjt5htck6n;bc1pzp423md2e999hzvgacs2d5kpwd099lp0llxz2meu8gaudp3s9m3muq0qfk;bc1q4u63vrgwtm7nkdaa4qhq8x3w4u4uc96lnrf6nm;1xxFPrwaTu4E8oy88G57CuicYSvK4J5Qqp;bc1qcuzvm6r7a668dpv9wa9ekmurxcgjjmstdcpgm9;bc1p3veu7rfjzkxqus73zxxvrduk0xxztxgl3kw7v5puehypmwlys85hsk0t6c;1jTtCg7uxCktSE3usM8FPgRTa6mjuveCp9;bc1qw7sfgzkmxfu8tafun5mxl25amxndn5d752jtyg;bc1qdy88qljryefag04p87v5xjhrayu7qjt9z0uxmg;bc1qvhptmkhm59ts7dthax2wec43mq2hd5xzkzj3e5;bc1q3y8m7n23jlqgzzqlgdlqk2ahwnqt0x0u9zm56h;3FoKC7hDKhoUuEPWeZKSdHu6xqaJunBcNo;bc1q93q6ecn6ys3txvce72j873less8ak0nxp8atqs;bc1qrx20mym0h5d384chwh6m8tk26e6vgnq60euvxp;3e2NZHSF6DYJwBSUPXTBDCEjbddjaj5REQ;bc1qelqxs49f2fqfrckh02qhjezmxnsphhwwyxhk7u;bc1qkwe9e7ch62tcqsapr7mvm0pqahvpnlt393tpxr;1vguaCqV3Z9CocerjmMJbissitTmrZUiZ5;bc1qq32xl46rkksnhmy295gl7tgtr4jv5ud4evzjqk;bc1q2gzadlyerg3q8az2t90t24p65k3smex32mrl0n;bc1qlur2ffkupwyw78e5nr9xwxw48wmxw0w9tdc3qd;bc1qvsrjq32tx7gp5v53xr54xg4crp30ngza52fttv;bc1qnr9fac6fftcedvx8593q9c754zuy3cac6lzxjy;bc1q4jutstayzr4ds0vka08zln6djk4lse3f5hn2gl;39vD2SVcjkZZSofU1hfJZkWUJNcTtAxmb5;bc1qsl7t3c9a3et5udcrze802xc2xvd22j8se82mp5;bc1q2s0jtyytzm350wf4jfzef9j73myl59rw9l03m2;bc1qp92yf93a0jkxr07ruf82pswx9qkw7ld05ju0a4;bc1pvyaj2je75mhnprlaflf75v9c50f3my4dazdklfmepat687vwl8nrud5mju;1s1Ub5MxPFUHNsNoNgqgfj8GWLfNszA1EV;bc1qrg4rzkcp7dkglu00p4eud9agmn40050hxrw5j8;bc1p8v2w8cw03aecucryv9yttykvmjp5d8rwaf4nl4q8epyhr3y8uatneu0n0k;bc1qq972q5c49epmvx66r4eaqemfvrufqx7mpgup0v;bc1q3992x0lrjljusshyyt5aw77me7n2de3sue8qg2;bc1qsad0lnwp02xsxfwlxpq4dq690ywmmcph9ukczh;bc1qm8txghwkd9vquh8u3u0td9rga7p2ph4hdh4uks;bc1qm3uxr08qxv8n5gx0dvmnw9n24al2dkvfzzuptf;bc1qtzkqu74e6l57w93zuj26qgc7wxfju3dsc3tlhe;bc1q4y4yg3u64rpl587947xsl7msl6lzkf6jlxd9qe;154g97cKgaMhUEF8pMKqZEu6w2vSPAQfCN;bc1qa2yztvtav2mcexw6la82mvhphuz32zdn248k5g;bc1pkkufsp4u4x9uhu5nfgm9rc24fq2zklllfdpduktcrkuz5ujwfeqjmtk4f6;bc1qclzkevkvsrkpgqqzwugcka95657k9xq0ay3zc6;bc1qq0u6lux686tj76qxdk9c8dm56qmtzrklcngu5p;bc1qeu4g4gwljcztfwv2g78qjx4cwcc096pp5ydcjt;bc1qnptwr9huq4cccuqgyd9s4u2w9seyej3aaylnjm;33iwNFk1cJJJj4GubeK2GH2s6vxBBNogEt;3N7cKPR4iwDSVBn1ewKVFFLdzuBaupwmAB;bc1pwkp5gz5xu60l0qdd9s8j4pmktt7y2t6nvhvnuq66h3y5zfk8szzj2lrump;bc1qrp0gypsqmk4ymurqhwpsqa6tcpz7v9ykfev4wf;bc1ql44luqm0u03xuz9465xs86lx4nx00u8ccn6mpv;bc1ql97sgd3ryzdeuqhseguer8mv6y2glz3qr9l3t5;bc1q9jqgnlt95llsr4wyf8fqtcffdr7m40s20l362j;3J84Y6N1ciVSpWCbz1kmzeLgHcE58nJTGu;bc1qjxxy9jznjh9gs0ra4stlpveafaa0zsrzyh9yet;bc1qtlugrnue52tg8jpnrr8slvz5guqpt498qchwec;bc1qel2cm6rht7r6u0lyqv2h4v20z65jcdj88vz4zl;3E9pL46dfUr36s8Z36HdfPSvu9Uw5Nv3dU;bc1qwdqerc93crez0dwrwjkfae62x0lw35qg3t9drl;3b8pKuRp8YrjcQqVaPPQ562cfKLupvyxyb;bc1qf4etmx60rq0ruqwperfnyangkqv0ar96gkdq8g;bc1qzf9fdguwawfurcpm4uje505kf3qcx8jkuvfzy9;bc1q7juqnksqxcsu0lrn7lnnzhlmhpxve5k0kf4n24;bc1qpghsq0aqx9v07ghr5c5z2uvss3m2qcthddduw0;3FxEZCpEQ2mCEgLgmsDyKbjeU8hSrEp3Gm,824658;55923;1796037;100281;313365;1334224;717498;394621;505929;1520753;327768;1607226;72777;1182964;1483677;158290;443885;142713;967266;604597;795709;172561;187685;33432;306617;647141;1539341;867215;450909;2413894;1002006;2099518;591532;236348;42811;1021461;102005;284482;599728;655556;723931;143428;376746;757438;2761264;1025926;2018424;1133029;706613;168192;866642;770288;727665;530810;593319;321149;577834;173611;1290219;162117;70042;452097;847060;454157;255579;644327;336177;2130650;2018846
2e7106ec3f853a3c711fa42fdd001859d140b0ff7d19221e0ebd7061d604ede0,1TvSQsSdqcWGhaX4nWt1Mx3GENWKMddnms,18852,3LzFZhaxr88QgVNrxzkjTyQR9RPidVb5W3;bc1qwk7k3mtnqnp0nqtqy0sz7jgccp2fpweqt5e9s8,277;18488
f8c1b7ffa2052765c02909ea80e4de466c56db6f563cb5f521e8653e05574ecf,bc1qzs79uw3a3umcu4mn0w0rjl490cxkayjav84e3x;3ofa14WG6prQ1gmZeacgMzxsZtimwef1Uw,633746;143455053,1KCDchbNAh8BueJ1YDxG8TABQXdjDZYTy5;bc1p2d2qxj57m0n5lt449rnpmcnyevga6pvjeum66mk2u3n4kmy0f407d9p005,77848061;66059274
f0b526ee5061c3fb9a016aa3f1678ce0a8e9c4d594e9f1e83dee1b21b3dfd453,1gw7ZsdKZSg9WiEV5idwvAzgCPJeesTgYq,2556588,bc1qwltpu6z3g65n9dn5eeagvkzkht66rams7ca2wy;bc1py0dh4vxv2h96e8wwzl8rt058p0dekydtcpp29gdrnmsq7hfunmr2g9say0,1421553;1124288
b6779cf6cd515398c168199358f78e742d0a87c10e1a4b8d505523c74d20251b,bc1pqzxr8kt0uv0qq8l5jls62gdydqqf63lhat3au5zyy6w8vyjw6ak66rn7hc,1523352,bc1qanvx0re4vf3rzg07s3m5dxlzz5pfsszzfgq24j;1Drrb978XFBis5qBrPP5ogH3rUDvmB6JD9,619109;903200
ef2be07ce9b5ddf03f7d187c66323d274bce6c85e626e1ab3187f39600d7897a,bc1qyvrtjxaafl27reqq4m0mv70py7w9mvpnw7zsft;1yBisH2pEKwtNKphK3zL8wevHx9BLtsVyb,312268;1026705,bc1q4v2kv0e0mnumytu2r5f5rwg62wp5a6lsy35a3c;bc1pnw9yna989hk8g3hwt0z7yqw6w37w4nx9empd3uspgzm0mg3s90gyc6qvfj,476275;857026
a544ba3a33100f165818d32c46f346793a18eda4ab30adddbfc0216c664715e5,bc1q2tspu5y5tl7yxgpdzls67edcufg38krhjuqdqd,377660,bc1qf4cw9vj0q80rl8lfmzrhs5y9nldy6v0v2pusas;bc1p5qtz0u9tsxvyvu76xlfkcc9jqt7pxr60xfw2n22ylypdqyyq4vj968kuux,254838;121715
0ac9eeb4a7aec6c8ac638ea840dda48d8b9dc44057db4d3b2ece36a2a64733d8,bc1qyhqtmszxeen9396k25x8x9dj85gns5myhe4dlw,252126,3m67bFyCuW8ixnzhTSJEG7PEjCvEv2i493;bc1qqz3sqdmc2kglk29l24t449fq2lhfs9408y9g3z,123400;127753
caec65c115860ed91ed0faeba67cb28619ac6a0bcc1e07bcc3e71baf14f3fd0e,bc1qhkf4mjv73zzjz7qea3kxeu027afw7e7enzc2wc;3LdAvZT5nJre6WAqvrhqXCHKoFww6dGfG6,715258;143136,bc1qvtg6kxeqjnfs6x6drevrut2xpzjlgtgd7yshky;bc1qf5lan5pe3k57ek3x3r4yw980jpnn3c8ye3gplx,411048;444607
66c055c41bc79efa531f1ed15e2797116527080cec929fcce7b3aceddc78c152,bc1qhv93ukjl86yxedpwy80vck97x5a2f8wghe9jw3;3694HzXLnTk6fh337uzCY97UMdGRvkiBWm,8801409;3381713,1qFbUNXGfmZP13zaosSuR9ALnNTm7wJfZA;bc1qm5j0tuwxc3dundent7z9xs6wang5ypcmkhhhym,2608105;9570442
512fc9c0fab5ac26b10a4b92365709ef1500de016b483c8fcba4bf725a0f57a0,bc1qqw37s6zj0xldxnscr6m9pvap0y38rex0ptkav4,772180,bc1q0hhg02h4njkgcva8h85lpumlpnnhkl7mf7vkns;bc1p2j35j7jspeqn565ut68hh78uvjd3tmuren4nh30djuqe8w6f6x6q0tpfes,139088;632069
206d602b14b338d6ea90de3ad5fbfc012cdb522f9d963c6ac315643a41b1242e,bc1q890f8ewp20xdhylkd5lfn2czutr690puc7h5ck,976094,3iETWEXEqK9wPUFRjaTkZy2H43PvgFhF9L;bc1ql6827p2ze5scnry75ag3sd84zrmuk8qklfuyxk,65600;907511
641a9ecc2c4fd35b3b03a3890edcac54d174e9dc01d5913e6da427d883c85949,bc1q730ywugtp6h0gjuxxcpsksz8ur8vju39s08jjs;3ctKB7GiYPnzThS4EQ8KoG2beXaXbNicvm,2640857;1870314,bc1qnn8wy0vg0cldkapmp9e0ht8hgdj5c4g9kuu078;bc1pav803sqmsyprhtxk2tckm7mqa6av5cwstltzcnlarc9enp2x6jvm0w3w7q,887658;3606121
cce06e80ea4eafebcbbd1e8f8b6a787f14157c958e24c0f0e643e525e2eba4f6,bc1qradym9cf35dpxpgr22pvut8sumvsh3recatac6,159461,bc1qvtvkwtnw0ejsau8q7dypj0u9pfe29qkxq743ek;bc1quad7zt3v88kdu8knak0e4jgfyqdsl4esj966em,43750;115207
659b3b662b18d332647e46220085007f010b439a0e6de3e87e2f676c35ff2dcc,bc1qemd6nx68kqzxusddp2dzs9y3dls8fsvyvnd4z0,5539392,bc1qhnp0uua0ezyc07588f4r83084d24er9fv2g5s3;bc1qk0xccawwcfrxc3tx0mtfykjanjjsenanqyrwqt;bc1qqacyu4pgj2madp8k6uj3fcu44a0pswzgwxup5d,498061;3458676;1573931
a186e35fe64d55d1698a648148e994a79ca6f401a7b98f1d739026b0fecaf9cc,1Wsb3XU1femECCdSiVbrcmD8KWkPAmThTY,11464295,bc1qeyn8u0a2cy2g5g4uxalq3xaqtep58wk6cdek0w;1YvuGP69zBiaZjxjja4HQhvvN5Nq9Bycmq,4405822;7055060
4f000585ed8c258b3ae2203b6af6deca5b4b74573ed49d782bbde66631cf5e99,bc1q4mz242r48jgv5ylqte09vj7nwdn86dra0efnte,553106,bc1q50eg93atjm07e69dfehdsm8t3fg837m2s5lydm;1RR6KffYQyGb8BqwBAimgJfvaDHe5yATRE;bc1q5facejeee03pxanx0d80rq897fkkw6hj2hw7a3,283799;107327;161372
7a3b9b93d0d88ae03574a3741320fe812bacf13e71714baf4ac885f8ff54b3c7,bc1qslh65xwygqpa3ysdzfrac2trmhcp7j2vf4yu5r,652627,bc1qawe5rxz9qpm90gc5p7hurwvrfsn0tkwm89a2hj,651137
e9302149a3b2b0ca9c6b4c4549ebfc6f29df4dffa4f7ed1614bce19fcca9ab32,bc1qxpt2zvgawxxv3qu4n96jv275zchdn5afx7z05h;bc1qsf59dp2hun64apduky4yxdjj4d6l9fkq8e0037,6710404;1410708,1etXP87vKFL3CV5j9iQxtBqMJ7t6iNRJmX,8104861
0f915a66f2e65cf59992fdb7df0f9b43a24315b86760bda8bfed09274aa5c620,unknown,0,bc1qnreeayyk9n0q2jxztnn9kfexlww0ytruzv8arc;bc1qc6gs0xrpsvtapu8tvk7yuzw7tu38wgqg8cxpxd;17BP8Wkw6yvkRzTUmX2koRt2j3RJ8b6HDq,22181;27780;83030
3c9523fcf0d0cdf39a9d58153a8b7deba2c8b25824d9f421487cdff0022e094d,bc1qvy47hke54qfdfe8y6uqqdc0qvzdtgg7w2vnhnv;bc1pqdhwx9xuxnlqlvpxc5e5dlsc5dw454jkd5yc5v2wh975r4tn2pef3mrazt,20604263;3956940,bc1qz324qjakf2vv9a8454q2llcduqdtvs9nqgsskj;15oqf4Dt1ahKu8zq8KsD6orB1QS1ScfGu5;1C7k43jZNp7ybT8wVt2FSeDptgmtGdqpLr,1816455;13495334;9158072
e98513641352d0b7a020bdf6edf7d474b71ac6231b72ce7a6d41b81db1359e5c,1LzzqCjoKGzbFfGsEcpTLPNwnmNJgJKKki,369612,3Ro3YsVYxPavLmtSYMF26jdMzR4AVcr7VX;3ZXjKsT8BZFoQDbX6iFQLPLBbuqeR1s2tH;3bTAPAaLF1yirpB1yzCWmTnyzjWitpsJTe,84806;251850;31753
16bc2a9fe16a55786749a128228d95b47ed53ce36e180803ef826f54325bf030,bc1q54s0em0g8mkxhg7e6drp0ly3ng3gwy7e6mrx8k;bc1q4nn28q7vs9y47dqyd5g0vjggvtk2mr3ga49fl7,805561;1912045,bc1p2sewvgysyukpa2x8rdu6zqlytstp7upcj26rr75ra2gyxw9t32s05ajayr;bc1qgpr97ezf7g6z0h4xtnlvq2arjfa4njm87gav9u,1040547;1664167
ddcac6840f834df0df18c450b744702aea1e1ac986e652f01d685691a8b37fdc,bc1qmd4nzlhpdm9mcmecenew9j72skldj3n6xm9yar;bc1qc233jxufuk33qjg0j9al7735fp7u8sfzkxd5jr,137527;82928856,bc1q2kxcaqyfjwm03y5rz4g7p389lnhzvplc0vuftd;bc1qfqpgdmn62kfr3aslqh53l8q7tn0qw8u3sukhny,67150573;15605340
817c480cdd6437b5d9593f692ff24ced16884c1b03b8e9c7efae47da49d582f5,bc1q8fn9tlg4r2s7ydxnvvyg6ezy62re2u35lcr2tu,484276,bc1qqv9ha0a8vz909taj44n44pcafwf6m4g9epumcj;1BwyZfeCDuCE2vBR7gwLLNpWvUuPajCqXH,30565;452713
4cd3612ae84e98bfc2d10a8c58a040d14c7862417e2315bba01645239ffe6170,173LBniZkr7mnaxXRX16w6sDkQ46Brr6y2;bc1qhug3e9jv5mam96u75dtjpgscf3kxh27aqrxpgz,150299;34924426,bc1qmxpes0pc23ztaa4l6h0hp2pqvw07s3eg9th3x8;1STQUHsGdSP1Wq85i88dximL1FaKNrtkJa,24339778;10659370
de014af5c8b3501a782c02aa82483791979ba560f8ddfc1dd2241a83ef6a3e41,bc1qxc77z2gczqnv5hnl79e4hdcl2w0k6ryxjl37ks,8886496,bc1qq5e972jg797ul5euuhm0eg3l09ttgsqtkr3wf5,8855488
11529bb5de3c4222881857a310ab15335e998099a3deaf6e832998054f09f893,bc1qm8jmuxaaalz7uq9stz6urkuemhh44w58tx4qyu,1075352,bc1qmzntt26ze6y9qh34us0nz8f7tp0jw4d50xtu85;bc1qqgpnrk9z0s878kjyg8xhcuwqu9pkw9dn8zys0x,703445;369154
05632e7cf6710e46d02866d9dd5af7e5ba9807dd29316c6ce2d45f8c425f5d80,bc1p687k7q3dm0u8xksa58y3z9dj9te3ecezjn8mqtmqpqdgujxfjmd55nnlpx,2364116,3r4Q1i3fBwqHUKiLykLcZ2XsVz2W4XeipL;bc1qy69q4acmw6lzhhrd26gh5gv6uszx45l9vzsg0n,1144932;1208934
b06a316b1200c313ffbbf8a32048fa8956d4602a009c804b00b7c0a3f7c49e78,31rkCma8hw7n82moqDuXJNaqnnE8ZHJUrC,429524,bc1qmqwzzlt9xj7y6wc0pa7ygdmjsspwccrzjc7md5;33dgfPFhNr9dnDudcN5o471q8V38XdBmdK;bc1qrlzedhg2n2psmj7d7nrzyr647s6m0k7en08rvn,183793;19987;223884
f4ab0117106734e8caf043ee5b2c9fe660e1ed1f377c13c92f041557562b2c8c,bc1qv5trlgtcn77htdq842g2yp6wqa2jqmsxf6nc5a,1957268,bc1qta4x28c4tstj3cs0g6p5zx37f5ws6736ag2dj2;1ZqLrMKfQSCJqCz75LNwtFVLbRrahoqiuR,1333847;621268
d5383b7787e860b1389cde0b41cbeaf4e8568e0bc50b29baf74dc611f65b29c7,17aAjZh9cx3wrXPPNHvP9bwnCw9y79VgG4,29030,3kxQ6kzPjpEfBgkHTSEK5V4ZLUvYWihYM7;1PtC6x4qj728G3mo4LjDa3nHM6HNiCGzKd;1AcgmAx12pVhGjFcCPRC7yjq28w91V2roJ,22344;4165;2451
4705911987cb0b7f7ecbbf52d2c7abdf0732ac9a6e9c236a382201e5c117ebf0,1vqqUutRPvjGE4YuV8iDrNkUmVCTjLb2dF,1505510,bc1pv3t763nuggk82en3nw072qe3xar9u5k2djts7e9xqc4vk0ds6enp0gqvc7;bc1qc0uz2x5z68cafasqwdzccejevq7k2m4f0ekxjy,1067657;431948
025446652c2c78826a26cd0b1c6c95afb94d649b3587c5ae21e967d992ed0a76,bc1qc3lgtn4tzcjykwrpyr6n77nljd5n8q9mknhjk7,846819,3gB3X2hcTzeiQrahjv72VPKa7r7n4zpLhE;1nUqTbVARDLeRszGZPrBHhoUxoyh7enjLk,649519;193115
5b4eef55a2ff797cde28851637a95db9c2e8b1e9dc898cf043f92bc4f16362af,bc1qkn4hrukcnzr7x6n7509ckujndm094t7tmvrvlg;1ezJF3hiC9RVYQoG6M1KDvuspLViFsnjq4,3213950;172076,3JjXUmR3QoyYhEgfGP9KQRCwm3cWjpnKLp;bc1qv27t6wdvatg2hg3jkz9pfl2r734wyp6546m6e0,2182262;1200367
ad5145703414e0049d55721cc84b9ee3b78a20c33a02859e61b1ba518dee9e01,346Do14oucwGUHhJ5gFFb5an42sC1YAuUr;bc1q40fc3zy6wgq736r63wfhk9u6trawqlhdh7sf0h,8577379;131978761,bc1qg4uhw0vd009vxqumw7ftgra90z5p2vuf5tpzt6;12DsJVT53fyGxyqXAP6khFdj86BE1mN3NN,2474302;137772765
ad389130aa1108522737581aab1a1983700c403dee89cf539970dd1f9272441e,1ZHYkPSsahVmtLHbmwEJ97ZMpPkDai9YEt,287193,bc1qermtk638ftuldnrq7c5v2gxtek3276x6jmmegr;bc1q0qdf33zd3qqlcpwccjdteymk8vu5mn3va2q02l,121546;164361
0d7797b50b19db8d03851d1baf5682c056a7e9a3009da3f7fac4ae3bacd121f5,bc1qf4nlgs3ke6yv0s6pkydyqz3syeu87lanpm39mu,10795072,bc1qeu0yy8fdx8em26qsjfhedgyfgejq2s8tvda5se;bc1pvre4yauz3v7l8r4peldx7px3whhhxytdf0j9hrdz5d6uqky2nd2r88ewzw,8826249;1918713
480939bcfc745f09dab7f07718d1b00b4902c6d2b09e8919c67387eb77981c97,bc1ph9yqcml93szn6zz0wr6zdc2u7ra05as9wfmd3lpaj03x9njfmnd229lyr9,52507,bc1qemg7wh0p82za4ccnuhlr8e3p3dn59z72lthgka;3VW9zHYgqhTYDvbP16rGzz2mGo9adiPr1U,7885;44370
be1af54a22968988aa7053212e83af72c18a06276139ddf66b02b49ad4a1434a,bc1q3e8td0m08hjfnwuln7z24kuh6drhs8698wgfgh,1500142,1pWDWMdbXjuztB9haNaCsCvjvXiPFpKQha;bc1qrcucgxjk3vcshnfdpdw440hv3thvhd05gsut7l,336963;1162422
eb59b23bdac9dd2f32ee715ebbdd0965aac8cb25e7a477daf089456f38367c65,bc1qr6xg480ffpsfe96mzt08809l680a39a7wn6wn8,343646,3XpJEyjPDkS26NMGQz2tkkWFaBqsuGG3aq;3Ar3VoJGcFp3Qk8hqTeoWugntiqX3ctkWL,69017;274061
1449ad5f3835fa8d6fedfedd3d5e86fdce0fe37873a714d6cf0eff9d01ab374c,bc1qu4xz8sv8dx935d0f6umc7f3t30eaeqs2w4r4hn;bc1q7zpfcu4tpyqsny9wc3rstktk80rt053wcnk5ea;18dJ7QCduVMindm9Zg4brge4iNXvcRRtfP,5930906;29182;1317152,bc1q0kksneyt26nwtlt4jgct2cm86tfmja7sfrdhk9;36sV3Xs2vKdBsp3g1CgA56664b9BhNhLZH;37sdXBHBjsFjNgVtYKckFAMSRKJEpJAmv9,1043993;2094694;4137319
90bd4f29f7b0e60df54a59e36235ca88c65765fe009cee93377890d103be11f3,bc1q2k5svv45n7ff9xt5ctvk4vghs2z2mtmat4c463;bc1qsmsh7sd0h83lp5s84klf7kk5ael7vu9788xzna,3673563;2301144,bc1qwvwx3t03t2uhrjf24hvjr7rz046aapl38pl6df;bc1qj9fm5rck5fzq3dh490c565tp5qf5zafjhxkvp0;3DhS18NgeonNmTBsfMqEUCZesSG1RnPLsL,689226;245498;5023770
e7f74877329ffda36fa034aa4bee8e0b3d3a5280f415698980adf97bb00d2002,bc1qfrtm7ndprkeh25gx6qkm3u2fn9wxwvxxy367ds;13uVhR3rqTsToGo9kuUD9G1uqcs55powJn,32606;77125,bc1qprupkpx2m0kqrllhg88jp4aerjcnx37c7davsy;bc1qt82729q5xz5edzg7exel656tze3fqfrp4w7jf7,67979;41448
d77cf6c8dad200f07b940ab391bb3dc46f6c5d7966e1c1402444c02339ec4e81,bc1qf4savz3tdjyhx72kag8s28npx7tnk0c76nxn88;bc1qr5dnc3pqcjh7426thwweck4rv7fdewzlzxfhqa;3QCTfi8FE8fgWXVxq4YKn2VjvDzMbjGW2E,3401762;15764192;355055,bc1p0wvfy0adkxp7lwtw04pc5ccrtx4n5f60yquwu0d3qa82djqvyfs47m055g;bc1p9vyv2zzkulskame3r0fged8dcj44dtq6vqlcnpaw80rwujmw5zyaezpqww,10385063;9117688
eb56d2c2cd1d2db574d6483bc90765f054c188ac43b554b592f5f815319d99e3,bc1qqwcygj93tmfjmnnhqs2l6cah0ky007lalc90xc,21999954,1up3KrqT1YCH1dBmSzctSoqRx9Gb2irPf9;bc1qeg8zufq5ph2unzaqned6vy6dd937yqvte3v8n6,4416669;17518939
4519f850618bdc77c629d2ee8972307c48a836adca6ce941a84730a402ca2af0,bc1qxrmkw4dgtkphkeu7n88aslphg0lva4stne2twr,1028424,3psecmXm3pVPqxXSbtuNJMhhurBKc1mHAa;1ECoPK2DdH8wjJ1ybhcEnJn74WYZ8AKmkZ,995706;30072
7ac8a07883a08048469bde8f828efeaab66f9eb0a6684f33c5a4de1b40ad0e08,bc1phkp9d77dut0k6emp8snw93slck9hukz0ddajzmgy3xyad9xadcv6ttmf6l,3223482,3zuXgTPDqXbgqDiAk3X7kWZQ9gNAniY4Lt;3Y8NUaKYidxYatg6ZWffW5dRgA8277ZY2B,2988689;225448
115368ae7ab68aeda68f6e8bc847a4f4bc7ad356e464bb57982cc39267f0c2be,bc1q4hzet42vf3t6r3dr4ewlu8wyp0jlefy9xqn7hw,1071922,bc1qcl5nt2wqzx25fp4vdjek3pz2egz5026s2k8m0s;3C3DhxU2BnsGY47RFjfqQd9UhQ4CKTL1fe,781507;287245
1b49b1e0ab33f628dc97a7d4a1cdb4b870bdf9f0c35c730272320a2c6665271b,bc1qguzlymk04tx5lru3etf2p9ymvnntrrxutj7wxr,8844126,bc1q5penfytmc7r3j90ztn05csqkqmztecv6tqkurc;bc1qq8t5cy369nkhp606t679szp4l5n84waxfs2stw,4570681;4261986
b136f6c4ecc945dae0f9e248e8ae746585e4156a5b39178184f2cd6c1bcf39c8,3cAT8TB4qtQSyGFAaXsAApgyW1fsVBfNw7,677667,bc1qa85tualqzkrpe0886c0293e383c2ms5mqvlcu6;bc1p353dakv9n89symur3zlzak4ezmjgt80a3fqe0a085g00hnajh8cl9flkj4,575445;99180
b441404805ea772b654b4c7159a82340fef7daa4cec141047567b7f7582bba14,bc1ql876djkezz30xjhz3zm6ex64f7ugnxxavlvv5q,127709,bc1ql50nfn37rxql7d0n9r2e39u8kvqtw3whs2aed8;bc1pxewlun92t33ktmvpk5jezlctns444gyfx5tmgnt25hw4gl7jphunznn5mv,65146;62089
150e7be74ad104c917eb7cb4b608ed3690afbe2648ebcd47a72b698dc3587e7e,3ywFKJbEccDYFs2E7JeodvTCiEXmoNoQED,61184838,bc1pf9ax85klqk5cjh3gmax883x07tdnj43pratszwd25wkjvlurc39p6ce2gd;bc1qqs5ruh645s8q26zcf03t4a9ajszruz5rlu5dgd;bc1prdra3mg2npgusncgfz66xagef5hg2z4nm7e7lvyetx3qz52kmzmwqzfvvh;3ydxrhnrGGKsedW5k6Ph4cdxB7cz8v6mqS;36TZyYu3k6BBjXPPJw1kig8U11Mx2132Vk;bc1qef37k8zxays7jndj8t4h4lcq9gs68xf4vcyvl7;1eb3AddNJxD5P8kHPpHW16nrDG5ARBVDua;bc1q0l75xskkkvjjac6lkmhfjaq80f7wrr3lt6uv54;bc1q6y85k8s73t4cyvcf56u0gs4ep6ffwtm7mwj9ww;bc1q3qz4zr3lymrg6tmgqf8lt8k027v364n2etsajt;bc1q2t0wr6jjkzhpfk3n3n8nmjuevt5d2qmm5hc9hc;bc1qz980dvcsngjesacc4paqd8j4kzk843caa2ukay;bc1q538ts85mxgnajw9pzd2gx0pc5g06lg7fhmcawe;3mmnys26PCqh2RE3VYiUM3cdD2PkofWyWv;bc1q6n8h00ynuw9tarwptpxzl9gn4gk3fnxq93l8am;1VVGUk2Uu1fD3qvCN5P9SMis953pkm4gxq;3B1P7MP94GewXT6RxsbMHMM2kQijTCoVkg;bc1pqjh8nzp4pt6v46w90c72ft32lm9ehq39f4g5ymesvd09y6lkgwcgqwgtj6;bc1q032jljhahc60lhamt8uq2phz6twxj0zpzkuq4r;3wQS8hNsPzmKsVaTjYGGRBAkhY5e9fowZg;bc1q8hc4umegcsj22c22sfskztf53whd0altnq7py5;bc1qvy25dmlhh6anz2zg6azu0z0nspq2yyydc0s6fy;bc1q2nd2cq2tr2epjdnkvnt759jr8jed623ylsrrds;3nYXXsdpsPej6aZHNe4s3WB4ffX9HVGr4G;bc1qsy2k8d3dq75pa2k2k554snde82ds6dser4lk6z;bc1qdc3hyjxxa065dur9ypdkgw4g4ul9mk0aqs5mvv;bc1q5ajdshpr4eqksnxphugxens4vew0yywlrxttex;3Sv1KAV2HB8t7wLE1Jm5QbfeuRBQiPmcHw;bc1q430hl58u3kg0x3yf9lhq206a3r99tyw8rj2dzk;bc1pjjl34ct4pt6sjyd8vcxf2856pk3dyz6m5lep30t4y5wwxdgdcyxuqlga5g;1MF57BjhkAeALpvUY4h5f4D7RpSmExRQn7;bc1q96wfwn5pxt6ypxx28dxp0ak5uvqmrmacrvjvt4;bc1qj6j5ehyrut8t7h6782gczxqa3txjyc24743cdc;bc1qz55ljw6yhhhjp5jnmww046nrursz49dvn5m5nj;bc1qy46dtw4mufc3xf2uj4tvdvw0luctwda2krz6hr;bc1qe5h86kttp4fnvmh8rf7pkvvxptxahvdjz4mf0x;bc1p9kcsrlyhg6x8dmj6gwvuzukmpq7hklsksawjdmnjvus5mee4ka2fvkcxcl,958719;856434;744742;1326154;759432;419267;727136;7236226;1039804;1155165;1687394;8040805;543044;2245352;2471720;1835579;182129;2218369;130075;1780444;2642043;465292;3618588;60528;3645941;1211181;481832;282010;6016998;148141;435955;839346;1901226;1545446;263655;671784;535680
973a0e3c09664989607fb8477931fcc4cc8ee66227ce6a2e1bd009618904b307,3WQgNouCCXLEErUiNyFofLKSMam5NjRhhg,171400,1y5xbLyhVaFddSz8uZcpJDAga97ZKsCc2p;bc1qmkfqy6l75wc3we8vmu4kfwesns4hlly4l7mwq7,19982;151092
c59df56d85a0653b7f0548551b7e5dced338c0b4a93f95afed74b431e396f7bd,bc1qcqm8tw8xwcag69axpgdstpspxgfndl7246dzts;bc1qak7du4gteam78a24rj7vsm74v05qv4c84yt5qt;bc1qefu625ffxluw5qe5dsrrk82qx55xkq2datjkj2,4910350;123703;201660,3CYKdsK7pctYetXYL6CfDFRgMUiaaCxb4M;bc1qglytfehhelsf7vp3u6e8kerpccl0szlhya7jd9,2271053;2951156
34877d58a1736a5b6c73b9c14770932ddb28701b4fb60fee33f138d6c7989d26,bc1qjyx6n809m5t6jkt599el5hhvysslrqmrct5q39;bc1q07qzh8yjl6uyrptdhdqkhwawfl4r9qarpwxsx6,126122;11476568,12srJsza7HX6MYLA5sxEHpfVD48cHA8ZJU;1ViyySCPayEYjLs3ufyboyx5CpRCFVSMeR,11504108;93959
c3d4f6941b2524d21a232fdebaaa96e12ff6d7bf1e44decd0afcf87d52ad3f62,16oHjKevzgM5Zcr2ZELZ8uwhKg698CS5Bc,9755576,1Lt4RLgNqAobxKvMDy2pFepf5ddzX6FZwm;bc1qkzzw7c95xt26am3z9m5u5vmmjxkxjjnn8c8xwj,8059765;1680299
5cef607a54d735cf8fb749b2778396530df3975220d7a8f653ead020d686e25f,1Fn3XAh9GYhfdt38yxyBtLhKYMmHdarCcK,5500925,38gFSfPPVJ5p1ZjvsFQXFh5SjdWioiCNKV;bc1q807ltxc9pclr8x00zv036x5ks40gqpz4qw77hd,5179453;302244
b6025ea05abb9fd6bc1d937b5a64dc057ff1b96dc3cab39e04ce194bd20575e3,3HQWwrnKYeJzWoLQzG5W5CXXC3WrXdnVuY,2797445,1Y4myDvoMV5ZwcxV7xjG5fegxy1VnYTKLe;bc1qndt5223fn2t3vc4zsc00vh5dvld8u4qs399ute,1712333;1081067
9065ed30bf058dc38fa690f80b5174e4db938c97b1bded463a43c7d45a445c30,3wiRWCMhVamDXjCWNED5kknCDJjPPwxVf9,27065317,1ByQo97kybNiDrJMhVW2RWP19GG5okLAEB;bc1q9u503xe042zgeak4kaspm0wlxa9hextdk3h8dc,15580070;11407039
106f2f7b883cf5b34fdcb0f4d0ffc50177284f1644aade72f0db60b1b6dddba1,bc1qxtuddly8a2rqd7lmehxhx3652ge5mrevuw04u4,23579,bc1q8xf2tchds7jvcc63p0wv9yuytkkjhx7snfeul0;3Gz44kGZtbboWZuT784Z6BiPz4G2qGz8zk,15141;8414
0dce1176b40f8eaea011c5753b071ed1363730fbc7d3ab488532fb5828c6f4a2,bc1q307pkxwhs2sdws8dlznnhpkehlhasvaqa428pp,1018945,bc1qqj3ezez7t4s7frz86e2dstvmkw0yl9eet642a0;1B1HJbAu8Hifh7yp9h7VRWSwSHF7oyf297,575306;442871
c0187796b0a5b2f6f4d6cf75715d32f4b5c0e368f2c854d769dbe2f74485ab3a,bc1qcyfk4msrrazr3dj2n73yfskaae48lgk65vk8y5;bc1qsv5ecjcdml67qgmmqlasscds3f5w32gg8g3kyq,4407688;3849900,1JMS5njVTx6mSfttPb9W3d7Hdx6D5EVvyf;bc1pwpufljghp786ue2uv8uyspze5gkq0dpkfsna7llaggf97uaqnzrnh5gyl8,862809;7362887
e05e1232eb136f80741f4a42b65452ff3f2b8757912a033c71c17b7c71dd0f3f,3XNRtNCXcZeyux6x97RSHwbM2UGWf2DuJG;bc1phlztcx633uezlw5twvzg3ktv3ql9zy8helfaegjklthzpl79zr5vw66xpf,364667;79867428,bc1qralxeh43c2uh2st74ecekkgk2nm0zw97cxh07w;bc1q6mkvj7rhe74luz74lgtx4t9rmqk0xqr53cd03g,2656305;77359912
e043fcde537016915fa63050822037a0d7f6c1fbf9def7a73d3491251629850c,bc1qj23aeha7wgsmukrxcrx2cpksccldfxrukykf2l,2656177,3biWGzRGRL7ZJrXsx6nnbrnWF8GRgwMLV9;15PZb8cHFejxDWea1S8awKPrvzvaWBscLL,1130855;1523319
610c369362d08d264825035684c096c65a767ae8786e8e294978348b45b0898a,bc1qrf9h0seexklw2d3ua67v4h4nscklfksnhcpe8t,32315,bc1qlva27fuxht24ss9t27f4jygccdg48y03xyqflz;bc1qd27l7edvq6hv2d5t5rf7ku4cmwg6hlx903zmsw,23771;8517
e6e4a1fae7aafa33c1d83416bb50d61b6589b6426e8f10f23cd6e31721b77168,bc1q5sm38js3du3kd56hkc40ajgj2rpaqvu9jmr9dm,7113793,bc1qaf5lsmw7vw2ea99yq6g2q3qe07e4hhx2afegvv;3gSu2WRnHPJ9nuaiRFuHFraVG32Zjy4XkZ,6562105;522108
e56a76601da5ca19213d54a33d384beb6b8ee011517ec3e32bc3d6f2b4ea7fd5,bc1qhtxjterhxg9pqyglsknan23zawmurs8us5zctx,2476605,bc1qw9kcjv2q8j4px8yxjujw9n7p0sjcmd88d3scas,2473233
981525add3aad93fa4829d87bb2bf8b1331caa38ab9ddaf25b376bdeba775c7c,bc1q7st8andk2v7ru538ntr7uw7klkar0fqj5pkeku,1609884,3CUDWzPLg7f1hMVP271cEuBGXrGbYEnx9o;35GmwWxgRpr4s562ZqcJNmQAWG3ca9bvfT,1462287;140849
2128559d53de7b7dad9ecf8307cdb78b36991f132e60017fd57362282d3b68c2,bc1q8wcasrv28shwmv5jnr0jn5vkf8wxl5rvymanwt;bc1qcgvdjmfz02q8mvmxpmwmpj0h6hudcp68eu3z2y,3877103;73548,3cadwgJbM9gg9o9Pof81ZK8j4iFmQuGDFA;3jDsde2bZDXThF84kqU4AoUo4DoKDno9gH,1899105;2031837
fbecd55945c689969218d3ffed684d29aaa4904ff5065b6b088be5d245aac375,bc1pzwyg0c9rf0u779jqqarzrl0yy63n4zr8gevjxrdtpa2cmtvc794dzt4nap;3YG9p7F7juGvUZkS5cxSbVcLm8SCJ2CFEH,13854637;10429116,bc1qt4up8rjca39wq96y3pkpj2sajtpl2q3hws50fd,24181804
4a19e128df6a8c384284b802ba7ebe87cba962c300605e438744279e2529cade,bc1ptfg0yl7utx6s3lxjl9s5wcuu3wvnz993hchfpzkvdjljt3y9xujy4s2hus;bc1qjzdttvk6kag9fvh0nk2q5wnyqjw9pz2qxfqzdk;bc1qwk0kds0zchfy4vefwufnxa9v3az9hnh8jf5xeh,7925349;3187063;10260988,bc1qt6v3ezkvdw376f4vzu6t0t3sjegewgztv2vn9l,21303466
98742719ff2bb11a159db1cb66b87639b0fa1de576e63055af448aa344c5111c,bc1q70q30s4cjuv2dlf3np3ec6vmvjrtmjmh66vf9x,936262,bc1qkqjv5cetcyshzz3cmpvufv0zd5kghrw7pr09mx;12gyDrgyNn4j8wjXoVvaqiGut3HpiHpqn4;bc1qk3dp23jd042xahtl4q74yd08uj8w0x6nzwg36f,123490;480631;331863
53fd40b9b7bab6542477b4df76d202c31dfe9631a82e2e1a0202a2e4fa0b2819,bc1qjd4unmmmzn9tevjvgrsn2l5aqyg8a3raqyu0s4,6542070,bc1qa2ez5zzgtxsukuqwglpwsm90k40626pzfq4nwz,6527731
3be883e796ba6dac6542f6bca0f8189fefb7ff4aa789d11a1fc2767570e3687e,3QeZLndLvJxzeMsdnQsosM26VJypUCfdRw;bc1ql7ymaea9tzreg658gut0q3sxlx6luyxe3rf8m7,2031192;24364,3apD5Qob29dyqMj8V97gHkbccy74gTc7XP;1qDz9iuiY2t8zGmSb88gLmnBP13jqRuhGQ,1827799;226886
1e44b662472afb832ea78abc572ebb17bf86517ab5b6f3aeb20ed3a35014a1f9,3GkfqGAtzPGq7L9grqSeu183rTkL3FQtJJ,11406274,bc1q6xqw0qrr3zgz9aa0vxfjaylxhccy7tdtwxr6vk;3N9KtRc2P9y8VH7kEmadeu8nJpgV7Uv3r6,5130804;6234349
77017701dbc414ad5180f0515b1161712dd83ca597b68c483975ca3dff64562b,bc1qwrtxww3a0yar9mx2qk0jvll7t0f76xu5wsdnkm,15110358,bc1p964fmsk656lq7ya0z9ekm6cj2qyjrwaca3l2fqhvtalrq5jpt096yeacan;bc1q4r6s9lvxhfcd0kzs4hvw34j44prxfl0u9q4ahh,4664948;10440952
993f895a55fd180ffe0539600b4932784db70b9ced5de82b794f485c6b8000f2,bc1qqz66trwjsrkcq8tk37sknhm83g2dl5wtq3qnfg;bc1qdr2zpmpl50klxcq3u4elu3ml5sv0uymu8egmna,241512;1030510,bc1q4l02g09c2mna9a3n20vkd5nukxsgu5k3r35tw7;bc1qu69kp6vwpf0v3kjjphypceleepgyxa36l2gzz3,1090079;177634
a668b2df80f1add2b057eda2881c8b2acf5cd5783697aca362aa27f1149608db,bc1qxrwpkqm5rjstqev8gekg0thrgd38lsyz00enxp,608530,bc1qkvxyrx07j8nve3zas6rkej4ta88n6f4fd6q00p;bc1q78pwut63jhs9yjr7nzk2fckvhm864lm4mwxtju,403861;202966
c5ef85c0abf0f3b9cb06050b891051e6b83753e0ba02674d350e8519e2c0bba1,bc1qwrxzfgm9msask7jjxx56067fw5z2f4dzl7zlna;bc1qvgs5d0yjlsujzz0u8fgss6xcn5076wumf0am5w,3269952;786224,bc1p6qc3hrd3usmz4fl08ct59n2hw9u9gryjufjx72lzx3qe232nykm7a6ew68;1hNcjgZtbJF5mTzYktRaUukHKv2oJyc24u,3611421;437544
0a8e9c8a215465cf7488986c601724bc979fae8722eb6d233c86ab72e13f5aec,unknown,0,bc1qfxw9na8q5jvtrprlksmnc43n754sd8nsr0037f;bc1qlved6d3t4hjfx6l5c5zxh8rq0676g5nshm3ty0,816375;12327284
3c2bedf3f568c34cdeb4558965668490d922b1a8b7fb80e2ba11d87904001912,3yWpy4WMn4HAbwCK7fGQrCYuokxVTa8LHU;1fRUoYAnLJbeHbJETKhTEE5zD4NdyDUBB5,444566;1456390,1q6RwSmcSEAyrdMS1i5VpCdqNF1jxjaFJa,1893133
805d83fffbf4f6bec795d87010bcf51c686d5941d85d6fb917ef1395eaa90d11,3Jr5C2ki9mZHmtEahyDHdQWj2WB2P1bY7z,367085,bc1quy84k366udmnkrugf6ttxgtkun83mhqpxcam6g;bc1q7y8e6rgt6343lavzs5pw5sdsvmkfhfl6vglh5c,7291;359264
d434ee27ff2503fcc5864fcd20692c5f47234c2f112d11bbc95ee1fcc0a635c2,3JSZeTSZRiPmcrseNPRhEgcb9V8TK4g9RJ,6492840,bc1qwlj9wmgfm53u28em5qp33t72gu6hhqt3mu7zcu;3tdEqzVUbmvXpkxo4YyJGmFUD9AWu7b6N6,4950238;1535402
158399fc3ff1231fe39022dbd6072a48ce055769821e8bab67f5d9ff2ea7c20f,bc1qexmndguesujwu064tttpvmddnr8r0wmq04g0wf,12306980,bc1pl59f3m67w3v4er8jp5g687axkd49335jx28f83vynv6vgz24a7cf0g0fg7;bc1qljzanr8u8srmaqktsz7y6u3ztsh67vc8lsl6nj,9419736;2834236
52bd37afabd1b2645b24a9719abfc10f2f119a9b21ad3464483b9aa56d687a4a,1fe44c1ZHZ52zwccbZTTU2nQfNGdmYF2PV,2295292,bc1qavrchgktsru9tc07qz4qxlfzvewf3854ug88yt;3QGFN1d5MWtUbfaMWZfyFYMJkXnTTaaCus,1271952;1016156
ab38c7eb17e234a55fbc0d7965e80f2c81ee2ca550759209f9ce6a3cfd433bd0,3MMmN31rXTGkNNu8Hpot1cThnEXhThTAzs;bc1qcclfpm8xf2ztlu4dh6dnkm6sr44f4xpvzc54ve,15675879;4305651,3QrXwPVnSSVgbNsjF9Q1EioyM2dsSvqkQv,19951517
d5d6f2450907088dd7d555fa91fc46c134598b65f9f751cd9a599109dd3a6829,bc1qehlkx4kkhjua482rkzhqq5fvwwcfujz5qdxaps,2957339,bc1q6zf3fytannv52nc75k6azzgzrkd7wytpdd4yx4;35tvEmQQ8mfAZHChBA8x4qufpEFNvgBrR7;bc1qhe4ew89pvwyhh3unt5pu3n7rtxqtkuml47f479,1117081;234656;1604820
13b4e1d31fc30e9c13ab6e079f60fdf4ceda5bcb7f4d4bcd26538f966f7dd9d6,bc1quldpyd5940xk2ces7zn6xk90acq60tfrp0rahg,6769198,bc1qrq6pff0ddkp2c3m27claz3p6haqahypu7v4hmz;bc1qqdl08hv86a2mz7a27c8fj0thdhyevxmwttyh34,667166;6094332
d8d54d737df0525bd499af021910c934728b0ed6fca09abba665d94e68381ef0,bc1q9t8s2fy7upqfmqywy9h3jtagc6uu0e069g0v03,1174734,bc1qh92femddfr9wfgq5qft2dntwefnj32zk70dgg0;1A7jkU7w6LvA2aqwRAPMqtJUnHFmCBTvxv;1hu2G2EaGFEqa9b74cNiPD1q1XnrzEM2Ju,826854;211131;135787
5ab1af2ccfd498656e83feb0fef71d6786d4d074346ac83ad60b5400e80583de,bc1qgghkarezy4m5ks5y857ay46svmx3e264khkn78,240303,3XCoSGUU8S4exRt6jzRB3LYed7pa7zhQeK;bc1qr088adxr965r8en2qnl6wrxlx0de5cp5zkfdwt,26748;213003
183f64ac2ae9d49506926c18a19aee7300a9d0ca7d2ff657bc395091743c80a6,bc1qc6aw2k5yu3pe4d09mj6r4h240nuuq9r5a6n4vx,10362419,bc1q27wq5dg58p7y5j385mxzh8rxjupe80e6v70nrv;1vLCYysL1KD65rrq436mtP2zkRv7Sj3BTq,7663353;2680027
42433bc13bc74e9adeb55aa9fb3917b975a565f2866c3330196366a5efd99abb,bc1ql28zmdntl7ekx4jv25vypsansh86u3rjdkuxhu;3hBygrjHsYt1JXf5v9HbnHptm8DLYT6QeX,4784754;2045666,3GCfeU3BQtnsWw8Q24YBXEi7bxSy9cGqoX;bc1qvv85j945vsherxtj09smngkxl4s28luqjv75sd,5809250;1014839
ee4db6890d2c7f84af36f65c5896ff1276141a88e02a9b3e9420080392f77b23,1eaV1DR31p6Fww35oxvFoNsVWTqRchyfPN;bc1pdjvj5tl3sdjmmay24c69wlrs96m2emdqnfv68rhmd8slt7lyup7l6hlq3w,187992;369036,bc1quk2yr80yjle99ywvyfuhfygwy629tr74rjclna;bc1qzw9fu7s50g53jxes9sgsq0xex938cejugzwhqx,214646;341497
699c948f8b8e6fea8b9fead757314367597d7038e679c77b9e22efed52464b40,bc1q484tkl8paa568xyx6mf535zj4hmee2jex9yt8g,521851,bc1qpne7rh6htmxl4fue07n2qsw9edj6h9te88rrs3;bc1q407l9qdqsh82352gw5kz3x5slqejdkfm8hca97,429905;91560
060c0d8c9cd32ed0bacc257ae6c9fd781a6d72a1d27f12a1a84b554e46018db9,bc1q23yksweh7l2d5yvc4vlk9hu0gkd443qsrjen23,2393118,3aXbxGvytG39krU6PNv7NP1Z138ZBe9yyV;bc1q6auwapmk574fv6jmscafhfsptehs50t7llc29r,1900075;481971
361585a668501805a5506b16d374bfe4eeb9285f69e11436c6bcd8f003565c11,bc1qlls6dm686mjke40pgzde8taxl264yffz9arq3g,12739989,1qptEGFiysuJQgUiiBXRm7saLv47Mg9Mz6;bc1qr5s2exfh8ddx7jvln8f7skjz8t6ujfpdn0z4c3,11252383;1447082
d29c8e9a2effec185acf54232c7d27a479b95b079a7112e4313bca9f15b1065e,bc1pjqeqxlxtdfrsgqedhtw8qtzs9jmpjp6ew26fh9dtvfu2ka5gqgd52r4dlq,75851881,bc1qx5ykdfvcwjxtqlkd89uztx3q665ves3e660x42;bc1p5llcwh9whcvxmhq6ws9carwh8lhvw8v8vja97lu5e8hpc5ugk58s93e4s0;bc1qktezc49qh8ztxjmsnrmnz7qkm7dg5j9mwn9j29;1SEnzZciNtpvgL5S3AfvZE8wouY5kNVAg2;bc1qstj93mvmak3mypqhgmzy966vsycj6c07gnx33x;bc1qmflc6tyqzyfgmqzf49gm6mmld05cm9hz08856a;3Yx1Xus7GRmPgsTrjSgzCZt65ygMppsUiD;bc1qalmr44u9fq8rx0lsh0u3v6d6gvxw5a2lp8uvh4;bc1qnduwxnkntuw5p5z905ux452ettc7mx733erg49;bc1qm52ryhjc6qtuyp7etc2k26hscekncnev6du0ex;3aZmAfUotu26y72BSvvuNqS8TvT39WH28g;bc1q00a8c9rhv33ar0en0xgf8f8gaq4tuh73ccchsq;bc1q75yt440pxwsuhqm2py6upm29mvkjmxfsmjrhqq;38ihGpnNzK9vjWqjCNFikBLrz3RFfkb75f;1wadYubuLVqMpRf1uNP9GEogUdDSsFExHq;bc1qp6dnu0j7c39k9uzgc335zsf7gpqcsyh87feuys;bc1qgf6vngcp5xhrle8uvgmplk94mcrcnf5kunvh8j;3f1bEZn75TGQkSxCjPaMcwqy6C5zRtWYZ8;bc1qfap3s6vrc2sr53f8wvkh6khgm86zd4pfw49afq;362o34NicbsE9PrZBofdxS714g7X2Mi8qY;3t65r5ox1Rq3CWXMHfiska4frrENGg8xut;3PLsMTzuvuJvxrXYSvuHCZsWzN1hnRBZkT;bc1qzy9mvcvfq8a07zwywt93smk0080cwgaccs2ptc;3MEe1kXomQ6Q1z3ywZcY5T1tpEVszcraHo;bc1qkvt2estpekcwerrk45q4wg5npa6uuael6z4nvu;bc1q4jsccha0365q7wxexkkv4g2aw73tnhzglm9t3k;3XAafwvHa3hSokjYjfqeouZe6vMuCBUGG3;bc1qv8lyaexfn7hs8jxgpsufah7c7knvhckfvwpwdk;bc1qy0zs6lyscfr4h8x2vpwyxm44tl2r39pdh9j3kw;bc1qgyycf3kz94k5qszteae9d2lgh25y2wswxzvpry;bc1pt2r8kl75f7u9zp6p7rvvjegfaktsx39xc56s7ge7h6ds84dwxvkpcjrjx6;bc1pdpdvyhfcr6nry7qsvg64y4fmnzumazf8hgw52cdnkdjv207mdgh28s9ac5;bc1qe4x5vpn83rgk2cq4njfmed729gl78txxwdmyu8;1HGKFSeK7bWcDACnYsNfxKMeGQ3BPbeCRi;3Mmb4U5Wf5JWfLdaBGcAFzTWjCr5wA36p4;3E5h6dbUHG6VdBjD3b67Ncoa5KQ3TzEAUK,949230;3459901;1315789;2788509;7466366;278937;1837439;1751300;6104012;6620429;1811823;435896;2501436;176730;2368840;3762712;753464;1554918;877976;898999;580147;2241942;4295877;4411983;299918;3243244;2087716;455049;108746;487052;3798090;1565706;1993257;464091;1983957;44532
140f4ea6417340da07ea53f874a0019c9c468cc1404806fe74bdbf61d36006e4,bc1qmwmjn9mxdnpegmc4e5ulccx6tqq4mgkttply0v,2098215,1Hb3C1iWgrSq7pZPYG2pMfxyUNurw6AhKz;bc1qnu6t27a2gfq6yh6t7a24t0uhwysmywz6hcjvm7,1404732;690856
c95babb9458e7fc8bda2dc26c20896b0deb8e97a661914308f7cfd828ee1cf02,bc1q5fdnpwhph3xrwm7pp06pjn3jhwvadtqz8m82gd,653537,bc1p3aem0clglha5jkkdn2p0hmeydp05tdj4r9zdfqnqg8kyfrnlutnxmf9cyn;1gaNx6XNwspkvcsUhZPekoZsragiWkYBhH,577863;75554
8b3aa34a9b182681fe08944099e032b82fa36258d4e866c5c3c72dd41a240863,bc1qs9afpfhh9h2gpl3yekx8rnrcalakld4xr2g663;bc1ql542gg0wrwgvtvpqjk80t55ckk8n7d9tuhdgpr,304774;222614,bc1pw5w0hn4wzljjn9mx7m4u7fqw0e0czasmatdx0nzdd3745tjj9j8rygm3dh;1DtgW25n7WTSxVQvTyCD8R3qf3oZMJUTNi;bc1qhfvm0ervsa5hesn4dsew7ledqe99ccnjqc0wcq,270514;198927;56181
befbdcb62dce1f3d22990796b3bebae808f09670bd65928c32b1ba74ea474e58,bc1ql88rj3hjngrsg379z6e2vrfp5vnrscyfnmqc4z;3rsfGBjfUSApisBzb8f27otYNoLsXhXCFH,436609;219990,bc1qje70rr96xmyc9ufpusc2nwv83w949xyhdkuaua;bc1qvqjckxdpt8rknrnr4ea3el3zc6nemyer0c49ru,103532;552679
131bd1f698508f0f673551fa2d68da13634d52106cdc86369615322686290273,bc1qwwhu44603amnxx9lykyn85vm2hmhrm747m6v0a,114242,3QMDfyVA9wQq3HDnScrjtXiFApAjh7qYeg,114137
d8009559ff224d8f9d6b81e65c7630fe83be60f5302ba3c5fc54cd5de3e53a51,1GhLoFnJwgFoX1imwFCuNoTqyocKzAWPV1;39J2k9ev8Lg5naEpocisC6X3hYsNkmtNWQ,45859265;1828378,bc1q65zmlar5ey2gzdp44tnwdg6hdg2mj0zqtltqnp;bc1qvwql5xdf9etl9k3tpmfjt9mlfw6fx0tt9cnxhj,12842795;34623055
1a83e7bf4402bc5a8501760bb48371341929032ea99e10717810b6807ec04670,1hPHfi1tnk1XighFspmYiVNfAfHSHKJcSH,167867,3sEvir2tLMyhUkDnjQUzYFJ1coy66eEttt;bc1qy2686mt07tjwd6fccuyjjzz2h7v2wcuanzqdrf,49998;117250
b1fca2ce417b4b02972ca3c9b5ed010e69350c2c219a44d7bf04c61d477ce02d,bc1qmwzsmn82u32sv6hww6ymw2jc3rm353ws6wutym,3582507,3Lotp8nYpjnJfCof7KBEWHmbWqgp6zPuuY,3564661
3a78a1735f9bcc65174ffbfff6217d6fe2b0133736dbff9d748d9ccc0ca2629e,18czc7t5GRqmKrxuhfovV2h5TxSWs2CA23;bc1q943yyqm3sszhg58v8fgnnsgx2e8yqfxzkvyc5f,15628;2795607,3hQ79fAWJoZpkzpAJsbTFjsQj4AQkWMX3c;bc1q96jwjayeew2qzc6t8vrf670hepf7wfk3ymj7zr,1017056;1781684
aa692e595b1de75f4b8c297074d0be9668ba63d10cb4587e4844f7c233e2242e,bc1qp9t0g4metp658q5e2vcas9m03ltqasju8erp3c,16524981,bc1qruj5mhxh74q79h76znvvmwufuafkdr4lctntqy;bc1p6fduvhwvxdagtn2kzxyurwlv2d7tg4gpsxsej945mez9yw378np35rtpcv,14098651;2412992
2752f8df3e7befcacad569b4e93b0eb10447a183775076cb610124fe747964d3,bc1qgmy2nmpn0jq8wwpkq6rewsz9jkcztwxccp9c9a;bc1qmyj55mjzjhdhz4y2sdl8cpfvv7h6mxlkqnhthk,4745498;224631,bc1quhsvhav355j365utrm68lhlv2h2ws0ydk703nj;bc1qag2epf66sks9glr9ye6x234dmczjtn690knrmm,3964885;996953
a00242d33f668a813e39dc16bfc111c2fc667acd3baa442ecd2e9f3176bacecd,bc1pz8g3lpue5wh7n372j8n8utzwu8s6av9dchfse5hxq75jmh39uc5sdqqcw4;bc1q3c6vu4z4tr9kmjhnc5jphvc7qs7q90tqwv0xvf;bc1qs02n9e8nqw9u3x40z2cdazn04szzqwhn0l8w6r,706979;9559358;389506,1pYi85uYq2cqQuP25CrFq8dVfYgU2SwwP9;bc1pg4lu4zu5c3hy3kw22trw50swv5r0avva56j0ff7efujjhtkdyjnrdjtkma,237905;10416422
90852a7e557370a32cb97bfab806cbd4fbbecc875118d6ef198975a0b3d4e171,3DbTiNPMTyJ6yEsV1Lb69bPNv7rx3R6n8w,2759458,bc1pc53662rj5hqpajkrt0r4nsejuxx9z0gwgwfzeq0r9km8wjulryxf32kxgx;bc1qp878u8tesw92jpjyzqkk4pn8xwvreqfljpck3d,834916;1924165
faf681c857776978ddebbfedeb4d99f3808f9c21e4c68949de8b8f79850d8743,bc1q9zghkhqg5rmap86tfwlyy96vcess5d7rajd8at,4608423,bc1qkex5gsxf8qffv5tue9vay42tfzn805jeemhsua;bc1q2h2qe3h35rae4r4mr5jfexac0c00try5ftn0q2,2145748;2448926
9b33825558d1cb8a1c07a7430ca712e45f836904175f615d0f122aaf99f1af41,1gRhnMjCsALyuLrFkmkRSc1HAAkeLVV86C,382558,bc1q3ajmc6vtnfrgrn3amgmdwueecr4acyxxh49gnp;bc1p5jxk5netfrh7xw38wn05es6dugm4324r4plqfxlxnwcftuzv39egccsqsc,49245;332495
93dda46d9d28038b8210c1ecb053234500345b71f43ec9c314149a173a0f437e,bc1pqu6xeuwuyt2yvxm7t3h96wp4jftjcu9wg5sq4lnfftvtzmasfxepejgx2g,66578,bc1qelgjsu5ff0y4mnh3sxmazxxclqywlx7hpsqzep;3MqmZHrMkmZPeY4UES1hbywJksrvsbKhxh,5014;61352
d6880147948ed51f94d6b91de1d780c58ae9900fa4ccf63cac514c8ed796e520,bc1qe8lu539xkxmdf48yy7k96mt2dhmvqr76f8wutn,1068325,1nXuF5kocTE2JcfJM2eKtgV6y22V2cMoAX;bc1qeywjs3q7tnjl8uys5pkc2u8rzg0cvqqrcycdmu,645980;419276
6795293646cc91dd05e385ba5b1f31e3c34fbe1a526d1148d6bdc885e8bb1cfc,bc1q3ghvy8300aej9vrxm0k7tjhar8n9hsnvsh6gh3,753869,39vU8V4KX6sSvF7nVk5Pp61B5uksy3AmiF;bc1qessqs98c209jyc3q5gsq8t27ls5epyevqt92ws,518481;234602
b48248d2f8ea1e1c4089e8d6338254e58d31b422d8cb49a0b9578f0bc577ba22,bc1qahkznvf4fym46ptklrnrw9hwkcapjkq5d305x5;bc1qveezkjrkzyp3js4y4uymf7p0hhmn7mk2mxm8px,235294978;1317343,1gbtZCwZMwVxHFvWdoTuuvfAM3ZhT9bLei;1kpvP2ou2z1z2b3xHkMTxfBPfqRdGEbEaF,200394388;35462058
fc9be516baf4b617d7928f4a8fb94bbd2cee1f24322ebf7ee65af8b4973382ae,bc1pk8t87emaclzxapexmph0xa23anp5mmy70pxgh6xadlchwfu8vzw8ufpzmm,4184150,3dwANh5gbsUdCnP1LR8S5aEQDAyxWHXtum,4170960
1969b010dc2d9013db86f89223fe4ec70d138f4560d4838653268d1759a3a03e,bc1pezcftrn9t8zuedhuxwr5sfsft5a7eqhhr5qmjd9uawevax649nhxk37r4j;bc1p8ermftjf5y4tkfpc663pt4z67lzc9ag44muc8z8wf7nlzetl9eswhddxtv,629726;118559,bc1q2ceqk4e2t5ldrfrfvjg2ecznu6nzysg4tk6xke;31vaEgLAX1D3UMpV3qBo7v2obdK9gaFeMq,517937;226875
b7a56007d3bdb787f192ec9fba8114931c498b66556d35f9eee8ad7c7077ab2a,3HN88C6emGezxG6h9L9ogvfdVQ1DNDzU1z,4433111,bc1q5z4eczgcz4rmhp6r38dzn0p4jcktmznzc69dzr,4430290
06ff4792b325d3b565d65cb29b4572be53bc0630ff321faff8d6bde0db57cede,bc1qd3saqp9ypp30hu5z9vc40d8g3tf7peaweahcf3,46042,bc1qrslrflw5s55uqezcsdray8ad5f93l4cdt54twy;bc1qjuqlnnecktaxycun59tj3zqpq5ewv6vwkvh48n,21032;24950
b70fb930c82e60c94fc7dfaa1874bd2ddbf0ca93158581e7cd3c848744f57e37,bc1qtzqtunk32nx8yqxnmx8ml73v8464cls065pc6k,114903,bc1qjultucskfj2790y0sgt6s8gz74j4pa0wlwwkwc;bc1qem744x27l7na3v5ym9tmfmmksudgds2myy7lns,31120;83215
49b2514766ddbf082daf00103fe597955f3865b913bc5a7b1034fc8189a24972,32LDyfPoxebCw4ZuE5uE7hjKFMYTW2Nee6,248365,bc1pynzy2hfl6mz9umdanjr2h27p4rgjlh0w3ry50dvkp2kr65aqm6jcq7h8r6;3oDLd1VcjjzKaggdFgFqn6o2NfBaPyox5N,95283;152766
c70825c87951c87cf76e728aa4f812a6d08764e3f0ce881138b0762fc264810b,1Vh9Gn9tMGuUpQyn8geD8e1ZfqtHUm8qyJ,94577,bc1qdgunaftrwgs94ch7jzydfczsm7vf488xm9n9a6,94565
36459f4c3abb646b482057f9e303a63af1750b5f65c2fd481024ea36624a42ef,unknown,0,bc1q9np8ugph6lk825egg0kyzhcrc3twlg36dtcs72;bc1pdpld4sw6zqevv47q97t69tezfwnejas7ftkfafapyjaldmm9z9g30jxd0d,132796;2818972
df1c5a597ae8b2c0b07999d8de959c0c414c7e8032bdc91f46044215db67ff3d,bc1qk9h5f69mmzwcru98kalc0q2ldhvdavn4yqqakn,434901,bc1q425v20t2hghvkgy648yqqs86lgk344cu9ajaw0;bc1qsmh6fyc9yz7j4f6tp75cf93rzpfacxfzsw687h,331450;101767
067975785205884c092a31a2ea21572042e13234d274c1b8f07baa22ff104b12,1FtNKaZ9xESp6fLWtr9iEfDB1cCWnQipJB;bc1qsgnduc4neu30udv26k4aplpl6ufkc2f060yl0k,999878;27034240,bc1qz60d0xc0nnj62tk256vxyufp8pxmldyeamq923;bc1q9c7wzs6c3dzpz0ph96rxrj3q268zaemxh6rrgj,26876480;1031543
ed56447052432f30882e6035c3eaeb0f0a21e5b5b761b5bc31289d784a66afd1,bc1q3j4d47gveyz05dnasup8hjp966vpu5s600mw0c;bc1p4yfqz3xhpy0rk0wkp6qups9u5cp7v7fk5ze2aan26wq8zmzqzj0j8ftk0v,356218;3933580,bc1qzcaysh9drwgqj5cjfwpyjwxvyl0c3nclsry93c;bc1pk7tmqf95xuynwzvunyqctkdfvy299fc0tk0z0su43lwud9epn0nv0z4p3e,3621277;651168
43a9991c5d7e63388d7102c706b2ed3bad38ebf0ae58d065538dfb23413cd9b4,bc1qyqvvmq4u8w3q3tprwf4zj4ck9ng6a3e7wmyy37;bc1qn35uamnl2ugv7yem77yruhfua3v4y88yyqg5el;bc1q0p87443r7fvgdcena77t8yzd06svye4gykwrh5,1548543;114094;50942537,38SFi54az5ziRF8vKQRVx84PaBY4ouBCJZ,52595540
8380c752d36680f3aa1ac9e7c03a7b3e170858c3cc43ebb6c4576fbafe39ee39,bc1pl3huaafykvcw9mhww3u5kd06hwp80ad8k2rcfqesy60jr84uvu8v5zsuxu,8504820,bc1q0ncqu0gtgn83sutp3uu4d3kzzaq2llxra9v66j;bc1qt6k5euef4qjj0tr75na4sa2wdw89mwvtguhes7,2016141;6487244
0a6c0588ee652d72de4fa25ce3324ba26247c5979acab0badbd2d66ba8ec20d9,1n9fY7uy9y3dtLsBs4t9kWLzxc9cYPnM4e,1267313,bc1qadezndw2k30s4z4g8jlcpnzkyplf446klz2yg5;bc1ptnpjajvexh7xccut57v4pczl9dc4cdg2qp4ednvs8njrg34mp6atmgyyae,1140623;123709
a1a587061d6d776b34798d199fef90097254d04a87d853239c0dad73fb13ce1e,bc1q3jjhx3jrqm5zdyn7s8cr6qqa3dx6uh4286ccyz,655315,3ShvYwzwWdX7PrdgRwDZESBLENkMj6Kre3;1UNxDTB3GkMjdpVdGp9xPpGBkAxJ2xftMr,524919;127873
b0f97f30a40f3c630d0a7f9a8acddac8eef2b3ae4b679b44c37509f210b01961,3LhmpV29C7LMFoKz6ujZMTNHdNeTbCK2V1,2151971,bc1qs05krxef3msl08m56gtzfajddat3g246ypdyqh;bc1qkvzsfl53twz0h05jgr3mfp6qan8c2y98mt25rx,1758347;391751
3943d724ce53507730c117375f0857ea8a4911b8667dd00ab0414a7270acbb97,bc1qvft02ucc4eqzzd8rwgw5qvxhvsvra99lmw33ya,8167547,3Bm8C7v9ahKkJXs6sVeJHLaxGZPXUGsSRC;bc1qkpapmhvtnp4d5wk2tegp4jx54z0ctm3mmvgkdv,3986843;4169753
8d945ad21d6ffff8250e5ac0df6c226d071a8ea23abbc185328c8456acd1505e,bc1qy2j7z9eq6wgqvdmfla6k8ea4qck79rvl2026sh;bc1qm0h9ag9v8lqwv42drze0pe8clqyrrv6s4p27lr;bc1qgn7rvu9mkdjp2a8m042qvfhlymv58sh0ttxz96,29760072;679975;1586895,bc1qdmfsg86qvwd67e6xq59kmytklvg6eq6vl7dy4c;bc1qg0x34273vlhkgvad98eeg98ryp5wjw99caz89e,4714425;27223590
eb0477da720ada1c56ee764a86291ca99d5f96e7aa0ed9d458339f0d1e839c74,bc1qyssdqg4wyyww9vf960aluhlgn567ktrvxg43ma;3sWXwqVtBwGkca9UDHYuY6Jm2BMkJ1z5dX,137001;3872328,bc1qwcc90k8yu8vetdckyh7u27dh66mvty9ex3pc4n;1VVH6SZWCTVCK9eJJLzyaGEu9A6qxGtBEN,3696665;309730
5bc5c4c07cd673da16cf254edf7613e9e5aac65cb5ce6241e5a66ce0e586caf0,bc1qyufyrk4uwzfqzsre3ehw7kmr0qh04mafsk3tmm,573520,bc1qukhp6tclw3exvt2ck6lr70jxj3dvhm3pc2g468;bc1q90z37nknwsvxf4ppsx22hj7gc2upynrp26puam,118269;452976
bca8b02bc41b0ac8b67a8bdac1b8d4d5c39284296118abf1aec97b71c896afb6,bc1qpyc8j9edusv2d83zqey4jvnujjtdjpx093fc7m,2027580,34QvcuAtNk1goSSpkwfTK8tNhgGJGW23jn;bc1qzu5pmjyg620nd9mt5v7pdmt72klnahst5ddgx4,1541473;484641
0f5cba119f62612f910fd65a6d1c589bb67fe26e5ab091738e108050d1526db3,bc1q98gmma82mx2ywwvcn2f20mxc7lsjrh7ycl76sd;38qKFdEJCs1nR1gnsYq515g4ksjv5ADshY,9308159;1239682,1Tcd17PQNkYsizWQe4WUKRJSuwia5N8HsX;bc1q7xr7p7ck6ph0h39qyuym3ca28cj2rdc2rne42h,8324599;2180083
ebed39f8273e8779fb4f0ea098a4cfc6a65ab23a2b190e2197e77d496490edba,bc1qzryrp8dlgdcqnphcdqmhu5aqa04k4ea9dw7s9p;3AwjRoLEZwUKvkTRni8zWELCgHteabeCtu;1jQRKRCsCzygk6xC3iEcScAfi5dZtUdBk4,171165;10397407;624387,bc1qx2ed95cpmqzh3whvzgqukcl5hye0g2szyzq7kq;bc1q8943x2wl6akwehald6gesfaswd3mz7nhyxe78w,5431474;5733327
2a02affbb171148f14ab0bd13b334142b373050d01d2b2028bdd8c39c608eb7d,bc1qz49gnvz0svpgkpycvadmk7v7r27t0wj5xdyzg7;bc1qyd3qhhju6z4244ef8n3t9u6daux3h9jgl2zv7x,40890;169906,1xFkUy4cyFwZpq49vhgwdRmpUHsAjP4eNz;bc1qghdhkjvlwu50ye7tvuq6qj4dls5wzmnyvd4777,159277;50989
52d0d3345ad219ac531d3def10834669c36f692c3c29968d2b5cbecf8e3174af,bc1quw9dqn86qxx2all364t96qagaf6p37ttyhdelu;3dBwmcj6i3oUYegsdscL6SRkSNNKpmVtCy,277468;647580,3wojPtrMQsZQapBXDaseBrrsddbhb7orLz;31181PkeWiB3q3HBNbeNpquCqTy49WBPYF,823354;100518
9a0331113de683bc518feb126fdfc8d271896c161e8b5e3bfacd116ad4f0d299,bc1p6lwcf2kt92wl0sav2je07qljyxe8hnucy6xczcksfhqe2j9rcrd6lgl7eh,3179929,3uvdyeKsfM63oT6sdgZ61jGTWWKsGtyKQR;bc1q73zkla0q9thypj4r7w0amu3z2tc6apwgnvwwzu,1352374;1818640
11482737d4afbe79f577930b971472831a8084e3e3a21acd44fb28072a4c8cb7,1mAwRGYQPLvya1Wqb7tNZjZZbWCkrd1jdV;1pXF9EAR7k4a4n1ZUn9dBdZwFDkV26cwqg;bc1qnmkuy6rf2qj50tu6u50qxm2mchyu3j409lm7xt,24373;215137;237529,bc1q695wl5r026gdkrlr8kj4pd3x5p625krqf623er;bc1qlun8ezk6etpxd7yklxgkykmss27sgu7mk32yqk,409623;66298
a331b3c7e8f17ca583fc5f8766496cca4709006bdb847beabf48bae6ad81a14c,bc1quh4a356jca732utnkqkjeks42qqcrphatf2uc3;3nU2RTrhQGqkHEPz47xKsp4yDgTN5MqKos,20886440;519764,bc1qyky6xp9x7l5wgenug7acknv4azraedr4pacyn4,21368534
3b50c0990b6c67607f0bad6f2fd8cef8762026c119e0402fad06ba8190660b75,bc1qfhku4msjrzdh8su2rr6463pc47egxrvfeerhf6,2223718,1baUymih6ftkkFE2DQUSuSFbtntcG9gW1Y;bc1qr39y98qqk6duq96nuapmrf7qkwhtvwjyqt8xz9,1707688;511966
108930711c97bfa559231179da389ab4779ac939ec81c40e8e9a2b3ce88a0f04,bc1qs0388fk9xxs3fzxmuu6g7ld3g2wdkewjn0ae6p;33FzwNZ1isfB5by8cDDuBLdETGG1DfX5Xy,732702;1135285,bc1qwhry4ywq3my9y88s978x9d5xw2y0m6u677qd03;3HW2XV59JTWkntvFCWS7t94NAonCwsWKLm,131528;1735522
c9266c81ee369a069f74112ad01faaa1bc8e2fffdd99867d3e4ebaf74121403c,bc1qe7k48jlj8k89h8us247zqf2gg538p2qc5w7sck;1eMb5Tf5hixw7hQMEPSrQZAH2biXYKQqpn;bc1pn34qgn3zxxk7v6zwekkfxdtr4zafwqqxctugunzfm6m9v9vltjt0zll8qs,84372;1424042;5932694,1cUZ31YmcumTrB4j5t5NdY3bzbDfJ4w4bk;bc1qfe77pgsnwphnyeawqnxk7ymqlumqq643e4afkh,3936817;3493711
e42539ca59026a9a9b94ea437935c4db94f303125bdaf3c7a74be33f0d91a918,bc1qz5up8d4m6tynju0styr6kaffun3alvavh5da69;1P178vJkJnXHzJWg2ggmCTJ1fqMMgKAQpz;1NwzX8iecPRE3e2cMTA62vTyWx7f72yKwQ,564274;1608216;1330509,18z2fbFZ9WvKseZ8vn9Pkq3PHwRcZgH5RH;bc1q3ew3hsdrfrhtpmrgfzdzfepz2jzzxq965y9dx7,1149472;2348026
3c02488a7967e126d3f11ad7a8674296fb01e2afb74a110fdab4f5343b7a5a56,3tdyvYsdQtoZj9SfBaLz3zZPkprXd9Hzao,23667308,bc1qganhcrpshkwm7x3fna3g5ygpmvj427p4eq62sr;39yV7HzJyiUxjNjoJrKXppo5rk6bjMRts2,19258024;4344332
43745a3caa24207a46aeee7109dba549471ddace834e5016a1b6293b6d207f8f,bc1q9t8sst6xrsn8wxpsxr3nf5a20jh98hflze9xsd,1747539,bc1qqvyw2vph66e3gjhffdge9nhte6s09rz28gpcgw;bc1q4t2gv0q23cqtmprx20mu8lthrmqa72uaatpstr,1015028;725470
cccce988521d696dfb272124771be69a0c509170c4c5423a9b72cfefb96716d0,bc1qmzj99lcrsyazmsktrp6ux376vnnxyq3uufqchj,3906828,bc1q4cdxz6fc2zmwe9lwzte7wkjfvk5yps4cmlvxlk;bc1qs6r54r5ey5aymw8ndmg3fsmtx5sh5hd3m6a9w4,794065;3097379
47f51a09e51fea966fac98005f1cfa6d4c9254211f521f4c3fa68717e2341fd5,bc1qkjzt2hc4j30g805dt77ecznzy7jxtusfz8xfld,1499339,bc1qqcrzgn6c27wvattn3ekynjtpes0maqt757ur3w;bc1pagn5f26a2vpyrur5mrymscv837cum2lxppqu2plu935kgfq3x20ual9p64,662082;833138
eafa303fc25e931688ad8eda182703417832e6bbe397a0ba6a3c9d0fa04c7c83,1Mb1nAn1Bj84D9G9iUBMWi5m8gpE2X4PMR,4128902,bc1qx9kuaa55v9f6z99hpl3walm7zlfumqvzf72l4j,4113450
d971c0a4aadb711b5c37e4691facb72ef7e7a04a277aea9d970c35e2af6298fa,3PU11k7P3cmkBHKDWnTFhotQH4bG4HZMj3,464357,bc1puwu5sdp7r6ldszgljxkdyywderjjntwygyugzfqjjdpaysz276f20slqg6;3QstjnvFhvm9bd87LY3uMxdPNFudMhjjsv,284309;179435
eb28772636d3bd3ae364bd3c0268ee1b52b223347527d5058b5f63cb1fd21622,bc1q9xa0up93nu2kv69qw3xuccwncs9leqgpgcljp6,230446,bc1qdwst3g796kfdhq2rpctnnjh0slar9dp8lf03vj;bc1q6jssqgmu9zwun2lq02em5wysvpgp6knsl48jc2,62570;166738
ea9ad9d8967506f8843986ab460eb0e01a6deb225c735980acbd92f6d096ca85,bc1qfc99ruhdae9humehyqf3454fxt0mhekk0hp03r,565782756,31sxyat13LMYGnwQtayCFfbaPE1pyvYQJT;3dbr9XgQLYDPMUbr6sB1S9yKwnSfDt3qpE,259279436;304889813
e8f51dd88d311ba2dfe997ece15fc7edd335cc948453e2a511ad9ff909ff86b1,1y7SJMH5HfTh4eeuhKbBTAb5eFuwwHuWXp,18260152,bc1qaexmclzgn2jtw07msrqa2pkaa8n7nm4lgwrdqt;bc1q2kxtugpesauu5lfyk23lxvq7r879d54r07zkzm,620710;17618815
78ee0b52f8d5f9f2edf7e7c0284d18a26a5869de50e1d7495d44b94903da5bf0,bc1qd8ndvwu9ucq3a74mwwjswty8khtw9nxsay87px,307810,bc1qlzmd6ycacjg8jrg7dm48ana9n83tjzydp79jqn;bc1q7gqlflgdkycvnnfz0ay5qmgkeuld35p7hpdc5v,35783;271791
84911ca20608d192aa6befe4f5a39a16225fd146efa81d2f7024be51c49c6582,bc1qfgy3fjm2uyql8wkd9dug48f6dfvg80ahla0y7g,8332316,bc1q6pwek2a9yrz89a2ljffaq7kx7r3vd0kyjfvcam;3yEhD73vrTReAP7gzsZNTQHX27BXVzSbaW,7249960;1043246
67c5dbebfc5a8d0bf28cc8fb8949feed5bc2cd1838f37fd38d4b947240224a07,bc1pdrx9mvckp3nxak5wy250scpp2h96hm74v2lxkpe3r5wkmxeyzk4m8sjjxv,256903,bc1qutfe57r5xrxggjmp7hde38fgd97hl33erjaf5r;bc1qrlr8xyspyytq2upzhesj9szzddea8pjny2lcu6,234560;21159
05a5463bb1bf59d8e31072cb0be2f2162fbe0de143eebd11e218f12dcb270559,bc1q947r767h2csh3k9gx4l06jnmr6vfnwrqxzjfgt;bc1q8k394lzffsds7jgu3z3tt8hkut0vz57jrf7v8t,30070083;158568,1hE5vsEYEJnHogMug3TWCoDFgtkN3XoWZU;3GWwz53DnwDDwnQrWjp6TtJNDqo5m25mNv,25355023;4863017
2716e7d4db6462d192524760ee12bb53dbf6855f4c21b7730d47b6f1fb676d93,bc1q5267en20u7k3qfhjsvqvr8lhntnp2gw9nzq58j,41173,3jYoLa1kd4J56pScxqFVisBEnnBpsAGZeH;16kiLwGZpYNTndoJMsSea9azxLLjL7beuk,37201;3811
73fbc902ecff6b41952de0e79eae77862ece572c368fbb5f5ef614dffde563e4,165dThWbiwd4SRj23CRNbM44ootS9RPqxb,2576405,13eSDAr9oRzzu5KBDR8eoxQnthGVyqbmRK;3werbnoKQsUrDMHvSFMLKVVWhiFu6nhti4,811596;1755623
6b01c2897de446ed712cece0b5461488dad936499624f1ccd8febcbd87138ca5,12DJDwX8NwfHvsTSQZvngKAXqfot1DGzb9,493908,bc1pdjsrd3cv2e4j56423k0u43gy42l2s73jstee0csuuz5s83u4flesrdv90q;3E5hUyL3W3LuTS6PWi6kMHHMbei4Rs37jZ,364033;129531
3d0ce2d30dc36872a22d2265e278ee8d2ca269b13d6a988d1ff5c7a71260b5a1,bc1qvwxvn8q3dmej2yqunnmqrknullwtz5vtwjtqcp,1506523,bc1q7jdt0ral9qqud46f29syynssyall3lzarl6yfk;bc1q2afzgltaa22sgp52rxcjftewzsv7zd4uj5cdhf,307656;1197428
9f275d0d1d39695f078ec575cd83c791d56dc0ba54c25c21ade660dbf0589183,bc1qhcs7p02dhe4qlvvxnpyytezrkl3hzqrl2fmnql,6670309,bc1qmk6dqdpl3gvvr3u7k9zy7rhvps92tew4xg7dx8;bc1qq06jr8qr4s76n2k0qdwr8wq8luucd5ay93qrsl,3126260;3515050
70f3b017579b4819f4b115d29040ab7530ca07c7c38984274431fba953033ff9,bc1pppe92yqegxw0dykawxhy5r0q89yky60m3g6a3q6psgxmj7wechejru84pc,6786798,1kwVomgvxgFwPqpWXdB7wQgSFdNSNp4cQh;1Nz41ub8zDduKPbLGZwe4ZWgnpEtzGR7rD,693926;6072016
894624dfdad702e93fa9762e75fd013f2dc77bdb77af016c223ec6d53a890e08,bc1qt5u82gr95hkdg52pu66r9mexdk5nuuv06p454g;bc1q9cglufk8dac6u76kjngfcfh6rkdktsz3zz378w,6076343;91023,bc1q6d3ugsks3zu74qq03ze5ra8s508va7jm7cemqp,6156551
01654a640cda6dfe2685377960200b903fcde9ef948dae1e64a98c85174ee74a,bc1pzf294n82lznuurc6zx92l4j634prl2s7v3787ratfzl4k8a8geng9sz3c3,903003,bc1pm72h8seavmgcy8gqcg475gal75f6xule8g6m5v0an5eqc7w7tcc6ger79k;bc1qq99zf6lejxlksj89hn3epwnzhj7a9cwzjl0h4a,338210;561961
29a4a20eef3e1234710d6d67408e49f0954f44e1663c21ecf127d5e4926575b1,bc1qnkltkqmtuffnyhru7a2nxvjsspa7wgcp78h57w,832560,1SC8YF69Z7maacyCLXvC5EvrXqcj6Hst3n;bc1qq6ecul003m8aht2z6hhj82rrxqelya3qurqqp7,602146;226354
fe150a74da84f0b4deb1e7c9bf73bf332cefab64745f90a3fc7d90edd09b0cf1,bc1qamq9ju0zf0qulcvdxyapaw4h3rn3nu9plmk6lt;bc1qja49navedje73lzhl6azydn659aznn6r0fjl5w;bc1pet5qje4eg644rx054mgedp3l2m59sn26vechcmvtvymf5un0pdlewtzntz,1752346;8583619;73120,bc1p4ktars6d04rqsaulp9a8matuygzm7n5z2mc53p0svk8n8g6yfx070tta5d,10390193
2545f74d5dea9ee76c7c1f0f7c0b554e00df709c0661e85df8f4779a38641586,3NkddhFMV8b7L8KPJXaecRGdU1xguA1F9g,26240972,bc1q3htj0ku0p87j89ym6qgeyz448xdccd6k5v5rht;1xbjmFVLfLu1ay7AHwWjAvCmnu6WJcSs5V;12zHVXMWVuZWZPaMemqdC9bKv5V1aELdGG;1aqrLfBBYvXJm6EnuL58hJsxoMyLHvzG7u;bc1qea7g7mkjx3hdfq5yl6pnz7a9aycd6sgg8f7yv7;1zu2CVf21VFYaz9NUzmH65oS8szG6NUbp1;1c9LX557kiyeW2FiuNPN6pGBfykfrHzvf4;bc1qqqd4ls04sah29ayuft75x2h5n4h2kvx696rgas;bc1qc0388rg6tlcp2ajyayes0pa65nex3s22v0l970;bc1qeh6tdx5vq43ketg9ery7yryrwmspjempnleda6;bc1p37ek44l8cc6tazz5p7ezeqsjdafr6hryzhkhfkaf82ux9kyhgel6eu45h3;bc1q3k6nclw759zeycawda0f2uezhvphtlsa0tq4kg;3Tj52yn1pDJZry7jEeSAoeaJzCo4LKXCif;1xNpX9HLheK7a14yDM16uxm8EU9jPYH9je;bc1qyhhzta70fxmwverj9pz3yn6f3yphz6cdwuwswv;bc1qj3le5aqpl8s0al7d0dreptr4w0u05mcuu2kqv4;1tHrHciEwxFfb4ukebdxhPrH2V66VMu87v;bc1pxp9vl3fc53ssy7pgu5xk7cc2z9fffgu59rl7r2kmfggccjz0wtag93hgs0;bc1qqandgvqsqdzv8csggpfdx802wsqw0fzweaptja;1njhrn3BH61thhuQrGq5kvE7d8qfYgCKsb;bc1qr827tg66zj2g65550ce57luzpsvxgdhwljsnuy;bc1qy6tnunfywcmjffvhsz0h6jejd0e8g8nvnz7n02;bc1qkwcdd5atctytw9zs4azqehvfapttdac37pe66q;3wumdVuXpatfkxd4K94sEWDALPou5MNYLB;3vJYYEtPUmj4VWxrtKFM8hH19h178GVYbn;3NNJjC9ZYekEkAJmY1G3EgLPtLfnrnH3YE;1YjKtJm13rkYPSWouMaCzSwqAZpoMfPMmk;bc1p54j2ctyptjf63nqfqpcgp47d9v20qtf8kaejfj5ptppl5f85zrehsrkfra;bc1qgg57l9eswdg03taaml88693u5xza5pqx9h3n6l;bc1qvl43vr5ve3e0q7dmpwg7czcnlfaznkwph8tn4q;32Hyo5qyThATgfpJuofSsqgeBAzzyv9WZf;bc1q6xsputf0y480j07ay7939cqm9ge38p8edlusyn;bc1qhtpxah0k8l7x0a2nve9ppt56w5qgn8zfffsehq;bc1qhmax9pjxnstxd47yegtz27x820r352dmfy6e58;1oSx9Fu1jBA5cwPjcnBZkRiyibaqFBpSFy;1n2CJFsu979PzvDs8b55YqF89zTXqCkAd6;bc1q00ngtzl7qckn9ru6jk5jt93qfk3vemlg6wpzad;bc1qkhtavg5dursesxq9555p9v9zyn59ug0s7cnvcr;bc1q8qr4wea80juhhwf32lae8pvee6xs4hceyj9nzu;1VN3UBy7KrmddpqF3SENGCA1MToBWQPpau;bc1qqagdyynceh6g0zxeeap63uy5gcxshr8qurp5q7;bc1q3lewqdy057m77gyztzqkc85z0hnuur282fpzlj;3wobsMqAVD4zguDqbDT544CB9FQeRosZou;bc1q007h8uuutkqmsta30re3d23h9dlwhyh4a9fttq;bc1p0m4mt2rv25x8twnkua2wf9thsaqze8rzh6a5wcg56p02l4zj0rvy7nmlvd;bc1pj83lj9wkmant3srfnnctrttuvza8nrmqpjhdrfx2j7q0wkfxv9wt0zd5xd;1bGEH1TDmEb3auxz7S14GTSqMbiUHsozEL;bc1q3xgyglnsfhpe3cp3zjyphexh5j7av6uy79wr29;3dRLkYrtSAJ2qoXzPg8UkLvbRH19YLzqNM;bc1qmnm3qlg73m7fvt2kf9c67d8ssrshz33asetaj3;bc1qjyflhgyh7q9umspf6eur6mj5d0y0sere7ylsge;bc1qu7lgcm68l75xz4ctpay5x6qjda2z9a35xv8gsr;3TyXnD6Tz7FZdzNjb9HT16a32wncmdWYre;1juRrTZrZkwv8xH1jXcQVKku4VS1WyHAhJ;1QtuK6tFe4xMFZg7qwSzAxJmAfKkzkQAu4;bc1pp09zwqd7nj7rfujn6w28y8l6x0fqp5ut900zpz4yjfm53mhxp29mme6h5j;bc1q2d07nl0lv79l7v3vyuewcmd0gk6uur6h4u932g;bc1qk79palh0me9pg2lfk0fkw7vzt475wgzmvlf3mu;bc1qj22ne9urcx63u65gfrm5856qnhnrj0pana5z57;19vSuXiEDM1hymccjPNEujse4wPJjQc7N7;3nvZ8SYwhfBsnmNnT1AcbTRpH7uVcJy678;bc1qswuccsr04mve44x0p2dkft4jd468zp5qrg80vq;bc1qldklen89zthgpa66new4lchuarjqqjetd47cm0;bc1q4khusyymzy54qs77u8f60dndujm0sts62madf5;1BXETjDHnLbyH1H3EqJyGE4FoLwKbySRw7;bc1q72sp8p2akm0fxvqw7wle2ykskqg8k0mz3r88uh;37ATY7BUKtE7ymUuf9PXy3A6MvuGf3ymWB;3tgYCVgavgqRqWtK6NhJuGkF6v9M3GPMBo;bc1pkkpwcptw96m2lku8uhn4st8feruaxs4cgnsj8d246rgt3fttqawysguc2u;bc1qpgu3eqp04rzhhk04pj7g5hv7wnskc7psnc9gvc;bc1p88tcmc3e0ms6mafpld6jp7gm7sstyt0ptzmr8gnr6wlcaglrmde9evh5g6,368874;436536;121868;187157;765990;89500;723827;341352;592811;516090;95994;347204;834920;233545;1402882;248418;63590;203635;1250766;159010;836092;879448;177921;35879;532181;154059;630467;241277;274105;621042;198882;241627;194777;188963;308086;682855;185343;306615;458503;129577;134170;1118223;530651;355299;430626;12273;397308;294016;325698;183830;35076;88678;1242661;216868;259466;22349;15803;521273;318800;293341;114972;563606;76030;86940;254871;139203;117344;427728;434454;718261;223205
e13bbd5423d17e816a8b4845d8ad94747a1a6057136f22cc2878c3ba23c7edb5,bc1qg4zszntjqnujcva4x9hxgzasv2cud3hykkx4jf,280311,bc1qttcghvn3nrtm90tly0w39wlqn9jxteqjh8d94y;bc1qnp8rmgjul36q37xz49y8lq4zfhjlsms7erhtvy,118002;160934
ed2a3442ec953eb394f17c9184ff590c3e48a88cb20d53687920304d1b9cd496,1E1trybVJv3RtoyJF57b8JbzESJmmrwJN4,1401730,bc1q024dpd4em2k94p8ynkr5llzlspqxsdr3nd97jt;bc1q9q28z20tc7x6w2gtql8dyn7lg978wtuz28jas4,1138909;256356
34407ae3e56fe665fa31771ce742ebdc35ad731f1fd6bcabacca8fa34a1a7cf9,11qANPeV4BVLhN3LzLzWMJATZoNe8FHc1m,432126,bc1qx5ztzctgzt0rfyxtcemc0yrq22cyppxa6ycydm;3PLRNsooUiNoHXbf3bh2HLp3ti8AW8SbRM;bc1qatv8urc3l4zydm4xff7fp0sge624wer5p0vwmc,29831;278676;122149
2f3b298c49772756f8cbd0c860ef8a571f7cbddf49166760c01b0710d597b817,bc1qtz4tfrdznfv9nphqpqygwhxwl8zqs5357wz70t,31182,bc1qf5dxf7hzy8then86ut9pj7d45ran2vjn0mku6f;3dQseZrJSLkU6FJzvXwzecbVAAfe5Q1xBQ,8823;22330
3247d8600c874ca15764e2e60d76f7a0ba078f7a572f911ef0c2c7cfead41530,unknown,0,32h9qiDZD7Aq8wamzWXWnJ31tdyQEH8kjX;bc1q34clyjm7sfdr740e0qlx5fd90nct90fqm7nj2g,8866890;856145
c5cb172c2ce2836703f389b1e9cc35e61bb799c18130fe50be2e58911b07ca9a,bc1qv7pkn7awsnexhnmr5nxtkd9wgds48xec42guvm,1914511,bc1q8pla709y7k38v7xuu3ut658nylrnhapp67ul3p;bc1qwl39uvscxzdsvfyggrmknjeh7qxwwyd9sw3he8,173089;1736258
50f935284eb0232a53f7623583909e5dc150fe9db0b4e1f310245e971982a977,3zi48M55ZTgFty547B64J7NgEzMpAS7ACc,7297140,3SmmK5MqP4Viy2yXF3L3ySqM8apiRRueEg;bc1qac8enw773t9nm3gyhtr6u5arl86vfeant9swxx,5859648;1416837
f72f41f04e2c2267bc37466ba0a1927a23571ea9af0f519f7e41702a92e07262,bc1q4t7fnnexk60x37eutxe8kt4844wqur377za5n7,24545142,bc1qw67jrf6pkmtjeq8txaq3dm9qadzejuyz4fqew9,24459292
09c8bbb6cd0e2897411eabee5e5922907b7245f300efe9cefe7610c13af6e0df,bc1q7grkx68ta5s489gw7p07g544vuvfvjqxmhx4c6,424693,bc1pf3ec45fvcsxheemnvn079ylvc5m9xx38ykvta4h7kj5fe9qmd6855a84h8;bc1qaad8ylulk04tldfre5ka804xw2gt4xwp0s2tuu,97518;326446
f7947b0f3916abeeddebfb6e88318c5c1aa4751f389b6cb53713b2d1a8d25d6d,337GTpuh9xUYaDQtH5mcmS6sXsgK6YjDub,2381689,1dUtBvJHYdFkFNcDvyzTBaQHVxY6qFHWuv;bc1qptvpjnuuln0vdk5gjpdt67dlm6st7swpcmvcr2,2014426;366327
e2dab3696847ca94d05ddb3a2233fec8267f36c105d1eb4508e0c09ca273b9f6,3AnMrCXkbqdWP3dyWwC1pMKHR5M2ALdC53,698974,bc1qqetugw999k56r8q0wx2f36mzwl7n0xdl6cu2kg;1RXK6DDKfKLzZrWQ5hFTnUTry8GXAHvJBj,70493;625189
f9ef2f15063fdf642917bb3c333cacaa1ac83e3b8435d04cc7efbad1bbc914ef,bc1qpvku6njdw9ekuuy2lpv69q9gtctkt6las83y8n,19018318,bc1prefuxgh99jqcka4mg00k2evsn7pg8wd7a6wq25c8dx6pdhx57fxrjntrw3;bc1qpe5w4c7dewa62l7j3gjkv0kssga35w28qunwzu,95071;18922247
7e863d7ed587f792b82e059e432e23e339242b60c6e61c6b04066f281f05c1c8,bc1pchwhfcq5xlu2gwhmzkf8zme64u0ls3d0fzte8ze25tgalgaxp6t9trpspc,9760201,bc1qwvn4zyy33wam3uthec9uuenl8dyqs590pwavdf;bc1pfwe9wlkln97falj00fhevnk673s8tj8ju9p3nzxvpl3hrm7jy9pkca07p7,6160947;3579838
d2c4c369f43270f3f28e7b943c04277270ad7325a6e89a3e4969a689c36145aa,bc1qdk6fvx80y59replkxw0uzdfu8eacxckhhng3xh,300820,bc1qugnhncd4u3n5hzjz20m646fqy9kdmcnlm3l5n9;1v5QK7Jt8srxSAUbJBg8WLk3oPFVtqvv9A;bc1qrag3m7459jmqpepw5syrulc8pj8ncr8vr2fnh9,46612;13888;239903
31407e02001bef83f6a5a46b49da1babbbb4e7c31ae2e86a82257ddc936e5883,1bmHk1qBXbfBzejqpYUYmN2knFqunVfysY;bc1q3ua8kju47zk0j85cts5zextrequg2wgva6nyhj,1078499;28820235,3jB7du2a3STG9p5dJqU9ybGz5vDv5apSgv;3HU16hDE9NKttueZJHA5mmChRDMdUP6BmR,22219406;7538437
538878fd9125c80239dd8f6750ca7c351e7dba165cb27775b61e757cd08a4fc0,bc1qecpmrqv2wwme6esjxcvmu05cxvmkgjqgw8en8m,46328831,bc1p04e9fmmgd3mceuf0jkjp0n3qn4mpfrz5rzs53d8eq0uplr2ca3dzejx050;bc1qd0rfs6s5wzsjztesdtewm6fkfxl8qrerp85mf2;bc1q9nvukf9nrf6zpxm25n2lct0xruntdmzpsg4cya;1SNCDkbpwQe9a7tkoeCYromY789QdZ81B4;1L3kQ7bPB8aPqpQLsGkcRdm1eKyhUuQHGf;bc1q9wuf9vk0z633nkejyft2qfuxcqk022k5klzzzh;bc1qx9e9glc9fvn37u987fdd5qhjkff8zchyhqcak9;bc1q22zqfxrrverswdea7nrn6q6dpstgl5cxp5fyc3;3BckQRRnbwpG7voCQ2bBYjU8b5zLDJzmeo;bc1qtht0t7qvu2afc7gsvmzpjchf6x6gwm2avugpa3;1nzeMJqsYuUzExDs74JR28NhWxcseQAkxw;3vEmFKugj6eEAwaM4jmtLSinw8tZuCnRpp;bc1qkqqhwdlx8vdx0rc86tmff9zhtl2ncltx5a4hf0;3NUKkKai3dPhUQdu5uj48SxnrmbC1JkD9o;1Y8ZhtrgsE9Q71TPzE4pWCEVGHUWvu7N68;bc1q2878qpwavr9c2tyl3s4uux6f006nzcuz6w28jz;1apWsVhmLX2caUMSpZNqkiBaGGgo86krWb;bc1qfvvjpkudz8edsae77jccj3dw8uaf3umx5q47rp;11kFw6PF9yEsfg31UnqwtaYGiN8FFUzc12;bc1p4wwuzvmkd6ymk0nrgcx8ufg3f35ycejpssuyw429zzvcnzsf59gassqrhq;bc1q64fyst66h2vwl3rrfhj6e63hjh08244pcgsq6h;bc1qfw4zgqs9m9t440dsecfu2pn339prdqdwu78z24;bc1q4nhukkg3j5xf5paerweyutk5kqajn8z5ce9hc8;bc1q0g2tvyhp28tjtp6858dqqlzp4vn256gzy0v63m;bc1q27anfyjhwe8764eh52uwf204wumqxsstwux3lk;3CiaPceJBsBvNKyt5nmNZTn8nmociBen1X;bc1ql6h4f6h6ucczs8ux6dpjq0jrdw64c2nlq3ktqk;bc1qnrck832j8gjw09mtu7javrl3swzs4k0h5ennte;3jVPEAjHLuGa3Dn2FMk9QAqnFwEnviAJ4S;bc1qkh0649k96ylmvvqycyjk5fpyfj43de8v2xsp9e;bc1qls8sl8wls4vexpu7fectqaef76pjs6t9upq8xn;bc1qqemft3889lujhh2eqvt7rzgqph60xqte5py4v7;bc1q5jzkws3dxxllzyp3tywneca6ak9kzvns6yq9sr;bc1q8kfzzkr237uyt9d9sjxgy6qxs2s8tmw9tn9nqu;bc1qdnh9k0u9wvp0wnd7vgfn33cr09w7sevxw68p0t;bc1phq0tr2x9sug834t9jwnscynxq8ra9437d5lpn3qd2re0tltjz6huqp92r3;3S3J8UVFeNmZi1Nk6BnhWaisE8sWDfmo9u;bc1qqm53kwu09gl7twqsdppa8uunt86cdez9raun6m;bc1q3zyam33nyfxddjc08c5vchqu60acdup79t8ay8;bc1qqtv7vh952g7fgwmxdxak6kr2hq23n57vca57lk;3LJ8WXuQkdxuZCCSqrwPDph3j8sTduKdZT;bc1q5y6lll5e9jqrurvlr8l5azfxqs3qstd2tk5gf9;bc1q4ag4gp0y0258ymtrnypv0vamt898t6m9qq7yyu;bc1qea06cdwlzg8zn68saeepke4fj2t54nkcrf6p0n;bc1pm3dzr7ya7a4kf8pzl7f766cl6egc0fpffhtm6dwzkvemr7726fzxaglt5l;bc1qtkd6de62gc7rm0zxaturhwh0a2m8ajfrstsye6;bc1qlw2z0quhpvyvsqd0czmvgmcg6g27z04zxsnggz;3yuphfKtcv6obkD6AbW8PGZsFp98Vs3oUu;bc1qcv429sx9u8ldhc73ctncmdxqt8yyjpfgc5r0gm;bc1qdp7mvdlvuqqtlfs6pxpy3wqn5frlz9nqmz2fn3;11FcQ7fqwKvaZ6rLcjt796mFkMZnyKmQi7;bc1ql6w985dgmh4ujxv8rtkz5j2q3n903pxr8dulpw;bc1qd8u6urdvtgm6redxyapxz4wh4t7c2nl0t0rpzc;bc1qn8tur5fhun8nkjsmavqzh9yed8g4xme7mkgt9d;bc1q7676hkd4g9tmmvmmessv4gx32ck2cgsnlk6csx;bc1p90hrm0kg7xgd3lkw86sw34hlz4sauw8elfselqsgdc5q40tf60tpyygtsg;bc1qdeh6kxyffnuwrcla8mgd6fz0dfcwyuujdjscj7;bc1qug2ctn3k47e4c499mpcm6x2kx9hgqxkl679fxq;1A7f4L8gVyXpCk23AtMgfVQZeG8LeMEZTg;3w3xuhwS6bBPCBA3FnQoHz3dzGNysJTq3p;1BA5WZEgyNTTVna7YQa6EZUqdhjcMQ3f4H;bc1q73t5xzfgxtfg4sld836fd7ny4cvj2q3yhnh92h;3CZLvR5XDUpwFJwCsMBhGz8ECquNmu4UkN;bc1qar3zku0t5f2hq3633hht93wza2tzmqergh8a2c;11B9QG4nfGMmbe7n7y2691wp5pprNhwCFJ;35obUjGJfkbTkeyNYMUw8rjqJA7iagGrfj;bc1qy6maxtyl94nuus8wmpvpl57ya96npv7nsx40y4;bc1q5dpg0v2x7c8ksyap5vgmahg4u93cnvkla7qex2;1d7pHESyVY5RHSJRkSPt9iYsUWfBGmAR5d;bc1qaqu4746ep84a0jfpzhru4wva4fwveccntw3znq;bc1qvtzd5kvxnkrqysucdt7msmlqkd5pehu6eqg777;bc1pv8m3c6zjxrr2mkqfqx3w78t4wdmlp0a9sequgka9c3nvl6pxwh2qyk3d2p;bc1qnd25q2jpsdmxmwctpeusv600altmhxtwjf5qkz,975878;540862;526892;79817;88302;493817;205084;13924;840343;21628;592393;507404;2271077;433586;43036;525406;1204665;3772323;368527;252859;1553059;139006;625842;340808;27473;279394;201838;758805;1946260;204355;1092690;37297;505881;47914;1780419;952187;702578;1137358;682907;2273807;819687;1693399;476777;81537;491932;88853;587905;431405;638127;6613;141927;442686;1968543;316890;361698;821379;606320;232583;346455;160789;2214899;91680;304500;17144;164213;993010;147100;54652;421309;6561;58008;1079485;966703
6c77ddb7dba5f60049233c1e52515cd0efa469a7a74903428b5fcc6340184106,3NKsPc859ULgPeNuoaDQV6xgEgVzqtSh2y,500021536,1CAo7FR9RXnt4VWq8Tc1bxLWkiUcKp3RGM;1zTLorQGMSBKXW1VfCntd1BkqFDX7CiF2g,500000000;19645
3fda9c82f2b87ee7a4acc8298a388a7955b80267441dc583e6f137638a3751b4,bc1qmp79xgwuyf4h0d82ztlf922znmx5zyhzmsgs5x;bc1qhraug3rgpfe3c4rkcw78tcl53grwwu05yy8sep,612855;1584584,3VTZ3vbMxS9DDGBgz16YcYiiQPBRL8jp8j;bc1purm0k2dkfy8e4x6xm0raakrtkr8lp0tn5pd2lge67rmhc88l8v26nfj826,1177210;1011579
3bc9776d6cafdb502f90f9c1bb3c3ec98e7bb951e65f2f763053e833fa3eee11,bc1qxzt7asehf2pemeg6rvc0w8e09rxuny97s6a84d,3137745,bc1qfcw79nqwhmuq3xc7xhcpyqph5rdgy4ejtz6las;bc1q2jd6f2y0xlv6whta8jcyv6v742r0dg32vl245w,1243380;1878972
d6bc773fd347123845efcb2c5c1b41d7dbd34da22f7a87a8624e69a60f22b488,bc1put74apnvm0zl582xfrhrj8c7l9d4x3fs2srxq0w4zptukqn0gqn92u8gnk,5167411,bc1q85pus9apk8kal93atrqe4qs3mkvfhwdjvywssr;3HoEx3CP4fczVCPAEGeCSPZHcCrvGh1D3X,53853;5108308
dd51c88d325a99b51477364e7830bc95e0469350b9622f4e6f7f75e4579a55d4,18aEEHFKdDeqnShdoqSfEWk4SYbpac64e2,9509122,1Z2SQNU3wFCmFqmGVo3QriWF1spTy17Nkj;bc1qkmqn80k5neyvl4x5f0pqqag9wuzsg6uj03ru86,4464636;5017692
a4a030580cb561a32a6801542083f5c8f8e4e7e18685e739feb32cb48336e933,bc1qd028cn2fl74hjjuedulv27egd5jzv3vtwem90m,532362,bc1qtlv4cvdl4a9724eg8f3xeveews0zq7fc8ezyep,531656
b41925af180aee6222af87bd37a84ddf20d29ece50dcfa9d1f447a66565680de,bc1pmgdlsfd8n3yxal9pvfx3em0x6np24zgmfpsj9a0fue5dyacz4537678lrn;bc1qzp2lfwwpcas8dfdq3vz67lzdam8w4mldq4gpqf,104364;2784062,bc1qqds8cuus3snff4kad3jml7ex9lqr2aeeg7gx4m;bc1qcra6rg6x4qzmj32tv2sraqafqkdxy6dwfe8dwd,2635765;240979
225f8d3628a4d915f59c7835049d9c01864a812bdefdeeb7662d87018ad3a03d,bc1qymesd893tavghhdyrndfz0w2f2mxj3assssd8u,1582798,bc1qdyn4uyezx099fqzqqyav85p03qxdapaqkjkcw7,1581520
6a727c5a0de0370e300032b0a46da60ea92bf6c8442c9ac8705fe127c6f2572a,bc1pm7qcjq0jl8ktdq6jrxeeqsmnrrxxpep4xyqdx0aaslak5c0vu2fs6j3xzq,411923046,bc1qlu5l23e8e69ckkwmjr7arhmg7rpnfyfyetlmx7;bc1qlu9jg7hgydrg7d98du2dzcsstpn77aad4xkspe,2433615;408266140
bb91e14132cab23d2fdb9a50b3724f80a9d025c8b3aa449f3823f00c3f1bb959,bc1pvgr2xa56u6z7pjwaual9sndgkejs4mwj2szgqf2lxwhdjal9ruetcq2zkt;3DyLcaszwoRJmBvXB9sAW5CKRCzHpPtXYS,165365;397364,bc1qqj95t06zadej4a5zrqx74splkpkjf8lafkt0u0;bc1prxe2z3633thqpy00qcrja0g9edr2yac4ranfpswjxpsg7hmxraaex7wwfq,155098;405983
f9d7f602e149dcb0f312003ad5e6956908dcc922ed72f1f22867e99397f9208b,17asGPA34JayGCew1DEvkwVLvGFAhN6faN,89038,bc1q5pzpgsx6qkx5clwtelek9dwta6gye9p8md9jst;bc1qmfx75ac3hzrangys8utdeanrmh0p0w6zq8ryz3,5958;82825
b08292af7df7b056d70a2f2b59b899e1200286926db6f915fd13fd948578f5dc,bc1phn08s6dzxpwxfjg6l3uc9x4tzq0v5nj5jz67ln9yyu5ez74akeenwkuvkx;1roM3epfp6mZcuujeHVt1dSXqou5rHfUU7,29553;3018011,15WAZQFPjYVZC8AJe5zW9WgB9LuNCN9iqe,3043217
e6f2d430c07d7eed5bfef80da60ee360892a158fd909f3e9df450ee7c0522f64,bc1q82q7e499y8w37wat3stdpv9w3fe8vutydduhph,1891745,bc1q28dwp8934cle5pd7v782q4sjj79r992ptxehzn;bc1pzquumzsnuf2kkkzpsj7rtqfm8f8tx4nfsfjgdgaqyazd2ylfr5txrt53f9,1764029;118795
9240ddc80fe3af4c39e11d6960ad8ce237e6357e25eb72afebaa843c681cbda9,bc1pcwpqa0g3mtzke7t6pwyknpwsucp65h04zf0tdquuakj4ldmd9esd87cc50,337452,bc1qgjezz358m6l5z9vr6wee2rznwexxr54a5waw2g;bc1p3c6gjur4cc9ln7ftt9ej3pqg7w66fq72y846u5qchlq33428an4ppycl8q,243028;94074
5bf465e50d03ed8e6bf5e243bea8453ae234c19aea53529e3791db3f8cbb54b1,bc1qtj9xaxtyzu60t969k4ml35j4szaztl0fvufgv3,1107277,bc1qs0sy0vzzcgua870ngdy9rlcfud7yfsl7r7nwag;bc1qc0gcnqv9ycj8szyn2ngpusjt83z6argdgtqt7t,896388;206142
bf769aa6ac72956df5aabb090876ee079cb3c0322f1c25cdf8570d601f02c761,1XUsEHbEUTMoi1RtxTaBpVJoCg4CNTajVj,1621581,bc1psr3cr29um6dd0sh0j8x6jf6qr6gsze2m874klqehldv8h4d9re5zas4kul;1cAC1iBGX86um1V7hdSBjaqtkmeM2rKiTc,1076464;540715
9cd6c7994c4ddccc262083e764142997b8cb647923b855a7b196b05714e31cee,bc1qg7dcxfz57al2khk80svnyf5pux9t68dm3m2lpg;1R3aiDUhaP7VjNz3EaJoDRCHxzJ6WavbKy,5618079;5120225,bc1qmhmajexxqptraesa3ngpkdmgdr7pdwm206ztn0;1bG41Y4Nnbt8kGvQUPBM2WrxbRTfisjeUZ,6272704;4448301
6b9dc55abc658eec33169456f6261788a8e5ea972e3b361d9b3f750ec6ab7532,bc1q72wsmf9wxcu2txazhm09c5c8rpz7qyzx92fye5,1359072,bc1pjd5kd3q5rldlppry923gr7ef66ps78k78s5mt2kr90pkp7ht7lkp7rl2fn,1358258
fe403ff8df7fe5b9de8d02180402cdcdfe234f0e37053d9db49b021e48e9fc4e,32mRimW4yTL6CHGwhyPp4cyac1qSf7Ujan,42693194,bc1qq7yuqwwaf6vfvu9sjfvxdtkkj32csehxlt8a05;1ncpXH9qXDETaHU94VtNhofCcdT8YWMpjZ,18772520;23892717
1cac64cadd0c85df0436ab1a78cfdf319d77731c92da8467b9752b1fc2d7e22c,bc1q4cx7hfuxzklryc2eeyhflkd5yjygfhn7f3z0fc,1235394,1XbPhxHGouEhKB9WHrUXMSmTtBs7m2gUEE;3BFGSqzgeLoED8FJRc7U8a2cU9KTCVXCPd,719362;514869
2ac7526b52139f23853c6d8259bd6f77c8d6a51bfcd22345015ef63696951c8d,bc1q4ejcrhj32w6wzsf55cftazfqg995lrl2gmnh4j,145501,bc1q8mgeua2sj36eaxjjdxup0dlc9h7l5w4nf3upfr;bc1qzl9yk7k4npg8hyjrajxg6jxnhjcg2mk054g3dg,61152;83859
58ee8cdf0997825c9450fab1f32fe3adaec41f805e7bcb049c8cd30d8660459b,13LYePE7NSsoDLv2yGVPXmcRxmxxsm9891,719354,bc1q4gfytzpycam9qg4rj45t3s9ll9338f2kn0wu9j;33vBedAHMpxCCDbR8vHoFmbgk7ssHn7qcH;bc1quec7lrmm00mv9zvs590s79jshtl8j4ugqdly3n,30506;204174;482531
5daeb3a4d4b8f200e32078a7a67fb5ce79c0b092e3f2f0e026ef9ae712c0f313,bc1q27fmwgd3dyxsez96rd6yu0sfplu9nukm9fymlt;bc1qp3g6l339wzqvf9vtcvsk9my698xd6rmvkqnmjy,659571;3336899,bc1q8fc6f3ptdr35fnlh3hj4uyc6ccg2x4y36luwpj;bc1p6px39hpakktrw592dp0s6due7ucndn9kezqga0636sn5hw8t70ga5ka3xn,2004004;1984025
c37483f1e4b2c143d0e1e25209d020ff65e4353f223c2d464a3cbdeec53484a2,bc1q60mvrldyeh6mm6aynf75kl32gqwejsehdszrgl,174282,3DgPBsy37tuPwbReG1ST1Ysy9hSzU3GNPr;bc1q3spye9svpgyxd96zdk0s8vkupwkhqkdj7fzjl0,113433;60627
0da0552feb56f0e7dad36a695bb591951f3957370b3263b7871072e01d75f1ac,bc1qfphrggkvza4v2yfyqqkamcthyr469kkg78yaw7,409565,37EkpRM9HfjF9BUPtDPyZ8ZiTRfCC9as8h;bc1qxey60my6l2203ufhxs0cepjp9js0u4uaqvn4a6,242456;166473
f0aa6384c142ca093f3d92ac158ffa56d5a5f2e2dcb7918373ea4b81a32d238f,bc1qph6wfed9razyf28tff7l04g6xpytqfra5xhu6e,2073695,1zfL1q1rZBveuVhpVfcJ7sf3JEbzyRZ7vm;bc1qchtgcvg7jwncgq4hphdc9lqartekg0va6c6zv9,1846945;223169
ef86eb9795a12c55e20156463992691aad2cbf5d1fe978c44482b2d377a1eff3,bc1qx49vvd02uz9krhjmppg8lrfv74me67pft7zsan,2771585,1iRkaMHGy1WMjfdRekhSdSmq2LQwxdoLja;bc1pm6af045u2rlqc86nwjj7q2kqpj42ea9xxvpdq39pjqt3whs73ntsy73wfh,2242291;518047
f805a2c1e660ecbec3a4eb09e9c4d13a9d30f298638bedfc84b11b243a4972cc,3J9RPHvpdR3dhbvm78Sa9aPZ6Uh5Zhiqae,83139,bc1q3qyy2qx4e2hljckmzg6zs4s4q83dfd7dsksxda;bc1qukn3px6k2jp92pgk7y7upalrgmd8qqhnxnf6ns,34246;48658
0f2229b9c8c41083421f47773c7e97b3ebfc61d4c5998f77a34884056abe7d1a,3MxgXAWpasWnT9cZmDmGQ12pfx4VunWnmh,5117993,3xLnysE5SoQNkQ775kY9AoUTvr8buy3QrX;bc1q959mmaz27xzf42jx45ufnzutrctzncnjdnuc3n,5040552;69170
b602003a3c64c7ac99906584702e14e41ab5168780438ca97d79049b04aee4fe,1LB7BKMFC7fyCNTk9CKvecD8e2VLQ1TfSQ,254804,bc1qqjrr6vwmul3668erga6lt5kzv2c5qvz5vq6cht;bc1pj00762h5k3l0cc892ggskg857q4gvlrsdmxw83stc2jd7k8u06emjmssa3,45308;208484
c60ff29f73ba6053d6963829635b9387ba6011b2e7cb6a9b9cbfe00858216a91,bc1qf0kdxj4wzyqvuvn7tqwwyfshkgmm7ds8usu0zg;bc1q8evde06tp7dqnvcnra4agklj27wzw6hfddh65n,1408348;6233414,1XwESYUZzVjDUUZp686n9ZFw6Yxusqbpeg;bc1q5vnfycpnxfpmge3zrwjaaqjtkzjmt7f0gk44nw,6298719;1328966
36542db9eaacf6f85ab359620fdb2a704288944d1938844b683b69b37a8c2f32,3cADRdVLyGgST8RZ1rSqgWSVaLhXVZ4JPS,50001261,bc1qz4k7yk79emwy7vc8xt4aknjnkuhnvndlknyrgx;3bENwxGpMzwL5tTJgkKhgSvdiRmiw15hG2,50000000;-2777
ce573999e0712212f4a05b3f3d9c8fb1023710d4ddd9e347756b839d07470acf,bc1qe5zydznsqq5ys5npj5x833ntyg57rqp26dzm3w,13918971,bc1q9s0t27tkay5eayvazuegeth03vrzc2s03vswxy;bc1qnykg7ya9tqzfp9rw0pan360adhvcgclrvkc0za,5135099;8756634
9036b0c3928ad068ddc0bdea035b389ced0dc35ef3bd63b6e8563c246d9e4a34,1rRcfWQxwDPmKYP7KgRRGkcFN4KPTAxbop;bc1qa9fu9ppr5fgyd3srmzl9pkmsry46xuculhygmw,67483780;3702432,3MRJhGRQJT1yxWGL4bK7dXeCbCouezFBqN;bc1qp8lfzelhx5qxkq6dde067cnqelmy3cmuj8emfq;33u5TLLAuKMwGJ7nopjYVcXPD5YWJXG6WA,4589505;11681671;54592844
02c07a7f1d0d270f4494cb658a20d466f1a77e43dd92483ad3d8f38e5d70c36a,unknown,0,bc1qqncar4lk2wuqz9e5mr53xx4mm7andyfy4ks7m2;bc1q3gsqggym5zf6k3mhevj20lwk6zhy2nt3df7mch,469898;616532
0898d242539cb5360e58f1c6b1735ca4b9a05648793dca16ff2d058351d225c1,bc1qm8572yfcvw7xsezelk6cxyrmls08aca2jc67d0;bc1qfg6s6l5c35xst5dx57ny4um0rwjacvpsjvupgt,697445;14181495,bc1q59340gmq7wjtc2kql3x3gqws2x7kwj2vjd7xn6,14833995
0955a897a61de518d030be28086736e770809989f3123ce052caf1f8adc5ce76,3hw3g2uyFyyF6nTxS7ePWgtMaSMaw4HtWY,58683,bc1qsv62yjp2hgwyz6m9mh9khchznu6zskquegvw3c,58408
088973f5c1c05543909114771536a86464f03a9e01cddc5e1fcc350b4814b026,bc1qxyaalkmdg53x9z4a24cjrw37pm86lddy8fcsep,773687,bc1qkgguhy26j8js60gc54z3m3c8v22g9k0hdxc8u4;1ujLqXrbeJakKtV6XwKLzbB3By2wxqQR22,10714;759317
7e7097c79492a7be8709c2fc5ff0be7a94fed9e613c86227905c62be27d2c49e,bc1quy9g402f7s2hw66wqgmumz9wkec9grr2e7dyg3;bc1qqcfzd8skj5u3ufxgdpe3h39nn8fuvsuej69qmp,1707173;174459,bc1qp6cjzrgjd4htjgrfml2qv2p9p3nckjq7v92k0m;bc1qd22f69mztyfcvt06ln6z00jdmjv5gdzfk3m9jm,207183;1666314
0d5693deaaebace38c030c5133268c389ccf64f1dcad015e2f742b00d870e6c9,bc1qwa6g5qdnzqjfns0vly5vvhs5pmkxvm2rvl83kq,3113247,1NqTdsfjF9gofdepDsE1g2W7kaBkBy14Q2,3108294
706466f5894418f5bb4368218b0391f72a4aef5064445c94b00f44a7631d5e95,bc1qsvxffyv5f9sq8wdsc0az5p8q0r4da4m9knrt93,36541,bc1q8fgdxrrfu0umchgf2qvlrlu53twr98vrgn3ncw;bc1p2mstur6zhfuajph0ceu4wt57jj3kzc7lp6wuf6j933a06vcu3eh4peu35k,3868;32519
53281eccdec0c8209be193ed975207255d338e91a415f870fc3741634295df25,bc1qlgnjfzc0kgvss9zk2sttd4qlk67cgg8rpv9tgc,663899,bc1psf76apx84cvcyudtmejvtc8klxlkc07ysz2sdx8qck886r4ha0wwalkasd;bc1pdd2udtnn0ywa9jc3lyl7nhh7edjtusuaq2zzwg5wnn2x5clvcup0lk34l8,265129;397775
297201252908bf53dc9c5a5e09b4cfbcf8962dc6d831f1a9ed5fd1e47546ad1e,bc1qmz564f3cg23gmxghv9ma7u5c3zpj07k9ead6re;1qGWyTdzvgHsPn7npTafj9a4JsWWq1kRNg;bc1qqhjuq46uzps39pfz9da9hk74h0a8l7y2xc2vpw,658853;600565;5618663,bc1p0xd9r5enu7d2kjw9289tgt7upq0vrv9a47ktazhkw9fs9zy4pzj8uhrrzz;bc1q323t5eavmnvmdx9pvzg8wfhxys7qxhs36djyx9,4596382;2277208
a168440b4d623752805c7262a9054ddd4b1765fcd856665c33f5cf75738e0429,3q1qto6R212Pcug1CQ6SXmcrw7XKmxutcu,8881043,bc1qf95ryprmwu38v6gkntf692ev59c3sjf5vvdzjw;bc1q5tjvdk95gl3fmjmeurhrsk5hctj6gjplum9kd2,8751788;108635
2c0b74bcfdd1e3c38477b3d7bc45e08df555d4d56e348f8561914aa6d1e48467,bc1qdphl3ym7m0md6u557aatyynj0m7hg2ys5urf9c,199518,1ZEPnkG67kG88SW3purjGYEekUygm4hScA;bc1qp2uy49jhxph60el5ed9nvnphgm0dhn0sf79lxz,44812;154194
96f850c9e0f04ae4744a3a71ff731ab1dd5db48f7ce404fbf3501a928df4de6b,367Gm8siYHzdVbDucAQXDXu9V7JFHGhvQz;bc1qyn29k9jxkzy9udm8vmk4yyslerku5y8lk8t2sm,2719378;2446211,bc1qfsm0l3hufeux4mngthyaauwg5ehhy56q6wc6yt;bc1pdzkzcvxh243l6py0l44u2hrrftu5cx9khqewzhc7z4nyku6m5z78uhewzz;3LCTW2UUXm36HrM5T6KrKFVmkutcXDZ3SY,3439394;711649;1000093
0831d324bea540b40fbe448f38af526b5e8b7543114510733685614b08defb84,bc1psnrxe6v03l9qp8m70wce65qawq2sxdv7jn0fvwu092quwrc5tfy7d9y448,342158,bc1q67f2rsqen66td8mzz0yykxgwew79xuajkwxrwu;bc1qpevd7yr96hhw3h0mdrrsksfrk84x4u7zqqr78c,114033;227207
038245f4db503533639489d2123feff4fe95accb6fc254aa4076605eddc780c9,bc1qullj3nt3jzred9u5anur5ezevt8rvj9heaw02w,669802,bc1q9lv4jgev2kp9c0l0axyr33wsxdma89jr7udccj;bc1p72fyazc5xlmfcu7kcykgq6rhn5357ac2hawe6q2zxdkjy8e4382a0qznx8,363900;304413
b5fd69c21f252b6cd2f7085ef1e6a7c97f03202a7153a13f229bdd55e7f30ab7,bc1qz4wqa53a8wepfhcy563mg0z0vzt8h3qzk5y89l,10261717,bc1q9tr484kt93l8236w7658df8us7vs6azjpjfgee;bc1qg62c430ljv8e7892q99e7tgxn5quz9ztwmxll9,82718;10175354
574766f037a1d88c79b556539ac6cb93945e853b0c9452687e2afb1e6480527e,bc1qpetac6cpufcu2y7vdmh709d54cdklsvfcseep9,286050,bc1qalsyl6kd8hgj69msuh5xurkszm2aat2gexled5;bc1qphjl8yutj9gd6y4fyl0zyzfqvp5486puq88d80,165327;120364
a7ba49f0221180acb90393035e44fb924967b48734899ab2e42dc64e8039ee15,bc1qletmd7z983nsqnga6exe839n005psjj3p0f22c;3rNyWDkQR9xu7KXXERtMLBNrBiCfSmp169,2935544;1249386,bc1qn8xmp2v623a9c64nesn8ecy5l50a67c65vwu5y;bc1qn34n9lqca3gluhx9m7cyc0dhtaretkdzv2g7pp,528862;3635845
0897a13dd4055d3c7a50b91ea8f8ea818fc94d9b44edf885f59368bc7866b533,bc1q054ynhldhspd6gdqnmtegu73x9vwy3gnvy07cm,195332,1brBPw9QFmSMenaea6UNbrt23D7wxh4ERi;bc1qpcyfs6xdx924p6x8kxxde40ypc552cl7uwjvn6,22384;172036
e5ec55468aab16396bd4cc989236abd33757b54ea67a2922e6959d04e41c0af3,bc1q65ysanvs8g8x4qwk5939vertj4nqwzwkx9pq33;bc1pwj78yxpemrekx8tgs5l3rgz0nv3duva8x9atynanwgxcegjnq6jqlkwn7u,34936743;540384,1PN5M3nMvECQcX1bGj9qRz3UrTbBZDqQzf;bc1qtze5l37chnvlc994kul72pwmmqzckrrhha37y4;bc1q5envh5gcxc0ch4rla00etl6cke26ddzqg9u26v,1010232;20030386;14325333
e66cd46d11dae256b302c274b5c23da00aeab2276c645250abdd163e8b857261,bc1qn6fkcfzqrz03s8fg5e6363zztvxu4g66wzauva,153233,bc1qz7rt7r9tqqlsc4pa4jzj2qxf3yze06tv4cx8cu;bc1qmlzfqvncrcqwh5yavxnqa2n3puccq07y5gm7ef,140559;12594
8163658d69f2d8b58339dde704c847a27d447ecf507555465607cd8e207365f4,bc1pe6su6artjkh33v8ag2ucwuha73mz0uyf0cvrn7u9cx79c2nd4h6pd7mtgj,296906,bc1pfksrlfwqu9hh3cld3yn9z66fv9jv53wevyytwyyy4hx5vde5zlpz34h6t6;bc1qqysn8v26x50tc52c5s6wy04urv2m65my2ytegr,156762;139784
b6310f2a6ca952325728863177007651be793b8421c71ae488257c2e1bf42b48,bc1qfy68792pk9v2rpagn8zlr7lyr2l2948jjsel4e;bc1q28wlwznyqz7tqmdwp9dzaq7exmkl5qxgvkjl9d,1661775;10683445,bc1qdju9ptrlu8vs2wtw73xafqlsnr9yp9ulk5x42u,12327339
f2546a47f43bff799abbbc446e66ca50dc3ee18080eea76e754e02afaa0cf465,bc1qjpjnze9ze96ypgrmc3vtqcqsgg3mgswr4tc367,62759,bc1qaf64hjwqj2m0zqfsdv4h862nc0xrceqz7r0mzr,62474
8c6300662a7ac8a4c3d024466b25c9e4c50d83a0e0c7864aeddd6f0678e8474f,bc1qvh6mgck3evmkkrm74d3rdswyfhjuejuwp83uwf,216321,3XcRVk65Tj3MHSX2GFpNp6Xj57Hcbivot2;3G1942vYTghAE92EinkS25Q3R6wXJVEa6M,46245;169863
b1a9a53c19eb9ab62ee86e2ec0aa0066125773ef6463daedba6bb9764e2592ea,unknown,0,bc1p636r7x2upqdenfuzqwk700kjqd88p2eywpwmtzexx08gjk6u9pzlusgzww,51484
a71efcab79191ec718f760e9685c9d793f4df469cfb9cb78a20796de02fefa95,bc1q6zy3d5ahkglqyhnl2yg025t0l4xrse2f02ddx8;bc1qp2zyldx6uytyrjy8azvue54twnsy69r2z763v4,419549;422036,bc1q7k52e9zdz2uelfjrqe5g36xx75lh9xcyqvxvgj;bc1qhdzt27ceakcnrfg09u4kggufgddcyfv02sjy7e,146500;691830
deadec4732071702e3ed1e6b997184ea38e84200eb9051daacebdfaf48ec798a,1o9JExGYQsMLNxvK64aL8dKaqkEnHVRnrf,4720470,bc1q5l4sq0c0frycqhkghnpv7zj85u8xpevfqvvx7j;3u1AdzzBro6b93oURdZrhDUNnwWHrh1xge,1612610;3085836
8f72f3927353a16d3747a7d4ea3259b4dd373e013af895bda6fbbcfb2a069f17,bc1ppzm4pdc3cerj4a8e0h32wvk8hulwcfpfcuqj8ars5tsuvk9st63ul0an79,1081127,bc1qs6sdxlan04yf5qq53f5q6hjr93pg3p6ycuep6x;bc1qlk6fqlqfmf6wye6x3ftypazm8xvnf0xy724gzj,501403;577175
3eee0944e8d1dde4f7aac2d6a70e20aa3d3cd2c8b8ff0842bb028ef7f5966bd7,bc1qxuag9q7v5q9rjlctj80e8ykm8p3kvtpyat0uul,65292,bc1q7n7e806zm5k5kmdpaqf5fclra5cjx768uwa4cl;bc1qr3qhr47kf76ldmqc6ty5ystu4n6ynjxq236lra,2348;62873
39b589e2d10c3983d1ad1cb383509ccad9f654268564300437d32ca966fa8c6d,bc1qqdwkha0py2jz9ya35myt7dx4ln9wjtnur5fczs,517524,bc1q6kpwf3m5fuwuddcrjymtt7l4es6j77h6sz78wa,516887
66be1870ba3a3ae47565bda7a86a0996c2fcb4425541e1fcab222c81d8237f72,3XMHZ3uUWmXWjavf6jkJwZdyiLWLoV9XLZ;bc1qn7cvc2p4nt3lt8q5rdmfy7kuqkmsrlqh744cvw,2382475;1066534,bc1q43n72kcre677egw4mqxe05n8lerzh8kpqs593u;bc1q6vsfhjdhw5f3l4pgvtt4mch9e2heaptqnj4vxw,1421894;2023380
db7abd5e017df21d7557cdc319077a67aa5bdf2953baf5f5e27758075edb7c9e,bc1q0sssgj0uffapwpf8zdsa2l07cjxdpek3gd8ugf,1849528,bc1q82xvfrfddnwdjeecx489m6ftqt57djwf2ncnf4;bc1pes6vx86jafaggd56xcumptel242zhncsu02s6r75rj5h49rtfsjda5k3nr,1812558;33051
c033ab2ea61e943aa8a8db32c09061734f222e64906be471d3dba909a02f1e45,bc1qh2h6x9phj8p0y4nhechyhzttjce7p9wrdxcvg5,5571097,bc1qcqwxc3zenr4dd73vrnl2tfs29ygnw3enxz3ye8;bc1qdqazgcmafc7w226d5nujdftvjvd2m6c5v9juqr,402965;5150771
5e29b689ba9fdb1f7939b4594cc9ce50999ea403440bc30b41dac33d915d4cb1,bc1qeuc24w42avph7f0zqwpfft27sjqsq9gwwcsnmu,71621,bc1qkzzltzn5e3h9p4zpaux5eeyra5c59yr292qyaf;bc1qzxj6yysl8vqts447p7nxdx2nwadm87dy9uysfn,57383;14198
e01765b4010391ee1d96c500adcaede96d7479d47103ca433c06995b94789c03,bc1qn93pv2qg6g0hd5khdd5nujmvnnayjatc0rfgql;1a1K17SKLn498BiqjfmPdBrRTNQNerXVWN,10550065;10642510,1xp2jmriVYdt4XMf6tcu6wMSmJ9e3EhicH;bc1qtltmcuut6flpe5dcgzyydyclrg04aw694g3v2j,3841275;17297471
4ba5692acbcf317021eaee8a132234a4ba80e5609a4adcef2c64e918349615c4,bc1qvtqx95prkxpmxh6zy2g9du5cr7kqyhdf743auq;bc1qkdcrnntluygdq95z8a7mzxtxnxrsjkk2s9mzh9,269361;1428184,bc1qm560z6fucnhw8mm3jv43knuyc8ef6nvdfunq28;bc1qlq8n5sw9nndu0jffl6vxtnw6w05r7htawadnck,610680;1080346
894d21cd742011559abc43a239066faec80151dbaebed3e43a1258ef9c2de023,bc1qqaq45386zn7q58tuynek676k6a7dkyj32pjac5;1sJyHhGdxS6ZvGTH5i5HckmNjW2eAWZVHb,371643;856230,bc1qr2xcg336ycndnxn9shgr4aqcl4yy228ze8pdre,1225063
4675851a31b4db018b4ad30d60c84741cb28776498323118988f55ffc69e8530,bc1qjs685najfxchrh64527c94dsndylydlv5c95ly;bc1qvrdj27j57n3rgfg0tu8hzku8lckj28a0ekmmph,31752433;60592065,3a3rEpL1kdhG4SWpSezkyhwPcjmiskKWxP;1UyfYajwqcNFQfLWPv769TQsGcjW73XjL9,74048238;17969094
2f49075fd8b252b2660a54ef32a4441af1a62657ed4903c9337bd45372f73c54,bc1q8k2mc4dhvd4hpx3cf0a88jw44gx0qkvey48xrd,2961558,bc1q0jquyevwaupj5vpqeh96eylguvefrnkuplar7x;3CsdeaKEmNMnuFi4eauyezdwYjXYVXBDqT;3ZbidDZYunQ3kvhitkBEbybFQgpE81h8pF,447019;170716;2334208
d70489028e99e743560308e7b9637af409a5dce26a84be42c158ff18250b2368,bc1p5uvflrws3gm9k62jzck3c470t2tgpre8ez65cm9u2pvyvgmu9fg9e8trhd,71502,1VLjYHSX2WvzR9rz5bbgrs7Jv4k1NxLg1H;bc1qes67xzw6eqqxfp35ndwqph2pavrm4tzkwt7pr7,7488;63796
6930fef3c8d8d76fa618ff8ab762f20e616c639fa8f062f0deb23c9938b65319,36RHCRx5aU396i1Lggao6qLYWfKjVAm5yg,914750,bc1q6j5yh8kvm8adfnjrq0ne4hs6lqaryylg8smqlf;bc1q0pcvvmzlqq6ntppwts523ya0l7e0cqqqj552vm,495756;415546
637a8019c37f1050df43cafaf4323ac42629142be2f2f723dee75701ea7afab2,1kT2mqNKpD3bSt28iRJRThQaLumADvdap6,5233978,bc1q8n683v69xjecdr9uewaj3ce7axsv4x5jqqmfqk;bc1qguk7tsau4uqnnqu8xh69z6k0yh49ts8h48ta48,4359958;852082
015c0f7a232ba17350400e190df45fc8ba64dd0541645bbecb412d59cb257155,bc1qemrpcsteaugk6nrj0u2dccyt0h6ajrrxlufcuj,1361116,bc1q69km344wju95n6cxsu4q7j6e6awzc54kgzdume;1KpJ2ffdn2HyVckgFWPpN2ydipCo3ncdrj,14465;1345465
31150e82702011eda79f0888befc0a212b4724492440b8a408b6e5f2de3a8404,bc1pjxazuxzqja38zqxn2t72gxy7spk2pvgcs6g3myapnul0m05yvrynskygr8,43947315,1j4dhVfdGqAdJRMpAV9dbkjqPoM6iDqFTr;bc1qyt7dffyfv9hntva6pztap9g2uzxxa3a9j39g93,13292611;30454008
dada2eaf2fcfff61f879deb9113f059c2e80a972c3397c61cee2ce5d558a25e1,bc1qwcr7q9gfhpy4h7a8u0y5vw55nyr554huk9e8rd,6701149,3UbTtmukVM2Myqi7dbNBAvqYQantWBgn6T;bc1qeu6ttqvfguscaeeev84gmky2mvg8z4q3ljxqza,5146667;1526517
8d9c8c0d58bd1b559f92f99205fa1a1dd09d0970a68de2188502a75f0559f9f1,32Lmv39fDn9kjYcXcFnrix22No8YFeeUVz,316072,bc1qt79gs33ypnmu2sgps72a2sj0gu7q680hlke62q;36gt8PX6PzHVyRUK46fQE9sHkC2963SpqU,191006;123786
fb1335ff33dbd60f5af244d503619abe89e7c1051bf95f8278fd3b54150a1152,bc1qjgt7mkwvgjwxrkjasml2u5tmjvsf3xpqxfasmn,252068,1aPqaa9dMvj1bF7Ce1tRqd7moJDBYhdwPr;3HxKEGchKc1h9gV1Cb55SWUWa6udvD9fue,39409;212335
dbb7646447f4a4eeae81bf1609e83788f71a17344669f2088d84fdf2e5156199,1rYuMqHymsBEnrEV37o2RTsky9TM12MXAm;bc1qhe4u9xvek8dfxv8kqnkz3qlman7c0jemx2cnry,3026295;16222066,bc1qgr4ace2q64u8p6j52gyapaesfvat6wu4yldxae;bc1q9hfd9uradnsdgamsx04k2lv2vfumut234kefsl,187103;19012802
027581a2b3b7d8290d319b7c1af00598ef5839142f20152f1444f46d7ad2ab3e,bc1qmwwd7uzvqfdyv8f5rhnhl2kz3tkny27kkj8rc0,102246,bc1qsnk5tdjzlw368a49htrxvzzg8yemqu0an83vce;3rNdDUzTX4evfsTjwSrQbqq2hEqdaAMmmc,61126;40816
f3be6b25fab4299379008e34847a35da8642bca57baf6778d66ddfada3762e3f,bc1q9tr2dh4u4uq70u6xw6tvye2s3xk7zs7yafecax;14VT7c84VHgBrR7gz7gkZGYyZDemzzLhvu,8080173;35911954,bc1quyrsnj8pzhjc9h0t7gd5ehwk256yv92amhxt5n;bc1qgj66dphe0nv04j0wun0jw2s2lzrwtv0m5uyf0v,33022081;10822594
271f97e5210b48c7de1ccbb9b0680c9996801ecb596ab4abda793870c42b20bc,3mB4kJzA72BNKdBWHuz5kvotUeYV5MdANi,11743,bc1qhgjtdjnzh5nwr6veattz8m7w9d3ecpf02ejp23;1smb5XACFwpVGTiqGWLu59nDquPKQkwPDq,3152;8536
a6890349bb5ca8b38e872cfe73ae6b373f8abf8919b87c16a914230c190d9eb6,bc1qly4hn6aca6cye2wvv2ran89jyyhq8kmxh02zn9,9914963,bc1qd2rde52tpl6hqjrcf5nprr7nd3t5za5h72lprg;bc1qcq749x0zhhwpcx7yhrnqpq9w8mqdqj5ths5wg9,7918069;1970286
3cc5fc471a29cfc4358e3f2442aa80d678437e45f79a8cfb19148b29f0a71d3e,bc1qflfakkftk7m4j4ht0c8fy5qf5zpl6l9r3lfx6c,1119013,bc1pym3exh74ag9gjuqeev3a2mschg92fus0t8vf2jyzxryarrywv5u8jxyaza;bc1q7apcufc8e3q9zk7rxa34y59wswxctrhfqa2qhz,122415;992085
fad635b25300b0e2766eaabe435c4a4ac3ee282c24bd91a78c018291f7213679,bc1q02kse0400s6cqfxs3rpa5vk2hwfj5ra8lmgz3l;3GaMggv1RtGEKES3jCJ1575dvAf39Tq5xV,68077326;1907061,bc1q5slsdfzpupdyaweysthxmjh44ny53kdu53uqte;bc1q477s6948eweg679fqrc6velx54w08g0wyv3zns;bc1q63hvndfrs67sve7lma8am8ypr4a92nh8hmuky4,8948102;58538502;2223812
5c63c348fa78412bf5d8f858c06d8ae60d4477175d24f981505d3b0a5a4d43ea,1kgy6HctnvxixGqPN8XMonU7WfUhAjTiSk,462450,1ujkVx7A2qT9NRcMko4AnJDCghbwCvoqrZ;bc1qfhevx8zz42vkh9tahpd6xdf0mgxucx75mnfea7,427542;33881
5cf0a6c2aae017ff5748a7cf34cb2beb7756e536f6f030922c3330d530485ed6,bc1qj4tzekgg9x6lexcd5dnwfj3syky6j0gakp7u6v,127328,bc1qhcnlrtvpenel7k8u7wttaphn6rykj72p20506u;bc1q9dt95aavgexp0ua2elfvjjzsf2z8zhwz7qn6p5,70456;56501
daaac1ceb3bee58ccdacf0213104db60ba98a576cbed8c97c3239565568da22b,1Ydwuhjvu7RSMWu8XSDB5U1Ptt9xnteiRH;3td2kgfYPFw6YjYUppSV5Y89oUtzT6aA1d,560307;24436347,bc1q4fudv45p6uva9ll7ql2779ug6cjjk628gjcqha;bc1q68tggen89kh20mg7rgkj9qke6df3kadazzmva6,24500191;434658
ef4a53efcb92a7e05d057729dd9e642b6b449cf13f5a17c72342cf8c1c509830,bc1qyjn3qa5ppwywmvs0nfz34mrm0n30xzhztl37k7,397776,bc1pvtwecxjj0pleucz0w3sgpe369ksee3wfnryy8w8hxks4yr4kfhh9kz0t06;bc1qncpe2rwhvc4myzvwd3pw8rru4nauqdxvs95r5c,273167;124391
874d7b57e06f859463b45a4456fdcb54245ca4e0568d37218739f89067485ec6,bc1qp9pt7nc42uvvsu2t9jgk7tn8v2ne3d9gyjkduk,723674,bc1qnhr4esxzyzrgk9r8ucrsmtk86p6g423gwdpcgl;bc1pzf4sfnf600tl4w8vepaapgh5h0hca2lavmpucm9gm6z9t7xfwz0pggkxfk,704089;17411
ff15cd9697ec0483e1a62b702cf1ab3f84355e23f0a2d5bb828cd4b162b91bef,bc1q0yen74nf8cgsr5akk6f8y7lv77ffm8hpfqac6q,1508745,bc1qwqpql662xp6m20muntmdw385gzxqrcs0j7npwf;bc1qd8ekhenrjypk6hk2dxcegk3ms2zrqn0fanmhtc,1066734;439925
abef8eb92ebd5f6f1583a1bf2f5853db88501d5ef1f262738b84600e6ae47262,bc1qn3pfzqjwnxmlz95td06z0cr755y8svmhnhh777,3011617,bc1q6wxj34vpt2xspy7mk66aeaw9d5np4dlspsy9ag;3Y83q32eBksDdLFiqfP1tb6EsekZYkUEiQ,1013336;1991842
3e664bef232dd5c51ea011a9ec630553e252b5f72f73869eb1a240dd1c50d802,bc1qjk2frgq4gms4jppxhk6cnwmwlalxx68h8egjsd,7255993,bc1qg45caccmhlutvetghsspwkefd8sw7q6lr8aa2a;bc1qfjwct0uv6vt2pn2dq2xrvf8ed0qvw6jc3nnt5q,394442;6832226
7f090c5029f6284244781b9686d2c7951d7b52d8dffc905dd736789796d593b2,bc1qlsnyw34gdw8mhfq6kpg4rke2fagm44jh49erhs,1296777,bc1pakfjfxgm256z5reud5cdsq8altycug9c54nmjvah2wlkm0c6zftfz96fte;bc1q3eehckg08p5x278rpqc2wdytytjgjm3gmk30jj;bc1qlsts9gqc3mnp6wnswm3jnjfs4zf9f0agmdlj3k,290447;804726;200696
85327a611b5721c337745a90005b8f27f03d6a824fbbcfa6a8ae594c8e33324d,3HD2qXSDaEUSy1ySpcxCP1JukrorrZ6E5r,184814,3qXBNYnqu4J4YKd1mAF6Gj9HyVpZe3n7ov,183940
b736d1c554410ea7dbec7370924eb8be21eb82e78daf09e2cd08a0402726f418,35TWQCsjArSwu4S8UzmX7NZWn3JwQpVA34,112680,bc1qwx695vzc70zw4spw9ckwlrflu0pdp4nh7vtfq5;3DumE62QM7o9FCWmMUTGgN2QJVr16CWDXp,37364;75215
b3844ddbc9924523021fd795e3c3d06ec6809802aac8fe685b8fb9a0ff3c08bf,1wLxFr4kTS3wckBoLAXCp3tkDL6GSC2VkR;1djvbmCtAquW9gY9sUnwStfvsiT8aKQDVf,237568;2504571,bc1phs8lkjhn96x9vq82vrqeyzy9yhrwv2vfwn0puaavl46t0t9f462j0hxknj;38zva2xwFgJqMpXBHXR9PSW7qgiS4XJeS7,237777;2491379
6a9abc4757757d2aaefa809b4c2b49821125cf2c5eca34d0a163dd8d08d93e3f,bc1q3dpzdamctpv37g5vf7ylyxp6mcgmhl35rt7vd9,8095306,bc1qr04s50p7fyqgkancgxl6zfkw0j0p7ua9vszv86;1HAjWa2DxT2s1SXhjjc3r3MTV2FQzVzp9t;bc1qre9dacgfe4suuhswshgpup9cwxkn0eevj6t977,1568721;2578108;3938977
4201711a95d690886f19782b36b59100a254093a90de87ab0fdd8d788f568133,bc1qx5y666764n55n5tn7sjnteukksvx2qlx8p0xfe,6277378,bc1qac34gxmcx36tugxxreef7anzxzh2knqm3c0ng4;1SRFjjLy7zNx997voTdPgi22b3LiCGDixa;bc1py2xll8v0arcl8svgr4kc8p45nmekuq9k2x2z34qr96sn3ans3pv06xmgj7,709575;3895273;1644519
8f7e2efe7251a5f9af0f9efdd0b74481e12703562b97985801475d557d18358d,bc1qlq47lnq90tdzwqq9zvz07tsw4wfzqyz7szlwe0,29447189,3CCg2eqWcGzyuKPicyZpLNjyqT6fgQ3HvD;bc1q6t9agp8y8uxuwnwkfup45lh67m72ygwflldzsk,13289141;16095809
62d5a36f611390687b2005e0d01bb71951146890860b656ce655969c320e7be0,bc1qq8de4dqsa8jxelhrd6z8nn5xcft0huqj0zxjlv;bc1qk8hywn4wg0ln02yaqlkp7s8gmw0ckq0jf2jqqk,3709459;925554,3UkcXUooRJrNVZd1jBmEBvaiDj925KKTNE,4628590
07ca8a1436de1ff5af26316eeda6072e364030b1368dc4590126924e2b896f48,bc1q72n354vxs9ej5swhg5fuclmaywgnewtj68tf37,11484163,1Em17a7rxYrk8xkFFChNuC3pH5zbv3HqjK;bc1qfrtpdcw6vt9yy93amzamk8ej7k62gfytxrq5rd,10676824;784900
8fdd302baa591a9eaa3910c9b3bf5980d737073b2c2ead8f5d7c76dc1f5b55b8,bc1qyyjjxkl8vpy388k6y0u8pm3ezg5stmj0fgrxzw,293500,bc1q4sqfva5utpyar59ltftcq2jf0d96u8lxgpervg;bc1qma6kfs8ghfwy7aqzgevqtr748z4avsuw4g9as6;bc1qu90pnqd325nkf9jkthrrahg648pjsz8vc5dcnt,33757;66846;192145
471b2f779a3c3a106d1bfb970b76a2a227472f9d0c9da49c16ca7f83826689d6,bc1q9h95j3x6y0scfz8adpex4p6v64ucpenefxq0pt;bc1qs87vrnlnk9yq5dp4fc37e604jaj9652pgeqc57,4491188;1667545,bc1qtu5xqnmgzt8n68vcn6updyfn4s5nsl88v2nx0c;bc1qxp9j78gyyuw2c69ng5j60hptte9uzf2yc32grp,2634794;3511857
e04f2c38db9c52dc475dced2f2f1f02e5dd04191757a15e0daa7c99402282eb1,bc1qeywqncp2sp5a4tnt0wjhjme6594pvnsfudgame,5340845,bc1quyc8wsq4gpmd4c2dls5ye03nhpcxl35etnly95;bc1q9lv9ys2na7l40n8z8gugc5xuhazgac02pv6fsy,553097;4773999
ccd427498e0c1ebee3e921c2f3fb13c2b9f536fa51fe6ec35d2c52d45e989911,bc1pet738jeqfq9j52jfcch34jjs0fayne8mgp2vf09u644dphym5l4c9yurld,892788,1YXykZ125dwb2RsoK9JhFyRCiotAPF5j1i;3TtsXPsrcejBpn8EW32fPcybcRcH2yXkJk,766734;125371
02ecd4549e3b94c86c673c4a07c6b5f0569629d281aff89d47cfd450ce1f569d,bc1qlaa76pfagknrtdlh8gvt8lrprrmrrrvxtxjujf;bc1qfquau32g2eu9u7fleesyalhkgdrcx74pdg6dm3,3326115;389106,1BYGaDncB4k8LpBbXrHbZU9GfZwTV25Z6j;1M4n6bnxjV6cwQsxteSjQyFDYqwBYupbYq,2677295;1030579
8c59714b0336d2fef8fecb5579fdc8073f74297a11d655058065a7117308fe40,bc1qrg4rvcmmuq7vrzp2mq437uv3430a5nlvtq9x9k,60592,32Sv9KNc7432BsaQCb4keb1QGYjfmvXx2M;bc1qgeznrp7rp204lp385ypyqafggdwk7yt5lgeqxk,8721;51713
800b6ea12e59b65e6b78d9ee2f65fe660c28814a7e6dfef9362986d2312b10df,bc1quytgne0448xdhutdxcw0wvu9jymwn09wy03fv2,540473,bc1q9x8tx34ftd6yfarsa9snwmasetfkd28tr09649;bc1qz5pr3mgvpg28dzfukaczkuy3l6w7ttww3l9dml,347523;190525
69e9469daa049f06f6f3d04ee3d1e1ee8898e621c0a85193d325e0cc26654891,1JwFGsFN5vV2QanRRtnREnimYCJGbefJkP,270943,1Z1VT1P3R4kCbnyx5C2EqcCGmYRr3cNnMX;bc1qu3s5tk03qwcpdt4anmj7n3ca4jwjd9668r3mxa;bc1qkn3fpkm5gtc0sf2eskh0hjs4wufwh2xqy9ersc,3947;246502;19904
14461525bf6529fd28b2559656c11caff9be83a0ee9d93f93623df160f3768ea,bc1q3ccmhxlsp2n34fc3vmmmdkyl22q7h5gt536y0x,132692327,bc1q3ycr57a3cd0yvkwt56ad9xt5rpejz55u0vuf04;bc1qjyy0wjj6g8tvgv6qaf3fecl0cph9htxggxs9p0,86636015;45478154
18c380beeb8673787acb7794b3a8e17ad1827875ed87181209e3fd93bfda1313,1ci1Zb2iDkkfd6tg96KVVuqcgKghwMbxXj;bc1qwcxgtuff6v8qevujuvhksqgl5hdz72lrl3khn6,398679;1431213,bc1qf2sg9679vqsatzfhnh7uk6sj3cew44lj282l2w;bc1q469cmaxlaenllfn7tweasr0g7hx339sxl2n5sg;bc1qpehjnpvqcqndkt47twqnhayn90wrweknkglny7,28062;642862;1156232
33e95f6d853ebb7415ce1c7ccedc7b75e0ac7401a61dc6b15d59e18d8b504f3c,3BxE2BxcCVg3Z8feFxbyzgazq4U5RKR32y,151404,bc1q4tk5vyvh4eav5qhykyf59kpughsfkg095n3ted;bc1qe8pqegenkrgc283ymy50j3qycrl52ckwz4jyv3,133951;16804
aa4a4f9987e8b2f0d52c134362484532e84e43b4c61be3e2c475e92d80f0d25e,bc1qje84ej7rs76da8cpn2q0mduyp2uma482c67qz7;bc1qlh83zaaxlurcdrju43tyqtup70eshgs4em5hgp,342872;1391811,bc1q50e363q35ygsqg8ts8h4x97d7g9xdd32wcucjk;bc1qv6fsrdaln66mv9urmpcvaz2d9m0uua9j82uf7v,1186698;547438
dd785008aceaeeb5f82c6cc98aa52fc38aca45711db29719cdc5dabc29d1c6c9,bc1qf2j3hewx8zng9xl2c5x2sp2anecr99f7ygm7jv,490940,bc1qup6kdhepyhnamadrs02ffq9t2gzpcm4y6wh4rf;1rJjZ1DjMZvNJdqNX2tBbHc4kZeq1AN6kA,260229;229495
aebde111186eafcbf899e6255809dd4ce5eb6ec473274d8456dd442f05c955b7,bc1qr2ptd7xd3yardnlmtx95vfwy25c2xhvedageln;1i511FRzaggUkVWKWeBrwXmDz2juimoniR;bc1qttjn066kn3nula48n48m2s04tgs25fuzf47mfv,105914;1075061;559508,bc1pdlr5swcps55xlnwzzznvs6zen2cgw2vs47tw8rw4qlefqz3yaqz205vr8t;bc1qxs020w07spy38rm7h2mqh0x4y5qqlgxen2tss3,1357102;375744
43b5cd9080afc308c697fd16711d0abc59c6c6e21e107941238b314c5a51c858,bc1q0wwdv7xrmzvju9dt9ueq9gnt5yq57qwu9y0x6r,38416070,bc1qfknnpc7ecwhyckcrdxnlxpd85m367kkru0nx22;bc1q5g2p9n5p0gglne36zdsc3l7m2k0qwh9wsnv0pk,18550;38396520
3fbd663655e9eb92416f3d8a717485c746448ae4b1c6c566a8d64713a50ed214,1bUAtN3UGDGb2A8L4nuwBbRd7e6f2GPbg4,20257866,bc1qushgezzknhrq5rdg9663348cp9366c4s923x8k,20241894
f40eaa8f7c1dba02a8f116e9418589da2ae177e6dc9b2ba470e536fbff7fc734,bc1qpupv9qjs0xwj0tgns8gmq6ss6w4zpd3ffx0zvy,34957,bc1qtnpj2h0s3045mmukkkeyy8ra4fks4qdpt9dw32;bc1qnsjr9kn93lc4r9z372keytppwagznvz2va2qcg,20545;14246
9fc89e1e017d1448b69e6b8dc03feb647714e9fb8e791d3949f18204436781df,1SHuqjB6EmcchuWwvPVyoaviMBVFQKxGWt,2504232,3TeWqX3hBP8UTnJe8BrsSsGPDRLX3LMY5q;bc1qcrhq2akvcflqlur9gzrnfsasm283xd8ap7m2lu,109300;2388634
3bf1b842da3b0b6fb3ebd62b35a0fdbd23b6b2691accd14c8886fae2da9ea321,3397ogdkWyMUbpE1qDK2Cm8uYRs2CRH6uJ,19422538,bc1qa0mydcha5avljw3zlljg78h5w7ljl6n4z7jnp4;bc1qa07rzzzv6r9kx8cfud5su0dcg7sfut3htjfczt,12355655;7052660
4eb8674bcea16149ddaecf04bf80456800b96181b57ee380e36a5e6a1d65a928,bc1p5ln7280gpyzgn6vc5elyx89p7n0n8qcjs4c936k2hykhxla7ymufn998la;bc1q5k2sypppqffs6en2u6sty4yqnfe599cavhu36e,79862;8310983,bc1qp3uqyeja8652fdsfd6u22mslhl0q9tvpef723h,8388723
26949976501a1b4c52b3228cf4ff5f35fc5d150fc16db9cc282e639b0a9aab14,bc1qtcf509ukkrmp05l9mysnkzem749wsw8ng3078k,310933,bc1qmswxe60xzlml75mtz6jr9lwzlxusser3cg6wfv;3dbDMvDyzx5NYh9d7BTidrucKYqqwcbGgS,4624;305725
71d61c21cbbd22b4c8cd3446ec41e735fb282bfb4305d370a62425aec0475bd3,1yux1N8buYaYh9bDpiAuHePu5TAu9uvPAL,4209562,3HcNWLdKzrQXU8CHnP31KAi1YgXpYNK5ct;3gFvwdv89gc1XYvxykaqGE43mVvWcUV1Kf,2251768;1952298
7a360fb1cf67e2f642e6e4a678262526f885988a0aa1d4f2ee8973a29c86b915,3vPut1DTcng1bpwJJ7hGky2MZtNryPHsbj;bc1qhw02vc6975hk4xfuhcyja7fj2wa9jv2v34neec,1024979;380943,bc1q6mhk4zj65u27gsgsa6p9d8xfcm678m5uajns6k,1400697
aa431204f71c95644e667d56a0a569f3986dabbea1b5e86e6ec2e62204b4b87f,3A4BAHEDTiwvFaGmNKCuct5gRVPmhtYonT,350365,bc1q0t778w0q3z0cxph7hl3k9hjh6xjngdu0795f0t;3GM6g7rVWnbT9JE8y9SrBT9pxREqLs64Y2,277662;71188
cd3307bad15fda2748401267e85187678133f9c7e576647459149d7c51105f2b,1SGWjc7YK2uxqKU252qpGsYfSCC3F5uUs9,3001577,bc1q6pu0tzaztnrfyr64yx09fxsc99aasdh5grcwjc;3L4eKb7JcSrw7ZzMFHs2Rz4zMw6EFDQSJs,892910;2094482
ca58cef4e726b370ebe41238069a9e9080730d43175a38d5afaff68b93646ed4,bc1qlgtjgm0gd7nncdn5r8wq867cvlr4a67cp797mq,79912508,bc1qrtn2fghkkwxjyfcvnfjme84chk577es5l5fhcs;1ojSxi37cXwn5WppvrSRK1XPxNpCduhTCU,38953675;40845989
8f94aa6b11c17965a1928d2564df0447fdddf83da3de9e660eb5c1ba5ec5ef96,37axEaeyegwDXAzhexVSCjvH4Thv9ic3LZ;1Qn8dF4HQwYpX2WYGdgUWR89waRuxkqohB,680325;972486,1fx59MEUqfVWetGtodbQHFXGTwT2pYThxe;bc1quucuey4qkwn3w5z0n92jmsj47ysvcjrcvu82m2;bc1qz073qylzdr0zns2tnt8w8c60j4trfy3w43f2er,540163;126717;981746
5569c2aa66b721d7b09b1e3cdd2272ec86834e9a0b587eca9c0991f01f791e74,bc1q5s6npjd229s9peltj0x4xcavvlwfh7d5hd56lg;bc1qrnhdmufdl885w5tkckah9yrezpzdj5vk5707gs;bc1qdssrngr2lhvqzhn2dp0ufkmhyzdv7f042hkcyc,2170493;746785;529116,1fGPNK1S95dCpTdX54B1hsBhTsiVBzbdbt;3gNQqZpFK8qZYUkvcy7QmPbyGGSeqcfyTK;bc1qdh840qydvykjtvug9895zuy0dpyf0kgecj0nm5,2159007;745539;532372
3afa66ea7d591e90fea39f5d55dbb990ca3c871acb9e65deaa171039aa516ba6,bc1qwm0hhxnjscv3p7yytz97wrhzktw6yjfz7jwty9,45708601,bc1qtudtvvgjtasm9delq3dld4729khdgdh2n2hkxh;1gFFsBoXcBvgutVTHhjaTVHQqiDcNYGfGE,30746322;14915360
df12f113ace50ac88f35ef4f7a646687995cae15e67626394ea028908b93b0eb,12vUjn3HQ6kpmCn5nVCyJBi5uyiV2FhXGb,181366,bc1pmwsqhxhl6c6aednxy52yh3m6568dnykg9lltljr4gmh6ejgjj2k6099ys2,181278
5cd35b27a756baef52653f8de27555149f55637dc23d35c25ec41e167fe705f5,3STLzDjtNSCwmgydhwfKgmuG3ZDQ8RtKqS,2022643,1UjXrpAxZsPS9FnWAfuS6CzvmXcP2B6b4X;bc1ps52uh2p30acrkdys3kemqs0wdmdx9e3jvjvegxktad6ttsp8tw4esg0wjn,1507814;513742
5d71d12ba31871b54665574f802914b211a8c0bcbdff9b78a207e0a00b8773a4,bc1qq5c6e6ed0w69q9vypc39qmzeq03wut0rf49052;1Z6PG2jVquhQ8bCMxqbSQuVQbTTHQBd5zZ;bc1qpldv48d3ne0xxlt23j4jf3mpck2ernaf70wl5k,129360;13174871;364473,bc1p2c9ly35qzyly77eskdgsm20k98mhuugwp3dchy0atrfy9s5uuw0zupmw0v;177gAXsxjHq8QoYXFgsGaFGwDWPdkwgfX5,201941;13421870
4b67501d6d5cd4bd1df3e3726e364ed8c95aed20e251a15bd7222200dde3e393,1ocSAPFdgUSpQUtN9ioV5dtbHC5HZn4TLN,42237,bc1p9wmp6cg9gqj00y2682gw8sz6yrnsufqz8670l6c7u4na68f6tqlqzetu53;bc1q4ml4s2mz0epqumwmx9w6qrl7zz4yz4k0rdkkhd,3079;39141
70b90bf72bf802427b1a3e4f27a25e97babe7a8b10edf3d7f77ad32f4a1b41d6,1LQAZpuXbDuSumKdU7GH5hq8VsuhJCtmCw,1738647,3ZQaZLzD1JfyMQKXWraLXsknDQg6i7jUui;bc1p7pu796us8naj0pd27p4fdra40en5s973gn9etngxxqr5ep8xp5c867mwqv,926150;807446
281226dab96fa3d22af749f9c4fbb96d7195c54d3565360446ae730cbc68075a,1JutPJmv8xxYmcu64psRLcFom11YbSeVS2,519148,bc1qafsjf9t9dymf49hqqc6krcvmf06wf0pdyty4hd;bc1pu3yjmz94gsc23jyyzdujsk74e9k96h9z93cs57p74cynlydtlyhafashcm,90563;426063
